customer_id,signup_date,segment,country,acquisition_channel,is_active
C000000,2024-09-27,Mid-Market,SE,Paid Ads,True
C000001,2023-01-23,Mid-Market,RO,Referral,True
C000002,2024-10-23,SMB,KR,Paid Ads,True
C000003,2023-04-02,Mid-Market,IN,Paid Ads,True
C000004,2024-08-05,SMB,AL,Paid Ads,False
C000005,2024-12-08,SMB,MX,Referral,False
C000006,2023-03-16,SMB,LA,Paid Ads,False
C000007,2023-12-20,SMB,UZ,Partner,True
C000008,2023-02-11,SMB,KN,Organic,True
C000009,2024-06-15,Mid-Market,CR,Paid Ads,True
C000010,2024-07-31,Mid-Market,NA,Referral,False
C000011,2023-04-12,Mid-Market,BR,Organic,True
C000012,2022-07-01,SMB,KZ,Referral,True
C000013,2024-01-06,Enterprise,GW,Organic,True
C000014,2024-11-21,SMB,RS,Partner,False
C000015,2022-08-23,SMB,PE,Organic,False
C000016,2023-11-02,Mid-Market,BZ,Paid Ads,True
C000017,2023-06-14,Mid-Market,CY,Paid Ads,True
C000018,2023-12-06,Enterprise,TM,Partner,True
C000019,2023-08-22,SMB,SN,Organic,True
C000020,2022-11-26,Mid-Market,PK,Organic,True
C000021,2024-10-14,SMB,GH,Paid Ads,False
C000022,2022-02-06,SMB,KP,Referral,True
C000023,2022-11-05,Mid-Market,LY,Paid Ads,True
C000024,2024-01-21,Enterprise,VU,Paid Ads,True
C000025,2023-03-24,SMB,ET,Partner,True
C000026,2024-03-04,Mid-Market,KH,Organic,True
C000027,2022-01-11,SMB,MK,Organic,True
C000028,2022-06-01,SMB,KM,Organic,True
C000029,2023-09-07,Mid-Market,NO,Paid Ads,False
C000030,2023-05-16,Mid-Market,AF,Referral,True
C000031,2022-12-29,SMB,VA,Referral,False
C000032,2024-11-02,SMB,TT,Partner,False
C000033,2023-02-08,SMB,SO,Referral,True
C000034,2023-12-15,Mid-Market,IE,Paid Ads,True
C000035,2023-08-25,SMB,GQ,Paid Ads,True
C000036,2024-10-18,Mid-Market,CR,Partner,True
C000037,2024-02-08,SMB,BB,Referral,False
C000038,2022-03-30,Enterprise,KR,Organic,True
C000039,2022-01-19,SMB,DJ,Partner,True
C000040,2023-05-01,SMB,HU,Partner,False
C000041,2024-01-19,SMB,VN,Referral,True
C000042,2023-02-19,SMB,BA,Organic,False
C000043,2023-09-13,Mid-Market,SC,Partner,True
C000044,2023-03-17,Enterprise,NZ,Partner,True
C000045,2022-09-01,SMB,ET,Referral,True
C000046,2022-11-11,SMB,ID,Paid Ads,True
C000047,2023-04-22,Mid-Market,CV,Paid Ads,True
C000048,2024-04-25,SMB,FJ,Referral,True
C000049,2024-07-29,Mid-Market,MM,Partner,True
C000050,2024-03-17,SMB,RO,Partner,True
C000051,2023-09-19,SMB,AG,Partner,True
C000052,2023-05-30,SMB,ID,Paid Ads,True
C000053,2022-10-20,Mid-Market,SB,Paid Ads,True
C000054,2023-10-11,Mid-Market,LT,Organic,True
C000055,2023-12-10,Mid-Market,VC,Organic,True
C000056,2022-09-24,SMB,FI,Partner,False
C000057,2024-12-04,SMB,MV,Paid Ads,False
C000058,2024-02-21,Enterprise,PL,Organic,False
C000059,2023-04-11,Enterprise,NZ,Referral,True
C000060,2023-09-26,SMB,IQ,Paid Ads,True
C000061,2023-10-14,Enterprise,GQ,Organic,True
C000062,2023-02-23,Mid-Market,LI,Referral,True
C000063,2024-08-11,SMB,IL,Referral,True
C000064,2022-09-30,SMB,TN,Paid Ads,True
C000065,2023-04-04,SMB,EC,Partner,True
C000066,2022-07-26,SMB,GR,Organic,False
C000067,2023-11-17,Enterprise,CH,Organic,True
C000068,2022-01-07,SMB,DZ,Referral,False
C000069,2024-08-11,Enterprise,BZ,Paid Ads,True
C000070,2023-10-02,SMB,PY,Partner,True
C000071,2024-08-11,Mid-Market,CR,Referral,True
C000072,2022-08-13,SMB,BT,Partner,False
C000073,2024-11-10,Enterprise,UG,Referral,True
C000074,2023-02-05,SMB,ZA,Partner,True
C000075,2022-10-05,Enterprise,BT,Referral,True
C000076,2023-08-14,Mid-Market,GM,Partner,True
C000077,2023-09-25,Enterprise,LY,Organic,True
C000078,2023-04-13,SMB,BO,Partner,True
C000079,2024-06-05,SMB,ES,Referral,False
C000080,2023-02-24,SMB,TJ,Paid Ads,True
C000081,2022-12-17,SMB,WS,Referral,True
C000082,2024-07-20,SMB,SO,Paid Ads,True
C000083,2024-03-09,SMB,GQ,Paid Ads,False
C000084,2022-08-13,SMB,CR,Paid Ads,True
C000085,2022-01-02,Enterprise,CM,Paid Ads,True
C000086,2022-09-02,SMB,UA,Organic,True
C000087,2023-01-21,Mid-Market,WS,Referral,True
C000088,2023-06-09,SMB,KG,Partner,True
C000089,2024-06-14,SMB,US,Partner,True
C000090,2023-02-05,Mid-Market,GW,Referral,False
C000091,2022-05-29,SMB,TN,Partner,True
C000092,2022-02-24,SMB,TG,Partner,True
C000093,2023-04-21,SMB,ER,Paid Ads,True
C000094,2023-08-14,Mid-Market,MR,Paid Ads,True
C000095,2022-11-11,SMB,BZ,Organic,True
C000096,2022-11-10,Mid-Market,NE,Paid Ads,True
C000097,2023-01-04,SMB,CM,Referral,True
C000098,2024-11-09,SMB,BY,Referral,False
C000099,2022-03-15,SMB,TZ,Organic,False
C000100,2023-01-18,SMB,MZ,Paid Ads,False
C000101,2022-01-24,SMB,MW,Paid Ads,True
C000102,2022-06-09,SMB,AR,Paid Ads,True
C000103,2023-10-16,Enterprise,HU,Referral,True
C000104,2024-10-05,SMB,YE,Partner,True
C000105,2024-12-03,SMB,IQ,Partner,False
C000106,2023-02-19,Enterprise,AZ,Referral,True
C000107,2023-07-07,SMB,AR,Partner,True
C000108,2024-07-03,SMB,DJ,Partner,False
C000109,2022-02-19,SMB,SR,Partner,False
C000110,2022-04-15,SMB,NP,Organic,True
C000111,2024-06-21,SMB,SC,Paid Ads,False
C000112,2022-04-12,SMB,BD,Paid Ads,True
C000113,2022-11-02,Mid-Market,CA,Paid Ads,True
C000114,2022-03-24,SMB,ME,Partner,True
C000115,2023-10-13,SMB,AL,Referral,True
C000116,2024-09-04,SMB,KE,Paid Ads,True
C000117,2022-10-11,Enterprise,MN,Paid Ads,True
C000118,2023-06-24,SMB,ME,Referral,True
C000119,2023-02-17,SMB,TJ,Referral,True
C000120,2024-05-07,SMB,LU,Paid Ads,True
C000121,2023-03-21,Mid-Market,BW,Partner,True
C000122,2022-03-18,Mid-Market,LI,Organic,True
C000123,2024-01-17,Enterprise,GR,Referral,True
C000124,2022-04-30,Mid-Market,ER,Organic,True
C000125,2023-07-03,SMB,PY,Partner,True
C000126,2023-08-15,SMB,DZ,Organic,True
C000127,2022-06-21,SMB,AR,Paid Ads,True
C000128,2024-06-07,SMB,MW,Paid Ads,False
C000129,2024-06-14,SMB,AE,Referral,True
C000130,2023-03-21,SMB,VE,Referral,True
C000131,2024-01-19,Enterprise,CA,Paid Ads,True
C000132,2024-12-25,Enterprise,EG,Organic,True
C000133,2022-12-09,SMB,GR,Partner,True
C000134,2024-06-07,Mid-Market,BD,Organic,True
C000135,2023-09-14,Mid-Market,CG,Paid Ads,True
C000136,2024-07-31,Mid-Market,AO,Organic,True
C000137,2023-04-02,Enterprise,BW,Paid Ads,True
C000138,2022-07-05,Enterprise,AM,Referral,True
C000139,2023-11-17,SMB,MH,Paid Ads,True
C000140,2023-09-12,Mid-Market,BZ,Referral,True
C000141,2022-06-15,SMB,IT,Referral,True
C000142,2024-03-08,Mid-Market,NG,Referral,True
C000143,2023-11-29,Mid-Market,MR,Organic,True
C000144,2024-03-20,SMB,SZ,Organic,True
C000145,2024-05-06,Enterprise,BD,Paid Ads,False
C000146,2022-05-07,SMB,HU,Partner,True
C000147,2023-06-30,Mid-Market,VE,Paid Ads,True
C000148,2023-10-21,SMB,SV,Referral,False
C000149,2024-02-17,Mid-Market,ZA,Organic,True
C000150,2022-11-16,SMB,DZ,Partner,True
C000151,2022-06-10,SMB,MX,Partner,False
C000152,2023-03-28,SMB,IT,Paid Ads,False
C000153,2022-06-20,SMB,DJ,Referral,True
C000154,2022-02-06,SMB,MX,Organic,True
C000155,2024-06-17,SMB,GM,Referral,False
C000156,2022-06-27,SMB,RU,Paid Ads,True
C000157,2023-10-01,SMB,BI,Paid Ads,True
C000158,2022-04-13,Enterprise,CI,Referral,True
C000159,2022-06-22,Mid-Market,AZ,Paid Ads,True
C000160,2022-10-19,SMB,GQ,Partner,True
C000161,2022-08-15,Enterprise,DO,Referral,True
C000162,2022-11-27,Enterprise,GN,Referral,True
C000163,2024-12-22,Enterprise,PW,Referral,True
C000164,2023-02-19,Enterprise,TM,Paid Ads,True
C000165,2024-03-16,SMB,BS,Organic,True
C000166,2023-04-19,Mid-Market,AL,Partner,True
C000167,2024-08-08,Mid-Market,VU,Referral,True
C000168,2024-03-18,SMB,AD,Paid Ads,False
C000169,2024-04-08,SMB,NZ,Paid Ads,True
C000170,2023-11-12,Enterprise,FJ,Referral,True
C000171,2022-10-06,SMB,MU,Partner,False
C000172,2023-10-14,SMB,PS,Referral,True
C000173,2023-03-17,SMB,NI,Referral,False
C000174,2023-01-05,SMB,MX,Organic,True
C000175,2023-12-08,Enterprise,SZ,Organic,True
C000176,2024-11-05,SMB,MT,Partner,True
C000177,2024-10-09,Mid-Market,AE,Organic,True
C000178,2022-01-06,Enterprise,VN,Paid Ads,True
C000179,2022-08-16,Enterprise,KR,Organic,True
C000180,2022-05-16,SMB,HT,Organic,True
C000181,2022-05-12,SMB,BR,Partner,False
C000182,2024-12-03,SMB,NL,Organic,True
C000183,2024-02-16,SMB,PE,Paid Ads,True
C000184,2023-12-19,SMB,TM,Referral,True
C000185,2022-08-30,SMB,TG,Partner,True
C000186,2023-11-05,SMB,GY,Referral,True
C000187,2023-07-16,SMB,IQ,Paid Ads,True
C000188,2023-06-02,Enterprise,BT,Organic,True
C000189,2023-02-28,Mid-Market,TT,Paid Ads,True
C000190,2022-09-27,Mid-Market,AF,Organic,False
C000191,2023-12-26,SMB,MZ,Partner,True
C000192,2024-10-21,SMB,AM,Organic,True
C000193,2022-03-12,SMB,MR,Referral,True
C000194,2022-04-12,SMB,MG,Partner,True
C000195,2023-12-23,Mid-Market,LK,Referral,True
C000196,2024-03-05,Mid-Market,DM,Organic,True
C000197,2022-05-21,SMB,PK,Paid Ads,True
C000198,2022-10-22,SMB,CZ,Referral,True
C000199,2022-08-21,SMB,UZ,Organic,True
C000200,2024-03-26,SMB,BJ,Partner,True
C000201,2022-09-18,Mid-Market,IQ,Partner,False
C000202,2023-11-16,Mid-Market,KI,Referral,True
C000203,2022-08-14,Mid-Market,LK,Organic,True
C000204,2023-06-12,SMB,GH,Organic,True
C000205,2023-01-19,SMB,AL,Referral,False
C000206,2022-04-01,Mid-Market,PY,Referral,False
C000207,2024-08-05,Mid-Market,GD,Referral,True
C000208,2024-03-12,SMB,PA,Referral,False
C000209,2024-07-13,Enterprise,SM,Paid Ads,True
C000210,2023-09-12,SMB,CI,Referral,True
C000211,2024-01-12,Mid-Market,PL,Partner,True
C000212,2023-06-17,SMB,BR,Referral,True
C000213,2024-08-27,SMB,RO,Paid Ads,False
C000214,2024-09-05,Enterprise,JO,Paid Ads,True
C000215,2024-06-29,Mid-Market,BT,Referral,True
C000216,2024-04-27,SMB,BS,Partner,True
C000217,2022-09-10,SMB,LC,Referral,True
C000218,2023-08-16,Enterprise,KP,Paid Ads,True
C000219,2024-03-22,SMB,GW,Partner,True
C000220,2022-02-19,Mid-Market,CZ,Organic,True
C000221,2024-08-08,Enterprise,DO,Partner,True
C000222,2023-01-12,Mid-Market,BS,Partner,False
C000223,2022-09-12,Mid-Market,ML,Partner,True
C000224,2023-07-10,Enterprise,TV,Partner,True
C000225,2024-07-31,SMB,SC,Referral,False
C000226,2022-06-29,Mid-Market,AT,Organic,True
C000227,2022-02-07,Mid-Market,PS,Partner,True
C000228,2024-08-22,Mid-Market,NZ,Organic,True
C000229,2022-02-03,SMB,SB,Organic,True
C000230,2024-12-07,SMB,TW,Organic,True
C000231,2024-04-02,SMB,TJ,Paid Ads,True
C000232,2022-05-03,SMB,BN,Referral,True
C000233,2022-07-13,SMB,VC,Referral,True
C000234,2023-02-01,Mid-Market,DJ,Paid Ads,True
C000235,2022-10-10,SMB,NA,Organic,True
C000236,2022-02-05,SMB,AD,Partner,True
C000237,2023-03-06,SMB,VA,Partner,False
C000238,2022-08-08,SMB,MC,Paid Ads,True
C000239,2022-08-05,Enterprise,PA,Partner,True
C000240,2022-02-15,SMB,PA,Organic,True
C000241,2023-05-26,SMB,AZ,Partner,True
C000242,2023-05-30,Enterprise,BF,Partner,True
C000243,2024-10-08,SMB,MU,Referral,True
C000244,2024-11-13,SMB,LS,Organic,False
C000245,2024-11-27,SMB,AU,Paid Ads,True
C000246,2022-06-26,SMB,MW,Partner,True
C000247,2024-11-16,Mid-Market,MZ,Partner,True
C000248,2024-01-08,Enterprise,LK,Paid Ads,True
C000249,2024-07-12,Enterprise,PL,Paid Ads,True
C000250,2023-04-20,SMB,BA,Partner,True
C000251,2024-04-14,SMB,AE,Partner,True
C000252,2022-07-08,SMB,SC,Organic,True
C000253,2023-03-13,SMB,CN,Referral,True
C000254,2024-11-25,SMB,GR,Organic,False
C000255,2024-06-23,Mid-Market,CG,Partner,True
C000256,2022-03-23,SMB,DM,Partner,True
C000257,2023-07-21,SMB,CH,Paid Ads,True
C000258,2023-09-23,SMB,MD,Paid Ads,True
C000259,2023-06-24,Enterprise,NI,Organic,True
C000260,2024-07-27,SMB,BS,Paid Ads,True
C000261,2023-09-07,Mid-Market,SY,Paid Ads,True
C000262,2023-02-13,Mid-Market,MV,Referral,False
C000263,2024-07-04,SMB,KH,Paid Ads,True
C000264,2022-09-21,Mid-Market,LU,Referral,True
C000265,2024-07-29,SMB,AR,Paid Ads,True
C000266,2023-06-05,SMB,SY,Referral,True
C000267,2022-07-30,SMB,EG,Organic,True
C000268,2022-04-15,Mid-Market,MC,Referral,True
C000269,2024-11-22,Mid-Market,GN,Paid Ads,True
C000270,2023-07-31,Mid-Market,SZ,Referral,True
C000271,2022-03-08,Enterprise,MT,Paid Ads,True
C000272,2024-10-17,SMB,HN,Organic,True
C000273,2024-12-23,SMB,PG,Partner,True
C000274,2022-04-29,SMB,NZ,Referral,True
C000275,2024-06-18,SMB,LC,Referral,True
C000276,2023-10-14,SMB,PY,Organic,True
C000277,2024-02-25,Enterprise,RU,Paid Ads,True
C000278,2024-06-05,Mid-Market,IS,Paid Ads,True
C000279,2022-07-06,SMB,NE,Partner,True
C000280,2024-07-10,Mid-Market,BZ,Paid Ads,True
C000281,2024-11-13,SMB,NL,Organic,True
C000282,2023-08-25,SMB,ET,Partner,True
C000283,2023-06-29,Mid-Market,BF,Paid Ads,False
C000284,2023-01-11,SMB,IE,Organic,True
C000285,2024-05-26,Mid-Market,EC,Partner,False
C000286,2023-09-25,Mid-Market,VC,Partner,True
C000287,2023-12-08,SMB,IN,Organic,True
C000288,2024-09-14,Mid-Market,MK,Partner,True
C000289,2024-11-25,SMB,AZ,Organic,True
C000290,2023-06-13,SMB,MR,Referral,False
C000291,2022-08-03,Mid-Market,CR,Paid Ads,False
C000292,2022-03-14,SMB,BF,Partner,True
C000293,2022-02-12,SMB,MC,Partner,True
C000294,2022-08-30,SMB,PA,Partner,False
C000295,2024-04-01,SMB,LV,Partner,True
C000296,2023-06-06,Enterprise,TJ,Referral,True
C000297,2022-05-06,SMB,KZ,Organic,False
C000298,2023-10-02,Mid-Market,US,Organic,True
C000299,2024-02-02,SMB,IR,Organic,False
C000300,2022-06-25,SMB,IS,Referral,False
C000301,2022-01-06,SMB,TH,Partner,True
C000302,2024-12-06,SMB,UG,Referral,True
C000303,2023-02-15,Mid-Market,GB,Partner,True
C000304,2022-02-17,SMB,MU,Paid Ads,True
C000305,2023-06-23,SMB,DO,Referral,True
C000306,2023-11-27,SMB,MG,Referral,True
C000307,2022-03-21,SMB,UG,Organic,True
C000308,2024-04-01,SMB,MR,Organic,True
C000309,2022-01-22,SMB,KN,Organic,True
C000310,2023-03-20,SMB,SO,Partner,True
C000311,2023-07-04,SMB,BT,Organic,False
C000312,2023-07-11,SMB,LA,Referral,False
C000313,2024-03-25,SMB,TD,Referral,True
C000314,2022-01-24,SMB,DZ,Partner,True
C000315,2024-05-06,SMB,FR,Organic,True
C000316,2024-03-11,Enterprise,BD,Referral,True
C000317,2024-06-10,SMB,TM,Organic,False
C000318,2022-07-19,SMB,SM,Paid Ads,False
C000319,2024-06-02,Mid-Market,DJ,Referral,True
C000320,2022-06-08,SMB,VC,Paid Ads,True
C000321,2023-05-19,SMB,BZ,Referral,True
C000322,2022-02-19,Mid-Market,PW,Partner,True
C000323,2024-11-20,SMB,BT,Paid Ads,True
C000324,2022-04-21,SMB,MW,Partner,True
C000325,2024-04-22,SMB,CY,Organic,True
C000326,2023-04-26,SMB,TJ,Paid Ads,True
C000327,2023-04-10,SMB,LK,Partner,True
C000328,2023-04-16,SMB,GB,Paid Ads,True
C000329,2023-08-24,SMB,CL,Paid Ads,False
C000330,2024-06-24,SMB,CR,Paid Ads,True
C000331,2024-02-02,SMB,BZ,Organic,True
C000332,2022-08-03,SMB,IS,Referral,False
C000333,2022-01-15,SMB,ER,Partner,False
C000334,2023-08-06,Mid-Market,JP,Referral,False
C000335,2023-02-13,Mid-Market,NA,Partner,False
C000336,2023-09-01,SMB,SB,Partner,True
C000337,2024-03-27,SMB,KI,Partner,True
C000338,2024-06-10,SMB,SK,Paid Ads,True
C000339,2023-08-06,Mid-Market,LS,Paid Ads,False
C000340,2023-07-20,Enterprise,KH,Referral,True
C000341,2023-11-21,Mid-Market,PW,Organic,True
C000342,2023-10-14,Mid-Market,AO,Referral,True
C000343,2022-10-30,SMB,PH,Paid Ads,True
C000344,2022-11-02,SMB,DZ,Partner,True
C000345,2023-06-23,SMB,BN,Partner,True
C000346,2022-04-18,SMB,CI,Referral,True
C000347,2024-12-09,SMB,PS,Organic,False
C000348,2023-02-15,Mid-Market,TR,Partner,True
C000349,2024-05-30,SMB,SB,Referral,True
C000350,2022-10-13,Enterprise,CN,Referral,True
C000351,2024-04-07,SMB,GE,Referral,True
C000352,2022-11-13,Mid-Market,CD,Organic,True
C000353,2022-01-05,Mid-Market,KP,Paid Ads,True
C000354,2022-04-19,SMB,BT,Organic,False
C000355,2023-05-15,SMB,EC,Organic,True
C000356,2023-02-20,SMB,TL,Partner,False
C000357,2022-01-18,Mid-Market,LC,Partner,True
C000358,2022-09-13,Enterprise,MV,Partner,True
C000359,2024-12-20,SMB,GN,Paid Ads,True
C000360,2024-01-20,Enterprise,CL,Organic,True
C000361,2023-02-01,Mid-Market,SB,Paid Ads,True
C000362,2022-04-04,SMB,SV,Paid Ads,True
C000363,2024-05-30,Enterprise,TW,Organic,True
C000364,2022-10-13,SMB,SG,Referral,True
C000365,2024-12-29,SMB,DJ,Partner,True
C000366,2024-04-06,Enterprise,IL,Referral,True
C000367,2022-03-17,Enterprise,DZ,Partner,True
C000368,2024-12-01,Mid-Market,MW,Partner,True
C000369,2024-04-09,Enterprise,AZ,Partner,False
C000370,2024-12-11,SMB,RW,Organic,False
C000371,2023-12-04,SMB,AR,Paid Ads,False
C000372,2023-03-17,Enterprise,PK,Organic,True
C000373,2023-06-15,SMB,GE,Partner,True
C000374,2022-01-25,SMB,IN,Partner,False
C000375,2024-05-25,Mid-Market,LU,Paid Ads,True
C000376,2023-09-09,SMB,MU,Organic,True
C000377,2023-08-29,SMB,GY,Paid Ads,False
C000378,2023-06-30,Enterprise,VC,Partner,True
C000379,2023-02-18,Enterprise,UZ,Paid Ads,True
C000380,2022-04-18,Mid-Market,MZ,Partner,False
C000381,2022-03-30,SMB,WS,Referral,True
C000382,2023-01-03,SMB,BH,Partner,True
C000383,2023-09-25,Mid-Market,SI,Paid Ads,True
C000384,2024-08-08,SMB,CD,Referral,True
C000385,2023-09-08,Enterprise,GM,Partner,True
C000386,2023-06-21,Enterprise,SG,Partner,True
C000387,2022-03-27,SMB,VN,Referral,False
C000388,2022-03-19,Mid-Market,VA,Organic,True
C000389,2023-10-22,SMB,UY,Partner,True
C000390,2024-11-27,SMB,FR,Paid Ads,True
C000391,2022-08-07,SMB,GH,Paid Ads,True
C000392,2024-02-12,Mid-Market,AM,Referral,True
C000393,2024-12-15,SMB,TL,Organic,True
C000394,2024-06-11,SMB,LI,Organic,True
C000395,2024-08-27,SMB,VC,Partner,True
C000396,2023-12-22,Enterprise,TV,Referral,True
C000397,2024-01-18,SMB,CF,Referral,True
C000398,2022-11-03,SMB,OM,Referral,True
C000399,2022-04-23,Enterprise,DJ,Organic,True
C000400,2024-02-22,Mid-Market,NP,Partner,False
C000401,2022-12-31,SMB,MW,Organic,True
C000402,2023-03-06,Mid-Market,NA,Organic,True
C000403,2023-03-27,Mid-Market,PK,Partner,True
C000404,2022-06-21,Enterprise,AG,Partner,True
C000405,2024-06-10,SMB,ER,Organic,True
C000406,2023-08-05,SMB,GN,Partner,True
C000407,2024-02-01,SMB,AR,Organic,False
C000408,2024-05-17,Enterprise,MV,Referral,True
C000409,2022-11-01,SMB,SR,Referral,False
C000410,2022-09-02,Enterprise,TM,Partner,True
C000411,2024-01-21,SMB,DO,Partner,True
C000412,2023-01-17,Mid-Market,LI,Partner,True
C000413,2023-08-08,SMB,MN,Referral,True
C000414,2022-05-19,SMB,MT,Paid Ads,True
C000415,2024-02-07,SMB,NA,Organic,True
C000416,2022-12-24,Enterprise,NE,Partner,True
C000417,2024-02-07,SMB,BH,Partner,True
C000418,2022-03-07,SMB,AL,Referral,True
C000419,2024-06-20,SMB,GM,Referral,True
C000420,2022-05-18,SMB,PY,Organic,True
C000421,2024-08-30,SMB,NA,Partner,True
C000422,2024-09-08,Mid-Market,CA,Organic,False
C000423,2023-06-11,Enterprise,TV,Partner,True
C000424,2023-11-30,Enterprise,BI,Partner,False
C000425,2023-11-21,Enterprise,VA,Paid Ads,True
C000426,2024-03-13,Mid-Market,LY,Referral,True
C000427,2022-04-27,Mid-Market,TR,Organic,True
C000428,2022-02-16,Enterprise,VC,Paid Ads,True
C000429,2022-03-04,SMB,SB,Paid Ads,False
C000430,2023-10-25,Mid-Market,CY,Paid Ads,False
C000431,2023-02-25,SMB,TW,Organic,True
C000432,2022-06-29,Enterprise,BR,Paid Ads,True
C000433,2022-08-31,SMB,NR,Paid Ads,False
C000434,2022-01-07,SMB,PK,Organic,False
C000435,2023-06-20,SMB,GE,Referral,True
C000436,2023-05-29,SMB,UY,Referral,False
C000437,2024-02-08,SMB,GY,Paid Ads,True
C000438,2024-09-06,Mid-Market,MZ,Partner,True
C000439,2022-10-26,Mid-Market,BW,Referral,False
C000440,2024-09-11,SMB,VE,Referral,False
C000441,2022-05-02,SMB,SB,Organic,True
C000442,2024-02-16,SMB,CV,Paid Ads,True
C000443,2022-11-05,Enterprise,TL,Partner,True
C000444,2024-04-22,Enterprise,TG,Referral,True
C000445,2023-06-27,SMB,CM,Organic,True
C000446,2022-07-16,Enterprise,TR,Organic,True
C000447,2024-10-31,Mid-Market,MW,Partner,True
C000448,2022-03-06,Mid-Market,SA,Partner,True
C000449,2024-12-05,Mid-Market,CN,Referral,False
C000450,2023-02-14,Enterprise,MG,Partner,True
C000451,2022-10-11,SMB,CU,Partner,True
C000452,2022-05-20,SMB,MD,Organic,True
C000453,2024-11-22,Enterprise,FM,Organic,True
C000454,2024-07-27,SMB,LA,Partner,False
C000455,2022-08-25,SMB,CH,Paid Ads,True
C000456,2023-05-25,Enterprise,BT,Partner,False
C000457,2022-05-16,Mid-Market,IQ,Organic,True
C000458,2022-11-13,Mid-Market,PW,Referral,False
C000459,2022-02-06,Mid-Market,DM,Organic,False
C000460,2023-10-28,SMB,ST,Referral,False
C000461,2024-12-25,Mid-Market,TW,Referral,True
C000462,2024-09-18,Mid-Market,KE,Paid Ads,True
C000463,2024-01-03,SMB,BW,Partner,True
C000464,2023-12-05,SMB,GT,Organic,True
C000465,2024-01-22,Mid-Market,AZ,Paid Ads,True
C000466,2024-04-11,Enterprise,ME,Organic,True
C000467,2023-07-03,Mid-Market,GH,Referral,True
C000468,2022-05-16,SMB,GY,Organic,False
C000469,2023-07-18,SMB,LK,Organic,True
C000470,2022-03-27,Mid-Market,MX,Organic,False
C000471,2024-02-01,Enterprise,ZA,Partner,True
C000472,2023-04-26,Enterprise,NE,Organic,False
C000473,2023-11-04,Mid-Market,YE,Organic,True
C000474,2022-03-18,Mid-Market,GW,Partner,True
C000475,2022-07-19,Enterprise,UG,Referral,True
C000476,2022-02-23,Mid-Market,UA,Referral,False
C000477,2022-01-20,Enterprise,PG,Partner,True
C000478,2023-03-01,Enterprise,BW,Organic,True
C000479,2022-02-17,SMB,MH,Partner,True
C000480,2022-01-23,SMB,VA,Paid Ads,True
C000481,2024-10-16,SMB,KR,Organic,True
C000482,2022-09-23,SMB,CU,Organic,True
C000483,2023-05-04,SMB,KI,Referral,True
C000484,2023-10-08,SMB,ZM,Organic,True
C000485,2023-04-20,Enterprise,FJ,Referral,True
C000486,2024-05-13,Mid-Market,NZ,Partner,False
C000487,2024-01-31,Enterprise,HN,Organic,True
C000488,2023-06-16,Mid-Market,TG,Paid Ads,True
C000489,2022-07-23,SMB,CL,Paid Ads,True
C000490,2023-06-07,SMB,CG,Partner,True
C000491,2024-02-08,SMB,SG,Referral,True
C000492,2023-12-09,Enterprise,LV,Referral,True
C000493,2023-11-30,SMB,MZ,Organic,False
C000494,2023-05-18,Mid-Market,FJ,Partner,True
C000495,2024-09-07,SMB,TW,Referral,True
C000496,2024-02-22,Enterprise,MC,Paid Ads,True
C000497,2022-10-12,Mid-Market,EC,Partner,False
C000498,2024-08-04,Enterprise,IQ,Organic,True
C000499,2022-08-16,SMB,EG,Organic,True
C000500,2023-10-21,SMB,SC,Partner,True
C000501,2022-05-11,Enterprise,MR,Organic,True
C000502,2022-08-28,SMB,HN,Organic,True
C000503,2022-04-12,SMB,NO,Organic,True
C000504,2022-07-08,SMB,TL,Organic,True
C000505,2022-11-20,SMB,GD,Paid Ads,False
C000506,2023-02-22,Enterprise,CR,Partner,True
C000507,2023-04-23,SMB,OM,Referral,True
C000508,2023-12-18,Mid-Market,TV,Paid Ads,True
C000509,2022-07-29,SMB,CF,Organic,True
C000510,2022-12-05,SMB,SB,Referral,True
C000511,2023-02-21,Mid-Market,EG,Referral,True
C000512,2022-11-02,SMB,CY,Referral,True
C000513,2022-11-23,SMB,KI,Referral,True
C000514,2023-05-09,SMB,KN,Referral,False
C000515,2024-10-12,Mid-Market,AO,Paid Ads,False
C000516,2022-06-26,SMB,DO,Referral,True
C000517,2023-04-29,Enterprise,BE,Organic,True
C000518,2023-04-20,Mid-Market,BA,Paid Ads,True
C000519,2023-06-28,Mid-Market,ER,Paid Ads,True
C000520,2022-03-10,SMB,PK,Organic,True
C000521,2022-12-31,Mid-Market,EG,Referral,True
C000522,2024-06-16,SMB,US,Paid Ads,True
C000523,2024-05-13,SMB,KZ,Paid Ads,True
C000524,2024-05-21,SMB,GW,Partner,True
C000525,2023-12-06,SMB,GD,Paid Ads,True
C000526,2022-05-16,SMB,LK,Organic,True
C000527,2022-02-24,SMB,IT,Paid Ads,True
C000528,2024-04-16,SMB,JP,Referral,False
C000529,2023-06-02,Enterprise,NE,Paid Ads,True
C000530,2024-12-04,Mid-Market,MR,Organic,True
C000531,2024-08-11,SMB,ST,Paid Ads,True
C000532,2022-02-25,SMB,PK,Partner,True
C000533,2024-04-20,Mid-Market,BJ,Partner,True
C000534,2022-08-25,Mid-Market,KZ,Partner,True
C000535,2024-02-22,Mid-Market,CG,Partner,True
C000536,2023-01-24,SMB,IQ,Paid Ads,True
C000537,2022-01-13,SMB,BW,Referral,False
C000538,2022-09-26,SMB,DJ,Organic,True
C000539,2024-03-09,Mid-Market,MC,Organic,False
C000540,2023-11-07,SMB,ZW,Organic,True
C000541,2023-01-21,SMB,KM,Partner,True
C000542,2022-11-15,SMB,UY,Paid Ads,False
C000543,2023-08-20,Enterprise,BW,Referral,True
C000544,2022-09-20,SMB,CA,Referral,True
C000545,2023-12-03,SMB,SM,Partner,True
C000546,2022-08-27,SMB,IR,Paid Ads,False
C000547,2023-06-16,SMB,BO,Organic,True
C000548,2022-01-08,Mid-Market,KR,Organic,True
C000549,2024-08-06,Enterprise,LA,Partner,True
C000550,2022-01-10,SMB,EE,Paid Ads,True
C000551,2022-09-26,SMB,MU,Paid Ads,True
C000552,2023-09-13,Mid-Market,FI,Organic,True
C000553,2022-02-26,Mid-Market,BW,Paid Ads,True
C000554,2024-10-15,SMB,SD,Organic,True
C000555,2023-08-13,Mid-Market,MW,Partner,True
C000556,2022-01-05,SMB,GH,Partner,False
C000557,2024-05-25,Enterprise,QA,Paid Ads,False
C000558,2022-07-26,Enterprise,SO,Organic,True
C000559,2024-10-25,SMB,MH,Referral,True
C000560,2024-06-28,SMB,TL,Partner,True
C000561,2024-06-18,SMB,SA,Paid Ads,False
C000562,2023-05-26,SMB,TW,Organic,False
C000563,2024-02-29,SMB,PS,Organic,False
C000564,2022-11-19,SMB,BR,Partner,True
C000565,2024-04-09,Mid-Market,IL,Paid Ads,True
C000566,2024-05-14,Mid-Market,AF,Organic,True
C000567,2024-01-06,SMB,AG,Organic,True
C000568,2023-04-20,Mid-Market,BH,Organic,True
C000569,2024-09-15,Enterprise,MT,Organic,True
C000570,2024-12-01,SMB,SK,Referral,True
C000571,2024-04-22,SMB,SV,Partner,True
C000572,2023-04-06,SMB,LK,Paid Ads,True
C000573,2024-08-13,SMB,ZW,Referral,True
C000574,2024-10-24,SMB,IS,Partner,True
C000575,2022-08-27,SMB,RO,Organic,True
C000576,2024-12-16,SMB,NP,Organic,False
C000577,2023-04-26,Mid-Market,JP,Paid Ads,True
C000578,2022-09-06,Enterprise,TN,Referral,True
C000579,2024-11-07,SMB,TH,Paid Ads,True
C000580,2024-11-01,Mid-Market,SC,Organic,True
C000581,2022-06-26,SMB,IE,Partner,True
C000582,2022-06-19,SMB,IE,Partner,True
C000583,2023-08-03,SMB,ID,Referral,True
C000584,2024-08-18,Mid-Market,NI,Paid Ads,True
C000585,2023-06-28,SMB,GT,Paid Ads,False
C000586,2023-12-29,SMB,MZ,Partner,False
C000587,2024-10-06,SMB,SC,Organic,False
C000588,2023-05-06,SMB,IN,Partner,False
C000589,2022-10-11,Enterprise,WS,Paid Ads,True
C000590,2024-03-04,SMB,CG,Organic,False
C000591,2023-09-07,Enterprise,NE,Referral,True
C000592,2022-10-08,Mid-Market,AD,Organic,True
C000593,2022-04-05,SMB,SD,Paid Ads,True
C000594,2022-03-15,SMB,PW,Partner,True
C000595,2023-10-13,SMB,TO,Partner,True
C000596,2024-12-03,SMB,AE,Referral,True
C000597,2022-07-10,SMB,TM,Organic,False
C000598,2022-09-02,SMB,GM,Paid Ads,False
C000599,2022-05-08,SMB,KW,Partner,False
C000600,2022-07-20,Enterprise,SK,Organic,True
C000601,2022-11-06,SMB,DE,Partner,True
C000602,2024-08-20,Mid-Market,PT,Partner,True
C000603,2023-01-28,SMB,CA,Partner,False
C000604,2024-03-10,SMB,TZ,Organic,False
C000605,2023-11-29,SMB,LK,Partner,True
C000606,2023-06-21,Mid-Market,DM,Organic,True
C000607,2022-07-24,SMB,CH,Paid Ads,True
C000608,2022-11-25,SMB,RU,Partner,True
C000609,2022-01-29,SMB,MZ,Partner,True
C000610,2023-11-24,Enterprise,GT,Organic,False
C000611,2022-08-19,SMB,NL,Referral,True
C000612,2024-11-12,SMB,NE,Paid Ads,True
C000613,2023-11-19,SMB,ST,Referral,False
C000614,2024-03-28,Enterprise,BT,Organic,True
C000615,2022-05-27,SMB,AM,Referral,True
C000616,2022-07-03,SMB,LA,Referral,False
C000617,2022-01-13,SMB,CG,Referral,True
C000618,2024-11-16,Mid-Market,BG,Paid Ads,True
C000619,2022-03-16,SMB,ES,Partner,True
C000620,2024-11-12,SMB,KN,Partner,False
C000621,2024-10-26,Mid-Market,SZ,Organic,True
C000622,2024-05-18,Enterprise,GW,Organic,True
C000623,2024-09-02,SMB,LT,Paid Ads,True
C000624,2024-12-22,SMB,VA,Organic,True
C000625,2023-08-10,Mid-Market,ET,Paid Ads,True
C000626,2022-08-28,SMB,KZ,Paid Ads,True
C000627,2022-05-19,SMB,MZ,Partner,True
C000628,2022-08-21,SMB,HN,Organic,False
C000629,2023-09-02,Mid-Market,BG,Paid Ads,True
C000630,2024-01-18,Mid-Market,LT,Paid Ads,True
C000631,2023-07-10,Mid-Market,DE,Partner,True
C000632,2022-04-27,SMB,PH,Paid Ads,True
C000633,2023-08-29,SMB,TJ,Referral,True
C000634,2022-02-05,SMB,JO,Partner,False
C000635,2024-07-12,SMB,BW,Paid Ads,True
C000636,2023-05-17,SMB,TZ,Organic,True
C000637,2023-01-29,Enterprise,PE,Paid Ads,True
C000638,2022-04-02,SMB,TH,Referral,True
C000639,2022-11-17,SMB,LR,Partner,True
C000640,2022-06-24,Enterprise,YE,Referral,False
C000641,2023-01-27,SMB,SV,Organic,True
C000642,2023-11-01,SMB,PL,Organic,False
C000643,2022-08-06,Mid-Market,BS,Paid Ads,True
C000644,2024-02-06,Mid-Market,AT,Organic,False
C000645,2024-07-06,SMB,BZ,Paid Ads,True
C000646,2023-01-25,SMB,ES,Partner,True
C000647,2024-06-11,SMB,FI,Referral,True
C000648,2024-02-25,SMB,SC,Referral,True
C000649,2023-08-25,Enterprise,GT,Organic,True
C000650,2022-03-29,Enterprise,IS,Partner,True
C000651,2022-03-01,SMB,BA,Paid Ads,True
C000652,2024-05-22,SMB,CI,Partner,True
C000653,2024-09-02,Mid-Market,ME,Organic,True
C000654,2024-06-08,Mid-Market,SE,Paid Ads,True
C000655,2024-03-06,Mid-Market,KG,Partner,False
C000656,2023-01-31,SMB,LK,Paid Ads,True
C000657,2024-04-22,SMB,LV,Referral,True
C000658,2022-09-15,Enterprise,IN,Organic,True
C000659,2023-10-17,Enterprise,IE,Partner,True
C000660,2023-02-24,SMB,ES,Referral,True
C000661,2024-09-28,SMB,CA,Organic,True
C000662,2024-05-03,Mid-Market,JO,Paid Ads,True
C000663,2023-06-17,SMB,ML,Paid Ads,False
C000664,2024-04-26,Mid-Market,MT,Referral,False
C000665,2024-11-25,SMB,ES,Referral,False
C000666,2022-09-21,SMB,BW,Referral,False
C000667,2023-08-11,Mid-Market,MC,Paid Ads,True
C000668,2023-11-29,SMB,MU,Referral,False
C000669,2024-05-24,Enterprise,GY,Organic,True
C000670,2023-04-05,Mid-Market,JO,Partner,True
C000671,2023-01-14,SMB,DJ,Referral,True
C000672,2023-02-19,SMB,CN,Partner,False
C000673,2024-04-03,Enterprise,MU,Referral,True
C000674,2024-12-20,SMB,JP,Partner,True
C000675,2024-08-15,SMB,ZW,Organic,True
C000676,2022-08-31,Mid-Market,ES,Partner,False
C000677,2023-03-11,Enterprise,HR,Referral,True
C000678,2023-12-21,Mid-Market,LU,Referral,True
C000679,2024-10-25,Enterprise,TH,Paid Ads,True
C000680,2023-09-04,Mid-Market,GW,Organic,True
C000681,2023-05-04,SMB,LU,Paid Ads,True
C000682,2024-06-10,Mid-Market,GH,Paid Ads,True
C000683,2024-01-12,SMB,UA,Referral,True
C000684,2023-03-28,SMB,CN,Referral,True
C000685,2024-06-18,Mid-Market,AR,Paid Ads,True
C000686,2023-07-14,Enterprise,CA,Referral,True
C000687,2022-09-10,Mid-Market,GQ,Organic,True
C000688,2022-12-06,Enterprise,SI,Partner,True
C000689,2023-06-18,SMB,CL,Organic,False
C000690,2022-04-08,SMB,TO,Paid Ads,True
C000691,2024-04-17,SMB,LK,Paid Ads,True
C000692,2024-05-03,SMB,KE,Paid Ads,True
C000693,2024-10-21,Mid-Market,PT,Organic,True
C000694,2022-07-24,Mid-Market,GH,Referral,False
C000695,2024-09-10,SMB,GE,Partner,True
C000696,2024-11-09,Mid-Market,GA,Referral,True
C000697,2024-10-01,Mid-Market,EC,Partner,True
C000698,2022-01-08,SMB,US,Paid Ads,False
C000699,2024-11-17,Enterprise,PY,Paid Ads,True
C000700,2023-04-26,SMB,ME,Referral,True
C000701,2024-07-11,SMB,CF,Partner,False
C000702,2024-04-12,SMB,CF,Organic,True
C000703,2024-12-28,SMB,PY,Paid Ads,False
C000704,2023-02-12,SMB,BH,Partner,False
C000705,2023-11-01,Mid-Market,TM,Partner,True
C000706,2024-10-22,SMB,HN,Partner,True
C000707,2023-08-15,SMB,NR,Paid Ads,True
C000708,2022-11-07,Mid-Market,SY,Referral,True
C000709,2023-05-07,Mid-Market,VC,Organic,True
C000710,2022-05-20,SMB,NA,Organic,True
C000711,2022-09-24,SMB,GA,Partner,True
C000712,2022-10-16,SMB,CH,Paid Ads,True
C000713,2024-10-21,SMB,MK,Organic,True
C000714,2022-11-08,SMB,FR,Paid Ads,True
C000715,2023-01-25,SMB,WS,Partner,True
C000716,2023-02-21,SMB,BH,Partner,True
C000717,2022-06-01,Enterprise,OM,Organic,True
C000718,2022-04-21,Mid-Market,SO,Organic,False
C000719,2022-04-01,Mid-Market,BY,Organic,True
C000720,2024-01-19,SMB,EG,Paid Ads,True
C000721,2022-03-18,Mid-Market,SN,Organic,True
C000722,2022-11-13,SMB,RO,Organic,False
C000723,2023-02-19,SMB,BD,Referral,True
C000724,2023-11-18,Mid-Market,AL,Partner,True
C000725,2024-11-30,Enterprise,SM,Partner,True
C000726,2024-03-17,Mid-Market,NL,Referral,False
C000727,2022-08-20,SMB,CD,Partner,True
C000728,2023-01-19,SMB,DO,Referral,False
C000729,2022-07-23,SMB,KR,Referral,False
C000730,2023-08-16,Enterprise,PG,Organic,True
C000731,2023-02-27,Enterprise,ES,Partner,True
C000732,2023-01-07,Enterprise,MC,Partner,True
C000733,2024-09-08,SMB,OM,Referral,True
C000734,2024-02-12,SMB,EE,Paid Ads,True
C000735,2022-12-27,Enterprise,MN,Organic,True
C000736,2024-10-27,SMB,BJ,Organic,True
C000737,2024-11-03,SMB,SR,Partner,True
C000738,2022-08-28,Mid-Market,KH,Partner,True
C000739,2022-05-06,SMB,AL,Referral,True
C000740,2022-03-03,SMB,SG,Partner,True
C000741,2022-01-05,SMB,JP,Organic,True
C000742,2023-05-25,Mid-Market,CI,Partner,True
C000743,2023-07-07,SMB,TN,Referral,True
C000744,2022-12-02,SMB,SN,Organic,False
C000745,2024-01-17,SMB,AR,Organic,True
C000746,2022-06-18,Mid-Market,KN,Organic,True
C000747,2022-10-11,SMB,DJ,Partner,True
C000748,2022-12-17,SMB,GA,Partner,True
C000749,2024-08-13,SMB,GM,Paid Ads,True
C000750,2023-12-07,Mid-Market,KR,Organic,False
C000751,2024-03-01,Mid-Market,CN,Partner,True
C000752,2022-08-26,SMB,UZ,Paid Ads,True
C000753,2022-03-05,SMB,MA,Partner,True
C000754,2024-01-25,SMB,MR,Referral,False
C000755,2024-09-30,Enterprise,LV,Referral,True
C000756,2022-03-19,Mid-Market,NE,Partner,True
C000757,2023-08-05,SMB,CR,Paid Ads,True
C000758,2022-12-17,SMB,SM,Organic,True
C000759,2023-12-07,SMB,JM,Paid Ads,True
C000760,2024-02-07,Mid-Market,FJ,Partner,True
C000761,2024-01-15,Enterprise,NP,Organic,True
C000762,2022-06-03,SMB,CU,Paid Ads,False
C000763,2024-04-04,SMB,BY,Organic,True
C000764,2023-10-05,SMB,AT,Organic,False
C000765,2022-07-30,SMB,CY,Paid Ads,True
C000766,2023-03-21,SMB,CM,Referral,True
C000767,2024-04-12,SMB,EE,Partner,True
C000768,2023-07-01,Enterprise,CD,Paid Ads,True
C000769,2024-02-28,SMB,BF,Organic,True
C000770,2024-01-12,Mid-Market,CH,Referral,False
C000771,2022-07-16,Enterprise,MD,Organic,True
C000772,2022-11-02,Mid-Market,GA,Partner,False
C000773,2022-07-24,SMB,MT,Referral,True
C000774,2023-08-08,Enterprise,GR,Partner,True
C000775,2022-08-18,SMB,UG,Partner,False
C000776,2022-01-17,Enterprise,TD,Organic,True
C000777,2022-08-29,Mid-Market,HT,Paid Ads,True
C000778,2024-03-15,SMB,QA,Organic,True
C000779,2024-11-19,Enterprise,MD,Referral,True
C000780,2024-10-03,Mid-Market,TG,Referral,True
C000781,2022-09-22,Mid-Market,AE,Referral,True
C000782,2022-12-26,SMB,MD,Referral,True
C000783,2024-03-19,Mid-Market,UZ,Referral,True
C000784,2024-07-27,Mid-Market,UY,Paid Ads,True
C000785,2022-03-03,SMB,MA,Organic,True
C000786,2024-06-06,SMB,MR,Referral,True
C000787,2024-01-09,Mid-Market,KG,Paid Ads,True
C000788,2022-02-06,SMB,SN,Partner,True
C000789,2024-09-18,Enterprise,IS,Partner,True
C000790,2024-04-25,SMB,TH,Partner,False
C000791,2024-09-10,Mid-Market,RO,Paid Ads,True
C000792,2024-12-03,SMB,CL,Organic,True
C000793,2022-06-13,Mid-Market,FJ,Partner,True
C000794,2023-12-19,SMB,BB,Organic,False
C000795,2022-01-01,SMB,BW,Referral,True
C000796,2022-05-25,Mid-Market,CF,Referral,True
C000797,2024-06-04,SMB,ES,Paid Ads,True
C000798,2022-04-02,Mid-Market,AZ,Referral,True
C000799,2024-03-04,SMB,HR,Referral,True
C000800,2024-10-26,SMB,NG,Referral,True
C000801,2022-12-23,SMB,NE,Organic,False
C000802,2022-06-13,Mid-Market,MY,Organic,True
C000803,2022-11-17,SMB,HU,Organic,True
C000804,2022-07-16,SMB,RO,Organic,True
C000805,2024-07-05,Mid-Market,KG,Paid Ads,True
C000806,2022-03-01,SMB,LA,Referral,True
C000807,2023-04-01,SMB,EG,Referral,True
C000808,2023-06-21,SMB,PE,Organic,True
C000809,2023-06-04,Mid-Market,EE,Paid Ads,False
C000810,2022-01-09,Mid-Market,KZ,Paid Ads,True
C000811,2024-11-16,SMB,PE,Organic,True
C000812,2024-04-28,Mid-Market,ER,Partner,False
C000813,2023-01-23,Mid-Market,IL,Paid Ads,True
C000814,2022-06-01,SMB,CF,Organic,True
C000815,2023-11-01,Mid-Market,SB,Organic,True
C000816,2024-08-25,SMB,TO,Partner,True
C000817,2023-01-25,SMB,CV,Paid Ads,True
C000818,2024-06-02,Mid-Market,JM,Referral,False
C000819,2024-05-26,SMB,MR,Partner,True
C000820,2023-05-06,SMB,MC,Organic,True
C000821,2024-06-10,Mid-Market,BD,Organic,False
C000822,2024-06-27,Enterprise,SO,Organic,True
C000823,2024-03-25,Mid-Market,LR,Organic,True
C000824,2023-05-04,Enterprise,BW,Referral,True
C000825,2024-04-14,Mid-Market,PL,Paid Ads,True
C000826,2023-02-17,SMB,SO,Partner,True
C000827,2023-11-14,SMB,BJ,Partner,True
C000828,2024-01-20,SMB,BE,Paid Ads,True
C000829,2022-12-26,SMB,PA,Partner,True
C000830,2024-06-09,Enterprise,PG,Partner,True
C000831,2024-12-21,SMB,UG,Referral,True
C000832,2023-11-10,Mid-Market,TW,Organic,False
C000833,2024-11-13,SMB,ZM,Referral,False
C000834,2023-03-15,SMB,GT,Partner,True
C000835,2024-08-31,SMB,IR,Organic,True
C000836,2022-08-19,SMB,DJ,Paid Ads,True
C000837,2022-10-14,Enterprise,SI,Partner,True
C000838,2023-07-06,Enterprise,HR,Referral,True
C000839,2023-05-20,SMB,NP,Paid Ads,True
C000840,2024-04-25,SMB,BY,Partner,False
C000841,2023-06-20,SMB,MA,Partner,True
C000842,2023-10-06,SMB,MN,Paid Ads,False
C000843,2024-05-02,Mid-Market,PL,Partner,True
C000844,2024-12-08,SMB,NA,Organic,False
C000845,2022-09-27,Mid-Market,KN,Partner,True
C000846,2022-07-27,SMB,AE,Partner,False
C000847,2024-08-05,SMB,BZ,Referral,True
C000848,2023-03-17,SMB,LI,Organic,True
C000849,2024-12-27,SMB,SV,Partner,True
C000850,2023-02-15,Mid-Market,WS,Organic,False
C000851,2023-07-14,Mid-Market,TW,Paid Ads,True
C000852,2024-01-19,SMB,CA,Paid Ads,False
C000853,2024-12-03,SMB,BE,Organic,True
C000854,2022-08-23,SMB,KH,Organic,False
C000855,2023-04-25,Mid-Market,AO,Referral,True
C000856,2022-10-25,Mid-Market,FJ,Partner,False
C000857,2022-11-04,SMB,SD,Paid Ads,True
C000858,2024-05-09,SMB,TR,Organic,True
C000859,2022-12-31,Mid-Market,FR,Partner,False
C000860,2024-04-20,SMB,LR,Referral,True
C000861,2024-04-16,SMB,MU,Organic,True
C000862,2024-09-24,SMB,TJ,Organic,True
C000863,2022-06-28,SMB,AU,Partner,True
C000864,2022-06-30,Mid-Market,UY,Organic,True
C000865,2023-07-23,SMB,KP,Paid Ads,True
C000866,2024-01-24,SMB,SC,Paid Ads,False
C000867,2024-09-07,Enterprise,BB,Organic,True
C000868,2022-12-10,Mid-Market,SC,Paid Ads,True
C000869,2023-04-24,SMB,AD,Organic,True
C000870,2022-04-15,Enterprise,SA,Referral,True
C000871,2023-11-06,Mid-Market,LT,Partner,True
C000872,2022-05-02,SMB,NE,Partner,True
C000873,2023-08-10,SMB,SB,Referral,True
C000874,2023-12-19,SMB,TV,Paid Ads,False
C000875,2022-09-12,SMB,SO,Partner,False
C000876,2023-06-16,SMB,ZA,Referral,True
C000877,2022-11-23,SMB,AZ,Referral,True
C000878,2024-10-11,SMB,MN,Partner,False
C000879,2023-02-05,Enterprise,SG,Paid Ads,True
C000880,2024-02-10,Mid-Market,CA,Referral,True
C000881,2022-04-05,SMB,MT,Partner,True
C000882,2023-09-24,SMB,BH,Organic,False
C000883,2022-09-24,Enterprise,GR,Partner,True
C000884,2024-07-09,Enterprise,MR,Organic,True
C000885,2024-06-12,SMB,TD,Organic,False
C000886,2024-03-22,Mid-Market,RO,Referral,True
C000887,2022-03-26,Enterprise,IE,Organic,True
C000888,2023-06-29,SMB,LR,Referral,False
C000889,2023-06-08,Enterprise,GW,Organic,True
C000890,2023-11-16,Mid-Market,PW,Referral,True
C000891,2023-07-08,Mid-Market,AG,Partner,True
C000892,2022-12-21,SMB,KW,Organic,True
C000893,2022-10-19,SMB,ET,Organic,True
C000894,2022-10-26,SMB,ES,Partner,True
C000895,2022-05-30,Enterprise,RW,Partner,True
C000896,2022-07-23,Mid-Market,HU,Referral,True
C000897,2022-12-06,SMB,ET,Organic,True
C000898,2022-04-12,Enterprise,MR,Paid Ads,False
C000899,2023-09-05,SMB,MR,Partner,False
C000900,2023-10-25,Mid-Market,BS,Partner,True
C000901,2022-10-06,SMB,LV,Organic,False
C000902,2022-08-24,Enterprise,CU,Organic,True
C000903,2023-08-15,SMB,LU,Referral,True
C000904,2024-03-28,SMB,UG,Referral,True
C000905,2024-08-07,Mid-Market,CN,Paid Ads,True
C000906,2022-07-22,SMB,MD,Organic,True
C000907,2023-05-18,Mid-Market,KP,Paid Ads,True
C000908,2023-10-09,Mid-Market,MR,Referral,True
C000909,2023-10-17,SMB,ST,Referral,True
C000910,2024-05-07,SMB,AL,Partner,True
C000911,2023-05-01,SMB,BD,Referral,True
C000912,2023-06-10,Mid-Market,US,Organic,True
C000913,2023-07-21,SMB,RW,Paid Ads,True
C000914,2022-04-18,Enterprise,TN,Paid Ads,True
C000915,2024-02-16,Mid-Market,LB,Referral,True
C000916,2024-03-29,SMB,PL,Paid Ads,True
C000917,2022-12-25,Enterprise,AM,Referral,True
C000918,2022-12-26,SMB,NP,Referral,True
C000919,2023-06-12,Enterprise,VA,Paid Ads,True
C000920,2022-12-24,Enterprise,BT,Partner,True
C000921,2022-05-29,Mid-Market,CN,Referral,True
C000922,2024-05-05,Enterprise,IS,Organic,True
C000923,2024-07-08,Enterprise,HR,Paid Ads,True
C000924,2022-04-24,SMB,TN,Paid Ads,True
C000925,2023-10-06,Enterprise,ZA,Organic,False
C000926,2024-03-12,SMB,AE,Partner,True
C000927,2022-08-31,Enterprise,BD,Referral,True
C000928,2024-09-21,Enterprise,AF,Partner,True
C000929,2022-08-08,SMB,GH,Paid Ads,True
C000930,2024-09-07,SMB,TR,Partner,False
C000931,2022-03-19,Mid-Market,PL,Referral,True
C000932,2022-09-13,SMB,GQ,Organic,True
C000933,2024-05-23,Mid-Market,CH,Referral,True
C000934,2023-01-19,SMB,PY,Partner,False
C000935,2023-10-13,Mid-Market,CR,Organic,True
C000936,2023-02-03,SMB,JO,Paid Ads,False
C000937,2022-10-31,SMB,TR,Referral,True
C000938,2024-11-04,SMB,PK,Referral,False
C000939,2023-12-17,SMB,DM,Partner,True
C000940,2023-09-18,SMB,SA,Organic,True
C000941,2023-11-20,Enterprise,FJ,Organic,True
C000942,2022-05-11,SMB,NR,Paid Ads,True
C000943,2024-08-23,SMB,GE,Organic,True
C000944,2022-07-06,Mid-Market,NR,Paid Ads,True
C000945,2024-04-18,Mid-Market,GB,Partner,False
C000946,2024-06-12,SMB,CV,Partner,False
C000947,2022-08-08,Mid-Market,UG,Organic,True
C000948,2022-12-30,Mid-Market,GN,Organic,True
C000949,2024-01-01,SMB,GN,Referral,True
C000950,2022-02-14,SMB,US,Referral,True
C000951,2024-11-24,SMB,BF,Partner,True
C000952,2023-07-06,Mid-Market,SI,Organic,True
C000953,2023-09-04,SMB,GH,Partner,True
C000954,2023-03-31,Mid-Market,TV,Referral,True
C000955,2023-12-16,Mid-Market,SL,Paid Ads,True
C000956,2023-09-09,SMB,BB,Organic,True
C000957,2022-09-19,SMB,FR,Paid Ads,False
C000958,2024-03-15,SMB,NZ,Referral,False
C000959,2023-04-07,SMB,AT,Referral,True
C000960,2022-10-26,SMB,IN,Partner,False
C000961,2024-12-10,SMB,MC,Referral,True
C000962,2023-06-13,Mid-Market,AG,Partner,True
C000963,2024-05-05,SMB,SO,Partner,True
C000964,2023-06-11,Mid-Market,CI,Partner,True
C000965,2023-10-25,SMB,PA,Partner,True
C000966,2023-09-19,SMB,ET,Paid Ads,True
C000967,2024-01-18,SMB,AE,Organic,True
C000968,2022-02-02,Mid-Market,KE,Partner,True
C000969,2024-02-19,SMB,BA,Paid Ads,True
C000970,2022-08-04,Mid-Market,EC,Paid Ads,True
C000971,2022-10-08,SMB,PK,Organic,True
C000972,2024-11-04,Mid-Market,NP,Paid Ads,True
C000973,2024-02-15,Enterprise,EC,Paid Ads,True
C000974,2022-07-30,Enterprise,JM,Partner,False
C000975,2022-04-15,SMB,EE,Partner,True
C000976,2023-02-02,SMB,DO,Referral,True
C000977,2022-09-09,Mid-Market,NI,Partner,False
C000978,2023-02-20,SMB,BB,Partner,True
C000979,2022-04-10,SMB,MZ,Partner,True
C000980,2024-05-31,SMB,NG,Referral,True
C000981,2023-02-27,Mid-Market,NA,Organic,True
C000982,2024-07-11,SMB,LA,Partner,False
C000983,2024-12-13,SMB,BO,Referral,False
C000984,2022-02-24,Mid-Market,BS,Paid Ads,True
C000985,2023-01-11,Enterprise,SA,Partner,True
C000986,2024-04-18,Mid-Market,MV,Partner,True
C000987,2022-05-28,SMB,PS,Referral,True
C000988,2022-06-11,SMB,SE,Organic,False
C000989,2023-02-11,SMB,BA,Referral,True
C000990,2023-08-20,Enterprise,NL,Paid Ads,True
C000991,2022-12-31,SMB,IL,Partner,True
C000992,2023-12-25,Mid-Market,LS,Paid Ads,True
C000993,2024-08-08,SMB,NE,Paid Ads,True
C000994,2024-05-31,SMB,CZ,Paid Ads,True
C000995,2022-08-13,SMB,UG,Paid Ads,False
C000996,2023-05-30,SMB,ER,Paid Ads,True
C000997,2023-01-23,SMB,GD,Referral,False
C000998,2023-12-10,SMB,OM,Paid Ads,True
C000999,2024-05-28,SMB,RS,Organic,True
C001000,2023-12-22,SMB,CN,Organic,False
C001001,2024-12-21,SMB,RS,Organic,True
C001002,2024-12-07,SMB,LY,Referral,True
C001003,2023-06-20,Enterprise,ES,Referral,True
C001004,2024-03-31,SMB,SY,Organic,True
C001005,2023-01-10,SMB,UY,Referral,True
C001006,2022-06-25,Mid-Market,RS,Partner,True
C001007,2023-02-23,SMB,LA,Paid Ads,True
C001008,2024-10-03,Enterprise,MR,Partner,True
C001009,2023-06-25,Mid-Market,BA,Organic,True
C001010,2024-05-18,Mid-Market,EC,Partner,True
C001011,2024-12-28,SMB,SY,Partner,True
C001012,2022-05-20,SMB,CU,Partner,True
C001013,2024-01-12,SMB,KR,Referral,False
C001014,2022-11-16,SMB,SD,Referral,True
C001015,2024-08-09,Mid-Market,KR,Paid Ads,True
C001016,2024-04-07,SMB,GE,Partner,False
C001017,2022-08-12,SMB,MU,Referral,True
C001018,2022-10-29,SMB,AG,Organic,True
C001019,2023-01-31,SMB,GH,Paid Ads,False
C001020,2024-07-05,Enterprise,CG,Organic,True
C001021,2023-02-11,SMB,AM,Referral,True
C001022,2022-09-04,SMB,KM,Partner,True
C001023,2024-01-31,Mid-Market,MY,Paid Ads,True
C001024,2022-09-12,Enterprise,ER,Referral,True
C001025,2022-05-27,Mid-Market,TL,Referral,True
C001026,2023-05-21,SMB,KE,Organic,True
C001027,2024-09-23,SMB,SI,Paid Ads,True
C001028,2022-09-08,SMB,KZ,Referral,True
C001029,2023-12-07,Enterprise,FJ,Paid Ads,True
C001030,2024-02-22,Mid-Market,ES,Partner,False
C001031,2023-12-18,Enterprise,SL,Referral,True
C001032,2023-01-21,SMB,ET,Referral,False
C001033,2022-07-17,SMB,MV,Organic,False
C001034,2024-09-04,SMB,KH,Organic,False
C001035,2024-07-25,SMB,MT,Organic,True
C001036,2024-03-03,SMB,GM,Partner,True
C001037,2024-07-06,SMB,UG,Partner,True
C001038,2024-08-18,Mid-Market,SN,Organic,False
C001039,2022-11-22,Enterprise,TV,Organic,True
C001040,2023-05-02,SMB,AO,Paid Ads,True
C001041,2024-07-19,SMB,UY,Referral,True
C001042,2023-12-21,Mid-Market,BH,Paid Ads,True
C001043,2023-11-15,SMB,TO,Partner,True
C001044,2024-10-07,SMB,NA,Referral,True
C001045,2024-01-08,SMB,DO,Partner,True
C001046,2023-10-14,SMB,NA,Referral,False
C001047,2024-04-09,SMB,IQ,Organic,False
C001048,2024-04-01,SMB,CA,Partner,True
C001049,2022-01-19,Enterprise,MV,Partner,False
C001050,2022-10-09,SMB,BD,Organic,True
C001051,2023-01-08,SMB,JM,Partner,True
C001052,2024-08-17,SMB,BF,Paid Ads,True
C001053,2022-10-28,SMB,CA,Paid Ads,True
C001054,2024-08-03,Enterprise,LR,Paid Ads,True
C001055,2022-05-25,Mid-Market,AL,Partner,True
C001056,2022-11-29,SMB,IQ,Referral,True
C001057,2023-02-16,SMB,HT,Referral,True
C001058,2023-01-04,SMB,KW,Partner,True
C001059,2023-03-10,SMB,UZ,Partner,True
C001060,2023-01-07,Mid-Market,CG,Paid Ads,True
C001061,2023-07-13,SMB,SN,Partner,True
C001062,2023-05-25,SMB,DO,Organic,True
C001063,2023-08-16,SMB,IN,Organic,True
C001064,2023-07-01,SMB,BJ,Partner,True
C001065,2023-03-03,Mid-Market,IS,Referral,True
C001066,2023-07-16,SMB,KN,Paid Ads,False
C001067,2024-04-09,SMB,KM,Referral,False
C001068,2022-01-22,SMB,GE,Organic,True
C001069,2022-02-22,Mid-Market,PS,Organic,True
C001070,2024-05-17,Mid-Market,SB,Paid Ads,True
C001071,2024-04-13,SMB,TT,Partner,False
C001072,2024-01-17,SMB,SR,Referral,False
C001073,2023-08-28,Enterprise,GE,Referral,False
C001074,2023-05-04,SMB,AZ,Paid Ads,True
C001075,2023-08-19,Mid-Market,SD,Paid Ads,True
C001076,2024-06-10,SMB,IL,Partner,True
C001077,2022-04-01,SMB,ET,Partner,True
C001078,2024-11-29,SMB,NL,Paid Ads,False
C001079,2022-06-26,Mid-Market,GE,Paid Ads,True
C001080,2023-05-20,SMB,TW,Partner,True
C001081,2022-02-25,Mid-Market,CL,Organic,False
C001082,2024-10-20,SMB,TM,Paid Ads,True
C001083,2024-01-18,Enterprise,OM,Paid Ads,True
C001084,2024-10-22,SMB,CI,Partner,True
C001085,2023-02-03,SMB,DK,Paid Ads,True
C001086,2022-02-05,Mid-Market,NR,Organic,True
C001087,2024-03-11,Enterprise,SE,Paid Ads,True
C001088,2023-04-17,SMB,GH,Organic,True
C001089,2022-07-25,SMB,SC,Referral,False
C001090,2022-10-22,SMB,TG,Partner,True
C001091,2022-10-25,Enterprise,LB,Organic,True
C001092,2024-03-22,SMB,SR,Referral,True
C001093,2024-05-26,SMB,UA,Partner,True
C001094,2024-06-15,Mid-Market,KW,Organic,True
C001095,2024-01-15,SMB,FR,Referral,False
C001096,2024-04-21,Mid-Market,BA,Paid Ads,True
C001097,2023-12-31,SMB,SR,Organic,False
C001098,2023-09-03,SMB,CR,Partner,True
C001099,2024-08-15,SMB,BA,Paid Ads,True
C001100,2024-02-21,SMB,AO,Partner,False
C001101,2022-04-14,Enterprise,GN,Organic,True
C001102,2023-01-21,SMB,MD,Organic,True
C001103,2022-05-12,Mid-Market,KZ,Partner,True
C001104,2022-12-26,SMB,BD,Organic,True
C001105,2024-09-24,SMB,SN,Partner,False
C001106,2022-05-24,SMB,UZ,Partner,True
C001107,2022-06-25,SMB,EC,Organic,True
C001108,2023-05-25,Mid-Market,AZ,Paid Ads,True
C001109,2023-03-31,SMB,BI,Referral,False
C001110,2022-03-28,SMB,GW,Referral,True
C001111,2024-01-27,Mid-Market,CO,Organic,True
C001112,2022-01-10,SMB,AD,Paid Ads,False
C001113,2024-05-25,SMB,MR,Organic,True
C001114,2024-04-21,SMB,BN,Organic,True
C001115,2024-04-10,SMB,DE,Paid Ads,True
C001116,2024-09-07,SMB,LC,Partner,False
C001117,2024-10-22,SMB,BS,Partner,True
C001118,2022-01-20,SMB,EG,Paid Ads,True
C001119,2023-11-19,SMB,CA,Paid Ads,False
C001120,2024-02-27,SMB,KR,Organic,True
C001121,2022-05-16,Enterprise,TD,Paid Ads,True
C001122,2023-07-23,SMB,SY,Partner,True
C001123,2023-04-23,Mid-Market,ZM,Referral,True
C001124,2023-07-03,SMB,KM,Referral,True
C001125,2022-10-09,Mid-Market,BR,Referral,True
C001126,2024-07-18,SMB,GQ,Organic,False
C001127,2024-10-15,SMB,BH,Referral,True
C001128,2022-02-25,SMB,CN,Partner,True
C001129,2024-10-11,SMB,KP,Organic,True
C001130,2023-12-26,SMB,GT,Paid Ads,True
C001131,2023-06-13,SMB,SZ,Referral,True
C001132,2024-04-30,Mid-Market,SM,Partner,False
C001133,2022-03-08,SMB,PG,Referral,False
C001134,2024-09-13,SMB,UZ,Referral,True
C001135,2023-10-31,SMB,BG,Partner,False
C001136,2022-12-13,SMB,FM,Partner,True
C001137,2024-04-13,Mid-Market,UY,Organic,True
C001138,2024-07-16,SMB,CV,Partner,True
C001139,2023-08-29,Mid-Market,SN,Referral,True
C001140,2023-08-22,SMB,NE,Referral,True
C001141,2022-04-16,SMB,TV,Referral,True
C001142,2023-10-20,Enterprise,TT,Organic,True
C001143,2022-08-15,SMB,AT,Partner,True
C001144,2023-09-18,Enterprise,MT,Referral,True
C001145,2023-12-23,SMB,RS,Organic,True
C001146,2022-04-18,Mid-Market,FI,Partner,True
C001147,2023-03-16,SMB,PE,Referral,True
C001148,2024-08-02,SMB,RO,Referral,True
C001149,2024-02-29,Mid-Market,MY,Paid Ads,True
C001150,2024-03-04,Enterprise,SK,Partner,True
C001151,2022-09-21,Enterprise,BH,Referral,True
C001152,2023-12-25,SMB,LC,Organic,True
C001153,2023-07-27,Mid-Market,NP,Paid Ads,True
C001154,2024-12-09,Mid-Market,AE,Partner,True
C001155,2022-11-24,Mid-Market,BB,Referral,True
C001156,2024-09-19,Mid-Market,PK,Referral,True
C001157,2022-08-25,SMB,VC,Referral,True
C001158,2022-09-01,Mid-Market,PK,Partner,True
C001159,2024-02-27,SMB,SA,Partner,False
C001160,2023-05-14,SMB,BR,Partner,True
C001161,2022-02-19,SMB,ME,Organic,False
C001162,2022-02-09,Mid-Market,CY,Paid Ads,True
C001163,2023-12-07,SMB,LB,Referral,True
C001164,2023-07-13,Mid-Market,TR,Organic,True
C001165,2022-07-26,SMB,ZM,Paid Ads,True
C001166,2023-02-13,SMB,SL,Partner,True
C001167,2022-06-29,Enterprise,CI,Organic,True
C001168,2024-12-15,Enterprise,DK,Partner,False
C001169,2022-07-07,SMB,SO,Paid Ads,True
C001170,2023-05-15,SMB,KH,Referral,True
C001171,2022-03-03,SMB,AL,Partner,True
C001172,2023-06-15,SMB,SM,Referral,True
C001173,2024-08-18,SMB,KP,Paid Ads,True
C001174,2022-08-07,SMB,UA,Organic,True
C001175,2023-01-24,SMB,ME,Paid Ads,True
C001176,2024-01-10,SMB,GY,Referral,True
C001177,2024-06-03,SMB,TT,Organic,False
C001178,2024-12-17,SMB,GE,Referral,True
C001179,2022-02-03,SMB,CN,Organic,True
C001180,2022-10-19,SMB,MW,Partner,True
C001181,2023-04-12,Mid-Market,AG,Partner,True
C001182,2024-01-03,SMB,AL,Organic,True
C001183,2022-07-30,SMB,TH,Paid Ads,True
C001184,2023-04-16,SMB,NE,Organic,False
C001185,2024-08-04,Mid-Market,PG,Referral,True
C001186,2022-04-09,Enterprise,BG,Referral,True
C001187,2023-10-05,SMB,FI,Referral,False
C001188,2022-11-02,SMB,AZ,Partner,True
C001189,2023-07-19,Enterprise,BB,Referral,True
C001190,2024-04-18,Mid-Market,LI,Referral,False
C001191,2023-03-20,SMB,NG,Partner,True
C001192,2023-03-28,SMB,NI,Referral,True
C001193,2022-04-07,SMB,SD,Partner,True
C001194,2022-05-08,SMB,BS,Referral,False
C001195,2022-01-29,SMB,SY,Paid Ads,True
C001196,2023-04-20,SMB,PS,Referral,True
C001197,2022-04-08,SMB,SM,Referral,True
C001198,2022-03-11,SMB,FM,Organic,True
C001199,2024-09-24,Mid-Market,FR,Partner,False
C001200,2022-01-06,SMB,NZ,Organic,True
C001201,2023-03-04,SMB,ID,Partner,False
C001202,2024-01-12,SMB,WS,Organic,False
C001203,2022-08-10,SMB,BB,Partner,True
C001204,2023-03-26,Mid-Market,EC,Organic,True
C001205,2022-06-02,Enterprise,SZ,Paid Ads,True
C001206,2022-06-29,Mid-Market,HN,Organic,True
C001207,2024-04-15,SMB,LA,Organic,True
C001208,2022-02-02,SMB,CI,Organic,True
C001209,2022-11-30,Mid-Market,TL,Partner,True
C001210,2023-04-21,SMB,MU,Referral,True
C001211,2024-12-03,SMB,AR,Partner,True
C001212,2023-09-29,SMB,GA,Referral,False
C001213,2023-05-22,SMB,EE,Partner,True
C001214,2022-03-13,SMB,PT,Referral,True
C001215,2024-11-03,SMB,ES,Partner,False
C001216,2022-09-09,Mid-Market,MD,Organic,False
C001217,2022-08-22,Enterprise,CO,Partner,True
C001218,2024-01-11,SMB,YE,Partner,True
C001219,2022-06-10,Enterprise,FJ,Partner,True
C001220,2022-02-19,SMB,SI,Partner,True
C001221,2024-10-14,SMB,CR,Partner,False
C001222,2022-12-21,SMB,MW,Paid Ads,True
C001223,2022-09-02,SMB,IQ,Referral,True
C001224,2023-04-22,SMB,BW,Organic,True
C001225,2022-01-15,SMB,NG,Organic,True
C001226,2023-12-02,SMB,MH,Partner,True
C001227,2023-02-25,SMB,GY,Partner,True
C001228,2022-07-04,SMB,SI,Paid Ads,True
C001229,2024-09-15,SMB,CI,Organic,True
C001230,2023-10-26,Mid-Market,GQ,Organic,True
C001231,2024-12-18,SMB,AT,Paid Ads,False
C001232,2024-12-28,Mid-Market,LS,Partner,True
C001233,2024-08-22,SMB,TM,Partner,False
C001234,2022-01-21,SMB,VA,Referral,True
C001235,2023-01-31,SMB,TW,Paid Ads,True
C001236,2023-07-14,SMB,PS,Organic,True
C001237,2023-11-19,Enterprise,ZM,Paid Ads,True
C001238,2022-12-31,SMB,MG,Paid Ads,True
C001239,2022-10-03,Mid-Market,GH,Referral,True
C001240,2024-07-15,SMB,GY,Organic,True
C001241,2024-05-31,Enterprise,LV,Partner,True
C001242,2024-09-06,SMB,YE,Referral,True
C001243,2023-03-30,Mid-Market,MW,Referral,True
C001244,2022-07-10,Mid-Market,TT,Organic,True
C001245,2022-09-10,SMB,CM,Referral,True
C001246,2022-02-19,SMB,MT,Organic,False
C001247,2023-03-27,SMB,AM,Organic,False
C001248,2024-12-26,Enterprise,MH,Paid Ads,True
C001249,2024-06-17,SMB,TT,Partner,True
C001250,2024-12-29,Enterprise,LS,Organic,True
C001251,2023-10-31,Enterprise,MR,Referral,True
C001252,2024-12-05,Mid-Market,MW,Referral,False
C001253,2022-06-20,SMB,MH,Organic,False
C001254,2023-12-19,Mid-Market,MU,Partner,True
C001255,2023-03-28,SMB,FR,Organic,True
C001256,2023-07-18,Mid-Market,DZ,Partner,True
C001257,2023-04-04,SMB,MY,Paid Ads,True
C001258,2023-02-06,SMB,AE,Organic,False
C001259,2022-07-03,Mid-Market,BS,Organic,True
C001260,2022-02-11,SMB,LU,Partner,True
C001261,2022-12-29,SMB,PK,Paid Ads,True
C001262,2022-05-17,Enterprise,ID,Paid Ads,True
C001263,2022-10-25,Mid-Market,TW,Partner,True
C001264,2024-11-28,Mid-Market,KN,Organic,False
C001265,2022-12-31,Enterprise,BH,Partner,True
C001266,2023-07-10,SMB,MH,Partner,True
C001267,2022-07-31,Mid-Market,DM,Partner,True
C001268,2022-08-22,SMB,UY,Organic,True
C001269,2024-09-17,SMB,TH,Referral,True
C001270,2023-12-22,SMB,NG,Partner,True
C001271,2024-09-23,Mid-Market,MV,Paid Ads,True
C001272,2024-04-19,SMB,SE,Partner,True
C001273,2024-02-27,SMB,TM,Referral,False
C001274,2024-05-18,SMB,WS,Paid Ads,True
C001275,2023-11-25,Enterprise,HU,Partner,True
C001276,2022-01-31,SMB,DO,Referral,False
C001277,2023-01-13,Enterprise,IE,Organic,True
C001278,2023-12-19,SMB,SE,Organic,False
C001279,2024-12-07,SMB,CI,Organic,True
C001280,2023-07-29,SMB,GB,Organic,True
C001281,2023-09-14,Mid-Market,CI,Referral,True
C001282,2024-10-24,SMB,DM,Organic,True
C001283,2024-07-10,Mid-Market,SC,Referral,False
C001284,2024-07-26,SMB,US,Paid Ads,True
C001285,2022-04-09,Mid-Market,BJ,Paid Ads,True
C001286,2023-06-16,SMB,SI,Paid Ads,False
C001287,2022-10-20,SMB,PA,Referral,True
C001288,2023-06-13,SMB,CN,Partner,False
C001289,2024-07-27,SMB,BY,Organic,False
C001290,2024-05-27,Mid-Market,TJ,Partner,True
C001291,2022-08-11,Mid-Market,KG,Partner,False
C001292,2024-08-19,SMB,LA,Partner,True
C001293,2023-05-25,SMB,UZ,Paid Ads,True
C001294,2022-04-08,SMB,PL,Organic,True
C001295,2023-03-26,Enterprise,SL,Referral,True
C001296,2024-06-23,SMB,BS,Referral,False
C001297,2022-07-11,Mid-Market,AG,Referral,False
C001298,2023-02-26,SMB,AF,Paid Ads,True
C001299,2023-11-07,Mid-Market,SR,Referral,True
C001300,2023-07-31,SMB,VC,Referral,False
C001301,2024-12-15,Mid-Market,ZM,Referral,True
C001302,2022-07-27,Enterprise,TW,Partner,False
C001303,2023-11-26,Enterprise,BI,Paid Ads,True
C001304,2023-05-15,Enterprise,PH,Referral,True
C001305,2024-05-25,Mid-Market,SB,Partner,True
C001306,2023-04-28,SMB,US,Partner,True
C001307,2024-11-22,SMB,DJ,Referral,True
C001308,2023-02-04,SMB,BB,Paid Ads,True
C001309,2023-05-09,SMB,MU,Organic,True
C001310,2022-10-15,Mid-Market,ST,Paid Ads,False
C001311,2023-02-14,Mid-Market,ML,Organic,True
C001312,2022-01-15,SMB,BR,Referral,True
C001313,2022-11-30,Mid-Market,EG,Organic,True
C001314,2024-02-22,Mid-Market,GN,Referral,True
C001315,2023-05-31,SMB,BJ,Paid Ads,True
C001316,2024-03-03,SMB,CV,Paid Ads,True
C001317,2022-07-24,SMB,TT,Paid Ads,True
C001318,2023-10-03,Enterprise,KI,Organic,True
C001319,2022-12-05,SMB,MZ,Partner,False
C001320,2024-11-07,SMB,SV,Referral,False
C001321,2022-01-17,Mid-Market,KR,Paid Ads,True
C001322,2023-07-27,SMB,PW,Paid Ads,True
C001323,2023-08-24,SMB,AU,Referral,False
C001324,2024-06-13,SMB,ML,Paid Ads,True
C001325,2024-04-17,Enterprise,GR,Partner,True
C001326,2022-01-09,SMB,NA,Partner,False
C001327,2024-09-16,SMB,TO,Partner,True
C001328,2023-07-15,SMB,FI,Referral,True
C001329,2022-04-09,SMB,SV,Organic,True
C001330,2022-05-11,SMB,TJ,Referral,True
C001331,2022-08-29,Enterprise,MR,Referral,True
C001332,2023-06-15,SMB,VC,Partner,False
C001333,2024-03-27,SMB,TW,Paid Ads,True
C001334,2022-08-20,SMB,EG,Partner,True
C001335,2023-07-15,Mid-Market,BE,Referral,True
C001336,2022-10-27,SMB,ET,Paid Ads,False
C001337,2022-11-23,Enterprise,SL,Paid Ads,True
C001338,2022-07-03,SMB,CF,Paid Ads,False
C001339,2023-05-31,SMB,KW,Referral,False
C001340,2023-06-14,SMB,IT,Referral,True
C001341,2024-04-23,Mid-Market,TJ,Referral,True
C001342,2024-12-09,SMB,BW,Organic,True
C001343,2024-05-12,SMB,BJ,Organic,True
C001344,2024-01-10,SMB,RU,Referral,True
C001345,2023-05-06,Mid-Market,HR,Organic,True
C001346,2024-02-03,Mid-Market,MR,Paid Ads,True
C001347,2024-12-10,Mid-Market,BS,Paid Ads,True
C001348,2024-12-28,SMB,RS,Partner,True
C001349,2024-10-16,SMB,CH,Paid Ads,False
C001350,2023-03-31,SMB,SY,Paid Ads,True
C001351,2024-08-03,SMB,BZ,Organic,True
C001352,2023-10-29,SMB,AO,Referral,True
C001353,2022-01-08,SMB,NA,Organic,True
C001354,2024-12-13,Mid-Market,MC,Paid Ads,True
C001355,2022-07-13,SMB,MA,Paid Ads,True
C001356,2022-06-29,SMB,TH,Paid Ads,True
C001357,2022-09-26,SMB,YE,Partner,True
C001358,2024-01-13,SMB,PH,Referral,True
C001359,2022-12-14,SMB,AD,Paid Ads,True
C001360,2023-09-26,SMB,DJ,Partner,True
C001361,2023-06-17,SMB,DO,Referral,False
C001362,2022-10-27,SMB,TT,Organic,True
C001363,2022-09-14,SMB,GD,Paid Ads,True
C001364,2024-02-01,SMB,RU,Paid Ads,True
C001365,2022-06-11,SMB,KN,Paid Ads,False
C001366,2024-06-22,SMB,AG,Paid Ads,True
C001367,2022-04-13,Enterprise,TH,Paid Ads,True
C001368,2024-02-23,Enterprise,ID,Organic,True
C001369,2022-12-01,Mid-Market,IR,Organic,True
C001370,2023-05-05,SMB,AD,Partner,True
C001371,2023-06-24,SMB,TW,Referral,False
C001372,2022-07-27,SMB,TV,Organic,True
C001373,2022-06-22,Mid-Market,BI,Referral,True
C001374,2024-09-17,SMB,LT,Partner,False
C001375,2023-09-08,Enterprise,KM,Referral,True
C001376,2022-06-23,Mid-Market,AZ,Referral,True
C001377,2023-12-30,SMB,AM,Partner,True
C001378,2022-10-25,SMB,BF,Organic,True
C001379,2022-01-10,Mid-Market,KR,Paid Ads,True
C001380,2022-10-01,Enterprise,VN,Paid Ads,True
C001381,2023-10-19,Mid-Market,EE,Partner,True
C001382,2024-11-08,Mid-Market,MN,Organic,True
C001383,2024-02-02,SMB,LY,Referral,True
C001384,2024-04-13,SMB,SC,Paid Ads,True
C001385,2024-09-08,Enterprise,BZ,Referral,True
C001386,2024-07-29,Mid-Market,LT,Paid Ads,True
C001387,2023-12-24,SMB,UA,Referral,False
C001388,2022-07-25,Enterprise,KE,Partner,True
C001389,2024-08-22,Mid-Market,DK,Organic,True
C001390,2024-08-14,SMB,GN,Paid Ads,False
C001391,2023-11-30,SMB,MR,Referral,False
C001392,2024-11-23,Mid-Market,DJ,Partner,True
C001393,2023-04-29,SMB,DJ,Paid Ads,True
C001394,2022-06-03,SMB,GB,Referral,True
C001395,2024-07-24,SMB,ID,Organic,True
C001396,2022-06-22,Enterprise,TM,Partner,True
C001397,2024-12-20,Mid-Market,TL,Organic,True
C001398,2022-07-25,SMB,MG,Organic,True
C001399,2024-07-27,SMB,DK,Referral,True
C001400,2022-06-10,SMB,GW,Paid Ads,False
C001401,2024-08-21,SMB,SV,Referral,False
C001402,2023-09-13,SMB,AM,Organic,False
C001403,2022-09-19,SMB,SC,Organic,True
C001404,2023-09-20,Enterprise,KM,Referral,True
C001405,2024-12-29,SMB,AL,Partner,True
C001406,2023-07-10,SMB,CL,Paid Ads,True
C001407,2024-01-19,SMB,MU,Organic,True
C001408,2022-09-18,Mid-Market,JM,Paid Ads,True
C001409,2024-01-08,SMB,LT,Organic,True
C001410,2022-12-21,SMB,DK,Referral,False
C001411,2023-10-06,Enterprise,LB,Partner,True
C001412,2024-12-16,SMB,BE,Organic,True
C001413,2022-01-07,SMB,BS,Referral,False
C001414,2024-11-13,SMB,AL,Partner,True
C001415,2023-09-26,Enterprise,NP,Referral,True
C001416,2024-06-21,SMB,NL,Paid Ads,False
C001417,2024-08-29,Mid-Market,GM,Referral,False
C001418,2023-12-25,SMB,TN,Paid Ads,True
C001419,2022-11-15,Mid-Market,WS,Referral,True
C001420,2023-11-30,SMB,ES,Partner,True
C001421,2022-02-22,SMB,BY,Paid Ads,True
C001422,2022-10-20,SMB,BB,Organic,False
C001423,2023-10-04,Enterprise,PE,Paid Ads,True
C001424,2023-11-28,SMB,SM,Paid Ads,True
C001425,2022-09-08,SMB,LV,Partner,True
C001426,2023-08-02,Mid-Market,JM,Paid Ads,False
C001427,2022-01-13,Enterprise,CY,Organic,True
C001428,2024-05-20,SMB,CG,Partner,True
C001429,2023-05-18,SMB,UY,Partner,True
C001430,2022-09-09,Mid-Market,LU,Partner,True
C001431,2023-06-19,SMB,BE,Partner,True
C001432,2022-07-15,Mid-Market,CG,Referral,True
C001433,2022-03-29,SMB,SV,Referral,True
C001434,2024-04-25,SMB,AT,Partner,False
C001435,2023-12-30,Enterprise,NP,Paid Ads,False
C001436,2024-08-17,Mid-Market,ZA,Referral,True
C001437,2023-03-15,Mid-Market,UA,Partner,True
C001438,2023-03-25,SMB,CV,Partner,False
C001439,2024-02-06,SMB,DK,Organic,True
C001440,2022-07-26,SMB,TN,Partner,True
C001441,2024-12-21,SMB,GR,Referral,False
C001442,2024-08-24,Mid-Market,GB,Paid Ads,True
C001443,2022-11-05,Enterprise,FI,Organic,True
C001444,2022-10-06,SMB,BE,Partner,True
C001445,2022-09-22,SMB,VE,Organic,False
C001446,2023-10-08,SMB,ES,Referral,True
C001447,2023-11-24,SMB,EE,Referral,True
C001448,2024-02-11,SMB,MK,Organic,True
C001449,2024-06-26,SMB,DO,Partner,True
C001450,2022-10-14,SMB,FM,Referral,True
C001451,2024-09-15,Enterprise,RW,Paid Ads,True
C001452,2023-04-21,SMB,MK,Referral,True
C001453,2023-02-21,SMB,SL,Paid Ads,True
C001454,2024-11-22,Mid-Market,CZ,Referral,False
C001455,2022-04-02,SMB,PY,Partner,True
C001456,2024-03-14,SMB,MV,Referral,True
C001457,2023-08-05,SMB,AD,Organic,True
C001458,2023-03-15,Mid-Market,SA,Organic,True
C001459,2024-04-04,Enterprise,AO,Paid Ads,True
C001460,2023-05-16,Mid-Market,FR,Organic,True
C001461,2024-01-02,Enterprise,DK,Referral,True
C001462,2022-12-28,SMB,MD,Referral,False
C001463,2022-09-30,Mid-Market,ET,Partner,True
C001464,2023-06-08,SMB,WS,Referral,True
C001465,2022-04-24,SMB,MT,Paid Ads,False
C001466,2023-02-15,SMB,AO,Referral,True
C001467,2022-11-19,SMB,PH,Partner,True
C001468,2023-05-04,SMB,LY,Referral,True
C001469,2022-07-30,Mid-Market,TW,Organic,True
C001470,2024-02-09,Mid-Market,IL,Organic,True
C001471,2024-09-29,SMB,GH,Referral,True
C001472,2023-11-01,SMB,SV,Referral,True
C001473,2024-03-31,Mid-Market,MU,Organic,True
C001474,2024-08-11,Enterprise,MD,Organic,True
C001475,2024-12-28,Mid-Market,CU,Partner,True
C001476,2023-01-18,SMB,DZ,Organic,True
C001477,2024-09-12,SMB,SD,Referral,True
C001478,2022-04-09,Enterprise,OM,Partner,True
C001479,2023-09-30,Mid-Market,IR,Partner,True
C001480,2023-01-04,Mid-Market,GH,Referral,True
C001481,2023-10-13,Mid-Market,BA,Organic,False
C001482,2024-02-12,SMB,CN,Referral,True
C001483,2024-07-31,SMB,MW,Organic,False
C001484,2023-02-09,SMB,GH,Paid Ads,True
C001485,2024-10-25,Enterprise,KE,Partner,True
C001486,2023-05-10,Enterprise,TW,Paid Ads,True
C001487,2023-04-01,SMB,BZ,Organic,True
C001488,2023-08-27,Enterprise,IN,Referral,True
C001489,2023-06-21,Mid-Market,ME,Paid Ads,True
C001490,2022-05-16,Enterprise,IL,Referral,True
C001491,2024-07-08,SMB,NZ,Paid Ads,True
C001492,2023-02-12,SMB,IN,Organic,False
C001493,2023-01-19,SMB,YE,Paid Ads,False
C001494,2024-05-29,Mid-Market,KI,Organic,True
C001495,2024-08-09,SMB,MA,Organic,True
C001496,2023-06-13,SMB,KE,Paid Ads,True
C001497,2023-04-06,SMB,IE,Paid Ads,True
C001498,2024-09-04,Mid-Market,RS,Paid Ads,True
C001499,2024-03-19,SMB,PW,Partner,True
C001500,2024-10-24,Enterprise,KI,Partner,True
C001501,2024-06-19,SMB,LI,Partner,True
C001502,2023-05-15,SMB,UZ,Partner,False
C001503,2023-11-23,SMB,SB,Partner,True
C001504,2022-08-02,Mid-Market,TD,Referral,True
C001505,2022-11-19,SMB,HT,Paid Ads,True
C001506,2023-08-20,Mid-Market,BY,Paid Ads,True
C001507,2022-07-24,SMB,UY,Organic,True
C001508,2024-08-16,SMB,LC,Paid Ads,True
C001509,2022-07-17,SMB,MV,Referral,True
C001510,2023-11-03,Enterprise,NG,Referral,True
C001511,2022-09-11,Mid-Market,AF,Paid Ads,True
C001512,2024-07-27,SMB,DE,Partner,True
C001513,2022-01-02,Mid-Market,HR,Partner,False
C001514,2022-04-02,Enterprise,MV,Referral,True
C001515,2023-05-26,Mid-Market,KN,Partner,False
C001516,2023-09-20,SMB,CR,Paid Ads,True
C001517,2023-03-19,SMB,BS,Referral,True
C001518,2023-08-23,SMB,AD,Organic,False
C001519,2023-09-21,Mid-Market,MR,Organic,True
C001520,2022-12-29,SMB,GE,Paid Ads,False
C001521,2023-03-25,SMB,BW,Partner,True
C001522,2023-01-28,SMB,AZ,Organic,True
C001523,2024-12-23,SMB,SO,Paid Ads,False
C001524,2022-01-04,SMB,VE,Partner,True
C001525,2024-04-20,SMB,AT,Paid Ads,True
C001526,2022-11-05,SMB,AR,Organic,True
C001527,2022-06-05,Enterprise,VA,Partner,True
C001528,2023-12-16,Mid-Market,ME,Organic,True
C001529,2022-01-13,Mid-Market,FM,Partner,True
C001530,2023-09-19,SMB,SK,Organic,True
C001531,2024-03-06,SMB,ID,Partner,True
C001532,2024-12-08,SMB,VN,Partner,True
C001533,2024-09-12,SMB,KM,Partner,True
C001534,2024-05-11,SMB,MH,Partner,True
C001535,2024-07-14,SMB,NI,Referral,False
C001536,2024-09-06,Mid-Market,CA,Paid Ads,True
C001537,2024-12-10,SMB,PK,Paid Ads,True
C001538,2023-05-08,SMB,RO,Organic,False
C001539,2023-01-19,Mid-Market,UY,Partner,True
C001540,2023-06-26,Enterprise,ST,Referral,True
C001541,2023-05-18,SMB,TM,Partner,False
C001542,2023-04-29,Mid-Market,AR,Partner,True
C001543,2023-10-16,Enterprise,DM,Partner,True
C001544,2023-07-31,SMB,SM,Referral,True
C001545,2022-04-06,SMB,DK,Paid Ads,True
C001546,2023-10-14,SMB,UZ,Paid Ads,True
C001547,2022-09-05,SMB,PE,Referral,True
C001548,2022-10-10,SMB,CM,Partner,False
C001549,2024-07-09,SMB,DJ,Referral,True
C001550,2022-05-13,Enterprise,CV,Referral,True
C001551,2023-08-27,SMB,TV,Partner,True
C001552,2022-07-22,SMB,TH,Partner,True
C001553,2022-07-07,SMB,BR,Referral,True
C001554,2022-10-14,Mid-Market,MY,Organic,True
C001555,2024-02-28,SMB,UY,Paid Ads,False
C001556,2024-11-14,SMB,JM,Partner,True
C001557,2024-04-18,SMB,LT,Organic,True
C001558,2024-05-30,SMB,KN,Paid Ads,True
C001559,2022-01-28,Mid-Market,MK,Partner,True
C001560,2024-04-24,SMB,NG,Referral,True
C001561,2024-01-29,SMB,SA,Paid Ads,False
C001562,2023-01-21,Enterprise,KH,Paid Ads,True
C001563,2023-05-23,Mid-Market,FJ,Organic,True
C001564,2024-09-11,Enterprise,KE,Organic,True
C001565,2023-11-19,SMB,LU,Partner,True
C001566,2022-08-10,SMB,SD,Partner,True
C001567,2023-09-14,SMB,LK,Organic,False
C001568,2023-07-17,SMB,LU,Partner,True
C001569,2024-04-09,SMB,PS,Organic,True
C001570,2023-09-30,Mid-Market,VA,Paid Ads,True
C001571,2022-10-26,Mid-Market,MW,Organic,True
C001572,2023-05-05,Enterprise,CL,Paid Ads,True
C001573,2023-02-25,SMB,PG,Organic,True
C001574,2022-06-17,SMB,ZA,Partner,False
C001575,2022-07-25,Enterprise,TZ,Paid Ads,True
C001576,2022-05-22,Enterprise,CO,Referral,False
C001577,2024-03-22,SMB,CF,Partner,True
C001578,2024-07-14,Mid-Market,LS,Organic,True
C001579,2023-10-30,SMB,TN,Partner,True
C001580,2023-11-04,Mid-Market,SI,Paid Ads,True
C001581,2022-02-22,SMB,FM,Referral,True
C001582,2022-07-10,Enterprise,PH,Partner,True
C001583,2024-09-15,Mid-Market,TN,Organic,True
C001584,2022-07-28,Mid-Market,SL,Referral,True
C001585,2022-12-31,SMB,TO,Partner,False
C001586,2024-12-09,SMB,GA,Paid Ads,True
C001587,2024-01-22,SMB,CG,Referral,True
C001588,2023-08-01,Mid-Market,DK,Referral,True
C001589,2024-11-25,SMB,YE,Paid Ads,True
C001590,2022-08-24,Enterprise,GM,Referral,True
C001591,2023-06-28,SMB,WS,Partner,True
C001592,2024-09-23,SMB,VE,Paid Ads,False
C001593,2024-12-24,Mid-Market,UY,Referral,False
C001594,2024-08-27,SMB,NG,Partner,True
C001595,2023-05-28,SMB,PK,Partner,True
C001596,2024-12-12,SMB,SN,Organic,True
C001597,2022-07-31,SMB,ZW,Organic,False
C001598,2022-10-12,Mid-Market,TR,Paid Ads,False
C001599,2022-09-22,SMB,CM,Partner,True
C001600,2023-12-09,SMB,PL,Referral,False
C001601,2023-11-15,Enterprise,GM,Referral,True
C001602,2023-07-22,Mid-Market,BD,Organic,True
C001603,2023-01-31,Mid-Market,TN,Paid Ads,True
C001604,2023-02-06,Enterprise,DO,Paid Ads,False
C001605,2024-05-08,SMB,GM,Referral,True
C001606,2023-08-10,Mid-Market,SO,Paid Ads,False
C001607,2023-04-01,SMB,SC,Organic,True
C001608,2023-09-27,Mid-Market,DK,Organic,True
C001609,2022-07-21,SMB,ID,Partner,True
C001610,2024-10-17,Enterprise,BI,Partner,True
C001611,2022-04-19,SMB,GN,Partner,True
C001612,2023-03-06,SMB,MW,Partner,True
C001613,2024-11-03,SMB,WS,Paid Ads,True
C001614,2023-10-20,SMB,ML,Organic,True
C001615,2023-10-26,SMB,KI,Organic,True
C001616,2024-05-09,SMB,BF,Paid Ads,True
C001617,2024-05-29,SMB,CD,Organic,True
C001618,2023-09-18,Enterprise,GT,Organic,True
C001619,2024-12-14,Enterprise,KG,Organic,True
C001620,2023-05-19,Mid-Market,ET,Organic,True
C001621,2022-04-16,SMB,BA,Referral,False
C001622,2024-12-23,Enterprise,MH,Partner,True
C001623,2023-09-01,Mid-Market,FJ,Referral,True
C001624,2022-11-27,Mid-Market,MG,Partner,True
C001625,2022-09-01,Enterprise,KI,Organic,True
C001626,2023-01-20,Enterprise,SD,Partner,True
C001627,2023-06-18,SMB,LS,Paid Ads,True
C001628,2022-01-02,SMB,LS,Referral,False
C001629,2023-07-16,SMB,UY,Referral,True
C001630,2024-07-30,Mid-Market,AD,Partner,True
C001631,2022-11-25,Enterprise,KM,Organic,True
C001632,2023-12-28,SMB,BD,Referral,True
C001633,2022-04-18,Mid-Market,AZ,Referral,True
C001634,2024-11-18,SMB,MT,Partner,True
C001635,2024-01-25,SMB,BG,Organic,False
C001636,2022-11-30,Mid-Market,ET,Referral,True
C001637,2024-09-15,Enterprise,NG,Organic,True
C001638,2024-09-05,Mid-Market,CO,Referral,True
C001639,2023-01-28,SMB,TM,Organic,True
C001640,2022-11-05,SMB,CO,Organic,True
C001641,2024-08-05,SMB,LU,Organic,True
C001642,2023-03-26,SMB,EE,Paid Ads,True
C001643,2024-03-10,SMB,DK,Paid Ads,True
C001644,2023-05-26,SMB,TN,Referral,False
C001645,2023-09-19,SMB,CV,Partner,True
C001646,2024-09-21,SMB,BS,Partner,False
C001647,2024-02-17,SMB,BI,Referral,True
C001648,2022-02-02,SMB,AT,Referral,True
C001649,2024-08-21,SMB,GY,Partner,True
C001650,2023-03-15,SMB,DO,Referral,False
C001651,2023-07-14,Mid-Market,NE,Partner,True
C001652,2024-09-02,SMB,NP,Referral,True
C001653,2022-12-03,SMB,GW,Paid Ads,True
C001654,2023-11-28,SMB,PW,Organic,False
C001655,2023-08-12,SMB,PY,Referral,True
C001656,2023-01-05,SMB,CU,Referral,True
C001657,2023-05-11,SMB,CG,Paid Ads,True
C001658,2024-11-27,SMB,AG,Partner,True
C001659,2023-07-13,Mid-Market,SM,Partner,True
C001660,2022-10-17,SMB,FM,Partner,True
C001661,2023-06-22,SMB,FM,Paid Ads,True
C001662,2022-01-09,SMB,GH,Organic,True
C001663,2024-07-28,Enterprise,SM,Organic,True
C001664,2023-07-31,Mid-Market,SZ,Referral,True
C001665,2024-02-11,SMB,EC,Paid Ads,True
C001666,2022-03-08,Mid-Market,TL,Referral,True
C001667,2023-05-25,SMB,LU,Organic,True
C001668,2022-07-27,SMB,AT,Paid Ads,False
C001669,2023-11-26,SMB,DE,Organic,True
C001670,2022-02-28,SMB,PH,Paid Ads,True
C001671,2023-04-26,SMB,HR,Organic,True
C001672,2023-08-20,SMB,BO,Organic,True
C001673,2023-11-30,SMB,TG,Referral,True
C001674,2024-08-16,SMB,PE,Partner,True
C001675,2023-12-02,SMB,MU,Referral,True
C001676,2022-08-22,SMB,LR,Partner,False
C001677,2023-03-05,SMB,AZ,Referral,True
C001678,2024-01-04,Mid-Market,MD,Referral,True
C001679,2022-06-04,SMB,MH,Paid Ads,True
C001680,2022-08-16,SMB,NZ,Referral,True
C001681,2022-12-27,SMB,AF,Paid Ads,True
C001682,2022-07-27,SMB,NE,Organic,True
C001683,2022-10-09,Mid-Market,CH,Paid Ads,True
C001684,2023-12-13,SMB,SE,Paid Ads,False
C001685,2022-03-28,Mid-Market,VC,Paid Ads,True
C001686,2023-12-05,SMB,LR,Paid Ads,True
C001687,2022-12-30,SMB,SA,Partner,True
C001688,2022-10-02,SMB,GR,Organic,True
C001689,2024-09-24,SMB,BI,Referral,True
C001690,2024-01-23,SMB,MG,Paid Ads,False
C001691,2024-09-27,SMB,MY,Paid Ads,True
C001692,2024-02-20,Mid-Market,GA,Organic,True
C001693,2023-03-12,Mid-Market,IQ,Referral,False
C001694,2022-12-10,SMB,YE,Paid Ads,True
C001695,2022-05-17,SMB,MH,Paid Ads,False
C001696,2022-02-07,SMB,MZ,Paid Ads,False
C001697,2023-12-21,SMB,OM,Referral,False
C001698,2023-05-28,Mid-Market,LC,Referral,True
C001699,2023-12-18,SMB,AZ,Partner,True
C001700,2022-05-17,SMB,TN,Paid Ads,True
C001701,2024-06-06,SMB,TD,Referral,True
C001702,2024-07-29,Mid-Market,ET,Partner,True
C001703,2023-08-04,SMB,IN,Paid Ads,True
C001704,2023-03-17,SMB,RS,Paid Ads,True
C001705,2024-09-09,Enterprise,ST,Partner,True
C001706,2023-09-25,SMB,JO,Paid Ads,True
C001707,2023-07-16,Mid-Market,KG,Paid Ads,True
C001708,2024-07-06,Mid-Market,OM,Paid Ads,True
C001709,2023-02-15,Enterprise,TM,Referral,True
C001710,2023-11-22,SMB,LT,Organic,False
C001711,2023-04-22,SMB,IR,Paid Ads,False
C001712,2023-03-20,SMB,HN,Referral,True
C001713,2022-02-21,Enterprise,ID,Organic,True
C001714,2023-01-03,SMB,CA,Organic,False
C001715,2022-03-23,SMB,SO,Paid Ads,True
C001716,2024-10-15,SMB,CN,Paid Ads,False
C001717,2023-08-29,SMB,ME,Referral,True
C001718,2023-08-08,Mid-Market,MV,Referral,True
C001719,2022-05-26,SMB,ML,Partner,False
C001720,2024-02-27,Enterprise,KM,Organic,True
C001721,2023-12-01,Enterprise,AM,Paid Ads,True
C001722,2024-11-15,SMB,MM,Organic,True
C001723,2023-06-29,SMB,BI,Partner,False
C001724,2024-10-14,SMB,UG,Partner,True
C001725,2022-06-16,SMB,CG,Partner,False
C001726,2023-03-14,Mid-Market,KW,Partner,True
C001727,2024-11-23,Mid-Market,MG,Referral,True
C001728,2024-02-13,SMB,AU,Paid Ads,True
C001729,2022-08-25,Enterprise,DJ,Referral,True
C001730,2024-04-03,SMB,MN,Partner,True
C001731,2023-05-06,Mid-Market,CZ,Partner,True
C001732,2022-02-02,SMB,BE,Partner,True
C001733,2023-09-20,Mid-Market,SY,Paid Ads,True
C001734,2022-11-24,Enterprise,CI,Referral,True
C001735,2023-02-17,SMB,VE,Partner,True
C001736,2024-11-06,SMB,LR,Partner,True
C001737,2023-03-16,SMB,VE,Paid Ads,False
C001738,2024-10-08,SMB,TD,Organic,True
C001739,2022-07-01,SMB,LS,Referral,True
C001740,2022-01-30,Enterprise,BG,Organic,True
C001741,2022-07-25,SMB,LA,Paid Ads,True
C001742,2024-11-24,SMB,AD,Referral,True
C001743,2023-11-21,SMB,MT,Partner,False
C001744,2023-05-25,SMB,ME,Paid Ads,True
C001745,2022-03-04,SMB,SR,Referral,True
C001746,2022-06-08,SMB,NO,Partner,False
C001747,2022-08-13,Enterprise,YE,Referral,True
C001748,2022-08-24,SMB,CR,Partner,True
C001749,2023-01-12,SMB,TN,Organic,False
C001750,2024-09-01,Enterprise,UY,Paid Ads,True
C001751,2023-03-24,SMB,AO,Partner,False
C001752,2024-03-18,SMB,IE,Referral,False
C001753,2024-04-30,SMB,GM,Partner,False
C001754,2022-06-02,Mid-Market,MM,Partner,True
C001755,2023-02-27,SMB,GT,Partner,True
C001756,2024-01-11,SMB,TL,Paid Ads,True
C001757,2022-05-04,Enterprise,MY,Paid Ads,True
C001758,2024-10-04,SMB,BY,Partner,False
C001759,2023-02-14,SMB,VU,Paid Ads,True
C001760,2022-12-24,Mid-Market,ML,Organic,True
C001761,2023-01-29,Enterprise,GB,Referral,True
C001762,2023-03-01,Mid-Market,KN,Partner,False
C001763,2024-03-08,Enterprise,NR,Organic,True
C001764,2023-03-01,Mid-Market,NL,Referral,True
C001765,2023-12-02,Mid-Market,NR,Organic,True
C001766,2024-05-30,SMB,SE,Partner,True
C001767,2024-08-27,Mid-Market,ST,Organic,True
C001768,2024-07-27,Mid-Market,MD,Paid Ads,True
C001769,2024-12-29,SMB,LK,Referral,True
C001770,2022-04-24,SMB,ET,Organic,True
C001771,2022-05-08,Mid-Market,CF,Organic,True
C001772,2024-12-05,SMB,SI,Organic,True
C001773,2024-05-04,Mid-Market,NI,Paid Ads,True
C001774,2023-03-08,Enterprise,HU,Partner,True
C001775,2023-11-02,SMB,CL,Partner,True
C001776,2022-01-10,SMB,SA,Referral,True
C001777,2024-08-29,SMB,BA,Partner,True
C001778,2024-12-07,SMB,BI,Referral,True
C001779,2022-10-29,Mid-Market,NI,Paid Ads,True
C001780,2024-03-14,Mid-Market,GA,Paid Ads,False
C001781,2022-11-11,Enterprise,PE,Paid Ads,True
C001782,2023-10-06,Mid-Market,LT,Partner,True
C001783,2023-11-08,SMB,MH,Referral,True
C001784,2022-11-16,Enterprise,BB,Paid Ads,True
C001785,2022-10-21,SMB,DE,Paid Ads,True
C001786,2023-09-03,SMB,GE,Partner,True
C001787,2023-08-01,Mid-Market,SR,Partner,True
C001788,2023-07-15,Enterprise,ZA,Referral,False
C001789,2022-10-27,Mid-Market,JO,Referral,True
C001790,2022-10-10,Mid-Market,FM,Referral,True
C001791,2022-04-05,SMB,SV,Organic,True
C001792,2023-03-06,SMB,PT,Partner,True
C001793,2023-08-06,SMB,TN,Referral,True
C001794,2024-09-14,SMB,LT,Organic,False
C001795,2022-07-30,Enterprise,JP,Partner,True
C001796,2022-03-17,Mid-Market,GY,Referral,True
C001797,2024-03-27,SMB,DZ,Organic,False
C001798,2023-09-21,Mid-Market,TR,Organic,False
C001799,2023-06-29,Mid-Market,LS,Referral,False
C001800,2022-10-19,SMB,IS,Organic,True
C001801,2024-05-23,Mid-Market,SN,Referral,True
C001802,2022-11-02,Enterprise,PH,Referral,True
C001803,2024-02-13,SMB,MW,Organic,True
C001804,2023-08-02,Mid-Market,BW,Organic,True
C001805,2022-07-22,SMB,EE,Partner,True
C001806,2024-01-01,Mid-Market,SL,Organic,True
C001807,2023-04-03,Enterprise,LV,Partner,True
C001808,2023-01-19,Mid-Market,TN,Paid Ads,True
C001809,2024-08-26,SMB,GN,Referral,False
C001810,2023-04-15,SMB,IL,Paid Ads,True
C001811,2023-11-25,SMB,EG,Referral,True
C001812,2023-07-03,Enterprise,SN,Organic,True
C001813,2022-07-05,SMB,SZ,Paid Ads,False
C001814,2024-05-21,Mid-Market,BR,Organic,False
C001815,2024-11-08,SMB,KW,Paid Ads,True
C001816,2024-05-07,SMB,AZ,Partner,True
C001817,2022-05-12,SMB,AZ,Referral,True
C001818,2023-12-24,Mid-Market,CM,Partner,True
C001819,2024-06-29,SMB,BZ,Organic,True
C001820,2022-07-28,Mid-Market,UZ,Paid Ads,True
C001821,2024-07-08,Enterprise,SI,Partner,True
C001822,2024-10-19,SMB,UY,Organic,True
C001823,2023-01-05,Enterprise,TN,Paid Ads,True
C001824,2024-12-06,SMB,NA,Organic,True
C001825,2022-04-25,SMB,SI,Partner,True
C001826,2022-10-14,Mid-Market,MU,Organic,False
C001827,2022-06-18,Mid-Market,BE,Referral,True
C001828,2024-04-13,Mid-Market,SZ,Referral,True
C001829,2024-01-26,SMB,KE,Referral,True
C001830,2023-01-25,Enterprise,MT,Paid Ads,True
C001831,2024-07-29,SMB,KR,Referral,True
C001832,2024-04-04,Mid-Market,NL,Paid Ads,True
C001833,2024-02-01,SMB,GR,Partner,True
C001834,2023-11-27,SMB,AU,Organic,True
C001835,2024-01-27,SMB,RO,Organic,True
C001836,2022-09-09,SMB,KG,Partner,False
C001837,2024-11-21,Mid-Market,CA,Referral,True
C001838,2023-12-23,SMB,SY,Organic,True
C001839,2024-09-13,SMB,SG,Organic,False
C001840,2023-01-06,SMB,IE,Organic,True
C001841,2023-08-05,SMB,YE,Organic,True
C001842,2023-02-10,SMB,FR,Referral,True
C001843,2024-09-05,SMB,LU,Referral,True
C001844,2022-05-11,SMB,KE,Partner,True
C001845,2023-01-16,SMB,TL,Referral,False
C001846,2024-01-05,Enterprise,GR,Organic,True
C001847,2022-01-25,SMB,PG,Organic,False
C001848,2024-02-22,SMB,EC,Partner,True
C001849,2022-01-10,Enterprise,YE,Paid Ads,True
C001850,2024-04-01,SMB,SO,Organic,True
C001851,2022-09-27,SMB,AU,Referral,True
C001852,2023-01-11,Enterprise,LR,Organic,True
C001853,2024-12-11,SMB,OM,Paid Ads,True
C001854,2022-12-26,SMB,BW,Organic,True
C001855,2024-08-30,SMB,NP,Organic,True
C001856,2023-06-19,SMB,LV,Partner,True
C001857,2023-07-12,SMB,MK,Organic,True
C001858,2024-01-07,Enterprise,ZM,Referral,True
C001859,2024-10-13,SMB,SE,Paid Ads,True
C001860,2023-03-29,Enterprise,FR,Referral,True
C001861,2024-01-22,Enterprise,YE,Paid Ads,True
C001862,2022-04-06,Mid-Market,PH,Referral,True
C001863,2024-11-10,Mid-Market,BF,Referral,True
C001864,2022-09-21,Enterprise,BD,Partner,True
C001865,2023-11-25,Mid-Market,SR,Referral,True
C001866,2022-03-29,SMB,TN,Partner,False
C001867,2022-01-30,Mid-Market,LR,Paid Ads,True
C001868,2023-03-26,Mid-Market,SZ,Referral,False
C001869,2023-12-11,SMB,FM,Organic,True
C001870,2024-12-06,SMB,KP,Paid Ads,True
C001871,2022-07-10,SMB,KR,Organic,False
C001872,2024-09-23,SMB,OM,Referral,True
C001873,2023-06-08,Enterprise,MH,Partner,True
C001874,2022-07-18,SMB,MN,Partner,True
C001875,2023-07-18,SMB,BG,Paid Ads,True
C001876,2022-09-10,SMB,YE,Paid Ads,True
C001877,2023-01-14,SMB,BA,Paid Ads,True
C001878,2023-09-29,Mid-Market,WS,Paid Ads,True
C001879,2023-01-14,Mid-Market,AR,Paid Ads,True
C001880,2022-04-02,SMB,AF,Paid Ads,True
C001881,2023-05-15,SMB,SY,Organic,True
C001882,2022-01-28,Mid-Market,AD,Organic,True
C001883,2023-07-12,Mid-Market,RO,Partner,True
C001884,2023-09-01,SMB,IS,Paid Ads,False
C001885,2023-06-13,SMB,TW,Referral,True
C001886,2022-06-24,SMB,AF,Partner,False
C001887,2024-03-08,Mid-Market,CI,Organic,True
C001888,2022-02-22,Enterprise,MR,Referral,True
C001889,2024-07-12,SMB,RO,Organic,True
C001890,2024-03-08,Enterprise,ST,Paid Ads,True
C001891,2022-06-25,SMB,FR,Referral,True
C001892,2022-03-01,SMB,MC,Paid Ads,True
C001893,2022-01-30,SMB,KN,Partner,False
C001894,2024-10-08,SMB,US,Paid Ads,True
C001895,2023-02-16,SMB,GR,Organic,True
C001896,2022-10-28,SMB,MV,Referral,True
C001897,2024-12-10,SMB,VC,Referral,False
C001898,2023-11-23,Mid-Market,AZ,Organic,True
C001899,2022-06-24,SMB,ID,Referral,True
C001900,2023-08-30,Mid-Market,PH,Paid Ads,True
C001901,2024-07-08,Enterprise,PA,Partner,False
C001902,2023-08-09,Mid-Market,CH,Paid Ads,True
C001903,2024-02-23,SMB,CI,Paid Ads,False
C001904,2024-05-29,SMB,BG,Referral,True
C001905,2023-08-16,Mid-Market,ER,Partner,True
C001906,2022-10-25,Enterprise,KZ,Organic,True
C001907,2022-10-17,SMB,TT,Referral,True
C001908,2023-01-07,SMB,CD,Paid Ads,True
C001909,2022-10-26,Enterprise,JP,Organic,True
C001910,2024-09-26,SMB,CV,Organic,True
C001911,2023-05-31,Mid-Market,GM,Organic,True
C001912,2022-07-21,Mid-Market,ZW,Referral,True
C001913,2022-01-31,SMB,HU,Organic,True
C001914,2023-11-28,Mid-Market,EC,Partner,True
C001915,2023-06-23,SMB,GR,Organic,True
C001916,2022-07-08,SMB,MU,Referral,True
C001917,2024-11-05,Mid-Market,NP,Partner,True
C001918,2024-06-28,SMB,LS,Organic,True
C001919,2022-05-13,SMB,VN,Organic,True
C001920,2024-11-03,Enterprise,NG,Partner,True
C001921,2023-11-23,SMB,BJ,Organic,False
C001922,2023-03-27,SMB,YE,Paid Ads,True
C001923,2023-07-07,SMB,UG,Paid Ads,True
C001924,2022-12-09,Mid-Market,AZ,Referral,True
C001925,2023-08-03,Enterprise,SY,Referral,True
C001926,2024-12-17,SMB,KW,Paid Ads,True
C001927,2022-12-30,Mid-Market,NZ,Paid Ads,True
C001928,2023-09-20,Mid-Market,IT,Paid Ads,True
C001929,2024-09-05,Mid-Market,CZ,Partner,False
C001930,2023-04-23,Mid-Market,GB,Referral,True
C001931,2023-03-19,Enterprise,IT,Organic,True
C001932,2023-07-01,SMB,CU,Partner,True
C001933,2022-06-01,Mid-Market,GT,Referral,True
C001934,2022-09-06,SMB,TG,Referral,True
C001935,2022-03-01,Enterprise,BS,Organic,True
C001936,2023-01-01,SMB,HR,Paid Ads,True
C001937,2024-09-05,SMB,GQ,Paid Ads,True
C001938,2024-02-27,Mid-Market,PL,Referral,True
C001939,2024-05-28,Mid-Market,BF,Referral,False
C001940,2022-03-24,SMB,LU,Referral,False
C001941,2023-06-19,SMB,KP,Referral,True
C001942,2024-04-05,Mid-Market,MV,Partner,True
C001943,2022-04-29,Enterprise,CA,Paid Ads,True
C001944,2023-07-06,SMB,MD,Partner,True
C001945,2024-10-04,SMB,EC,Organic,True
C001946,2022-09-23,SMB,IE,Paid Ads,True
C001947,2024-01-02,Mid-Market,LB,Organic,False
C001948,2022-10-23,SMB,BS,Partner,True
C001949,2024-11-05,Enterprise,CR,Paid Ads,True
C001950,2022-04-01,Enterprise,BY,Organic,True
C001951,2022-10-23,SMB,MR,Organic,False
C001952,2024-08-21,Mid-Market,GE,Organic,True
C001953,2022-04-02,SMB,SG,Referral,True
C001954,2023-11-27,SMB,FR,Partner,True
C001955,2023-01-31,SMB,SY,Paid Ads,True
C001956,2024-05-16,SMB,SC,Partner,True
C001957,2023-10-13,Enterprise,CG,Referral,True
C001958,2022-11-14,SMB,ML,Organic,True
C001959,2024-10-20,Mid-Market,MM,Organic,True
C001960,2024-03-23,SMB,LK,Partner,False
C001961,2023-08-04,Enterprise,HN,Paid Ads,True
C001962,2023-10-22,SMB,LY,Referral,True
C001963,2024-01-22,SMB,LT,Referral,True
C001964,2023-09-09,SMB,MR,Organic,True
C001965,2023-10-15,SMB,LB,Referral,True
C001966,2024-07-29,SMB,LY,Paid Ads,False
C001967,2023-04-13,Mid-Market,MC,Partner,True
C001968,2022-05-09,Mid-Market,MX,Paid Ads,True
C001969,2023-08-02,SMB,BN,Partner,False
C001970,2023-10-17,SMB,BW,Referral,False
C001971,2022-04-21,Mid-Market,CI,Partner,True
C001972,2023-05-16,SMB,SI,Paid Ads,True
C001973,2023-01-22,SMB,KW,Referral,True
C001974,2023-10-26,SMB,PT,Paid Ads,True
C001975,2024-11-22,Enterprise,ER,Referral,True
C001976,2023-02-20,SMB,VA,Organic,True
C001977,2024-03-06,Enterprise,CH,Partner,True
C001978,2024-08-02,SMB,TJ,Paid Ads,True
C001979,2023-10-09,Enterprise,ET,Organic,True
C001980,2022-11-09,Enterprise,SE,Referral,True
C001981,2024-11-24,SMB,SL,Partner,True
C001982,2024-12-23,Enterprise,TD,Referral,True
C001983,2024-09-30,SMB,IR,Partner,True
C001984,2024-09-17,Mid-Market,BT,Referral,False
C001985,2024-03-23,Mid-Market,KZ,Organic,False
C001986,2024-06-09,SMB,CG,Organic,True
C001987,2024-06-17,Enterprise,NO,Paid Ads,True
C001988,2022-04-14,SMB,IR,Partner,True
C001989,2022-06-30,SMB,ST,Paid Ads,True
C001990,2022-06-28,SMB,LV,Partner,True
C001991,2022-11-05,Mid-Market,GA,Paid Ads,True
C001992,2024-11-23,SMB,VE,Paid Ads,True
C001993,2023-03-18,Enterprise,HU,Paid Ads,True
C001994,2024-12-08,SMB,MR,Referral,True
C001995,2023-11-17,Enterprise,AR,Paid Ads,True
C001996,2023-05-29,Enterprise,GA,Partner,True
C001997,2023-05-23,SMB,AG,Organic,False
C001998,2024-04-05,Enterprise,BS,Partner,False
C001999,2022-04-04,SMB,IE,Partner,True
C002000,2022-07-08,Mid-Market,BI,Partner,True
C002001,2022-05-22,SMB,CI,Paid Ads,False
C002002,2024-03-25,SMB,SD,Organic,True
C002003,2022-10-03,SMB,DE,Referral,False
C002004,2022-04-28,Enterprise,AU,Paid Ads,True
C002005,2024-12-30,SMB,WS,Partner,True
C002006,2022-07-23,SMB,BZ,Paid Ads,True
C002007,2024-09-20,Mid-Market,PS,Paid Ads,True
C002008,2023-05-10,SMB,FJ,Paid Ads,False
C002009,2024-03-26,SMB,VN,Partner,True
C002010,2023-08-15,Mid-Market,TL,Organic,False
C002011,2023-02-14,SMB,NR,Paid Ads,False
C002012,2022-08-07,SMB,CZ,Organic,True
C002013,2023-01-02,SMB,GB,Partner,False
C002014,2022-04-22,SMB,KG,Organic,True
C002015,2024-01-31,Enterprise,ZA,Partner,True
C002016,2022-03-26,Mid-Market,GW,Partner,True
C002017,2023-01-13,SMB,BS,Partner,True
C002018,2022-02-28,SMB,CN,Partner,False
C002019,2022-11-12,SMB,ZM,Organic,True
C002020,2023-03-04,SMB,GA,Partner,True
C002021,2022-12-01,Mid-Market,TM,Paid Ads,True
C002022,2023-03-08,Mid-Market,SN,Partner,True
C002023,2022-02-12,Mid-Market,BR,Referral,False
C002024,2022-03-07,SMB,MD,Partner,True
C002025,2024-05-19,Mid-Market,DJ,Paid Ads,True
C002026,2024-04-01,SMB,TH,Paid Ads,True
C002027,2023-08-14,Mid-Market,ES,Referral,True
C002028,2023-09-03,SMB,BY,Partner,True
C002029,2022-12-12,SMB,MH,Organic,True
C002030,2022-09-13,SMB,NZ,Paid Ads,False
C002031,2024-04-18,Mid-Market,BF,Partner,True
C002032,2022-11-07,Enterprise,SG,Partner,True
C002033,2023-07-09,Mid-Market,GD,Organic,True
C002034,2023-06-30,Mid-Market,IT,Paid Ads,True
C002035,2023-07-01,Enterprise,ME,Referral,True
C002036,2022-09-01,Mid-Market,LS,Partner,False
C002037,2023-07-01,SMB,NG,Organic,False
C002038,2023-12-03,SMB,ME,Referral,False
C002039,2024-06-05,Mid-Market,ST,Paid Ads,True
C002040,2022-05-30,SMB,ID,Paid Ads,True
C002041,2023-08-27,Enterprise,BD,Paid Ads,True
C002042,2024-11-06,Enterprise,WS,Partner,True
C002043,2022-01-21,SMB,MC,Partner,False
C002044,2023-09-06,SMB,ZA,Referral,True
C002045,2022-09-23,SMB,KZ,Paid Ads,True
C002046,2023-03-27,Enterprise,LT,Organic,False
C002047,2024-01-03,Mid-Market,PW,Organic,True
C002048,2024-09-05,SMB,VE,Organic,True
C002049,2023-06-01,SMB,CU,Referral,False
C002050,2023-08-31,SMB,TT,Partner,True
C002051,2024-10-15,SMB,PH,Organic,True
C002052,2023-03-26,SMB,ZM,Paid Ads,False
C002053,2024-06-20,SMB,BW,Organic,True
C002054,2022-01-06,SMB,TD,Paid Ads,True
C002055,2022-03-23,Mid-Market,BR,Organic,True
C002056,2023-12-14,Enterprise,ME,Organic,True
C002057,2023-07-18,Mid-Market,LV,Partner,True
C002058,2023-01-23,SMB,SD,Referral,True
C002059,2023-05-08,Mid-Market,SI,Partner,True
C002060,2023-09-16,Mid-Market,BD,Paid Ads,False
C002061,2023-10-10,SMB,BZ,Organic,True
C002062,2024-06-29,SMB,DO,Referral,True
C002063,2024-09-10,Mid-Market,QA,Referral,True
C002064,2023-04-17,Mid-Market,DZ,Partner,False
C002065,2023-05-05,Enterprise,KP,Paid Ads,True
C002066,2022-12-25,Mid-Market,KP,Organic,True
C002067,2024-12-21,SMB,AO,Paid Ads,True
C002068,2024-11-24,SMB,MD,Organic,False
C002069,2023-02-02,SMB,EG,Referral,True
C002070,2023-07-30,SMB,GR,Organic,True
C002071,2023-02-28,SMB,BS,Organic,True
C002072,2022-10-18,SMB,VA,Referral,False
C002073,2022-12-24,SMB,DE,Referral,True
C002074,2022-10-23,SMB,TO,Referral,True
C002075,2022-08-12,Enterprise,ER,Referral,True
C002076,2023-10-16,SMB,BE,Referral,False
C002077,2024-12-07,Mid-Market,NZ,Organic,True
C002078,2023-09-11,SMB,GA,Paid Ads,True
C002079,2024-12-19,SMB,VU,Paid Ads,True
C002080,2023-02-01,Mid-Market,GN,Partner,False
C002081,2023-05-07,Mid-Market,LV,Paid Ads,False
C002082,2024-03-04,Mid-Market,GB,Organic,True
C002083,2024-01-30,Mid-Market,LC,Partner,True
C002084,2024-06-20,Enterprise,HT,Organic,True
C002085,2023-06-18,SMB,IQ,Organic,True
C002086,2023-10-27,SMB,NI,Referral,False
C002087,2023-02-12,SMB,HU,Partner,True
C002088,2024-03-07,SMB,DK,Paid Ads,True
C002089,2023-12-03,SMB,GM,Partner,True
C002090,2024-12-28,Enterprise,JO,Referral,True
C002091,2024-03-02,SMB,GN,Paid Ads,True
C002092,2022-11-21,Mid-Market,GD,Partner,True
C002093,2022-12-13,SMB,MD,Paid Ads,True
C002094,2022-11-01,SMB,TZ,Referral,True
C002095,2022-11-07,SMB,SK,Paid Ads,True
C002096,2024-11-20,SMB,TM,Organic,True
C002097,2023-12-10,SMB,KH,Organic,True
C002098,2023-08-26,SMB,RO,Partner,True
C002099,2024-09-28,Enterprise,BY,Organic,True
C002100,2024-05-22,SMB,OM,Partner,True
C002101,2024-08-04,SMB,NA,Partner,True
C002102,2024-12-01,Mid-Market,MR,Organic,True
C002103,2024-09-11,SMB,AF,Partner,True
C002104,2023-07-21,SMB,TN,Referral,True
C002105,2022-02-28,SMB,MU,Referral,True
C002106,2022-05-07,Mid-Market,PH,Organic,True
C002107,2023-03-15,Mid-Market,BS,Partner,True
C002108,2024-08-12,Enterprise,BG,Referral,True
C002109,2023-03-29,SMB,FJ,Referral,True
C002110,2022-04-03,SMB,MN,Paid Ads,False
C002111,2023-10-24,SMB,LV,Partner,False
C002112,2023-02-07,SMB,PA,Organic,False
C002113,2022-07-18,Mid-Market,PL,Organic,True
C002114,2024-06-01,SMB,VE,Paid Ads,True
C002115,2022-04-27,SMB,TM,Referral,False
C002116,2024-12-29,SMB,MA,Organic,True
C002117,2024-08-22,SMB,IS,Paid Ads,True
C002118,2024-01-01,SMB,MD,Organic,False
C002119,2022-03-28,SMB,SK,Organic,True
C002120,2022-07-07,SMB,PY,Organic,True
C002121,2024-06-19,SMB,NR,Partner,True
C002122,2023-05-08,SMB,CU,Referral,True
C002123,2022-06-24,SMB,MA,Referral,True
C002124,2024-08-21,Enterprise,ET,Organic,True
C002125,2022-06-23,SMB,DZ,Partner,True
C002126,2023-03-16,Mid-Market,NG,Partner,True
C002127,2023-01-04,Enterprise,BA,Partner,True
C002128,2023-10-31,Mid-Market,TL,Partner,True
C002129,2022-11-19,Mid-Market,EE,Referral,True
C002130,2023-02-15,Enterprise,ID,Organic,True
C002131,2022-10-28,SMB,IS,Partner,False
C002132,2024-09-05,Mid-Market,CA,Paid Ads,True
C002133,2022-03-10,SMB,CL,Organic,True
C002134,2022-12-07,SMB,DZ,Organic,True
C002135,2023-07-09,Mid-Market,KI,Organic,True
C002136,2024-01-20,Mid-Market,DM,Partner,False
C002137,2022-11-15,SMB,GN,Partner,True
C002138,2023-11-07,Mid-Market,UG,Organic,True
C002139,2024-07-12,Mid-Market,KR,Partner,True
C002140,2023-05-22,SMB,BE,Referral,True
C002141,2024-05-09,Enterprise,AL,Referral,True
C002142,2023-09-24,Mid-Market,GA,Organic,True
C002143,2022-02-10,Enterprise,MZ,Paid Ads,True
C002144,2024-06-17,SMB,LT,Partner,True
C002145,2024-04-20,SMB,RW,Paid Ads,True
C002146,2024-04-15,Enterprise,BI,Partner,True
C002147,2024-02-09,SMB,AF,Paid Ads,True
C002148,2022-10-18,Mid-Market,RU,Paid Ads,True
C002149,2024-02-26,SMB,KP,Referral,True
C002150,2022-05-16,SMB,ID,Partner,True
C002151,2023-01-29,SMB,NP,Referral,False
C002152,2024-03-25,Mid-Market,TH,Partner,True
C002153,2022-03-25,Mid-Market,MZ,Referral,True
C002154,2022-06-04,SMB,LS,Referral,False
C002155,2024-07-11,SMB,ES,Organic,False
C002156,2023-06-27,Enterprise,BG,Organic,True
C002157,2022-03-20,Enterprise,UA,Partner,True
C002158,2022-12-25,Enterprise,FI,Organic,True
C002159,2022-02-20,SMB,SK,Referral,True
C002160,2022-11-11,Enterprise,TJ,Referral,True
C002161,2023-02-28,SMB,SC,Partner,True
C002162,2023-04-09,Mid-Market,IS,Partner,True
C002163,2022-04-04,SMB,LY,Organic,True
C002164,2022-08-23,Enterprise,SE,Partner,True
C002165,2022-10-14,SMB,SM,Paid Ads,True
C002166,2024-11-17,SMB,PH,Organic,True
C002167,2024-11-16,SMB,MA,Referral,False
C002168,2024-06-12,SMB,BF,Paid Ads,True
C002169,2024-06-19,SMB,PS,Referral,True
C002170,2024-08-28,SMB,LT,Partner,True
C002171,2023-12-23,SMB,MX,Partner,False
C002172,2022-02-23,Enterprise,LR,Partner,True
C002173,2024-10-18,SMB,BS,Partner,True
C002174,2022-05-09,Mid-Market,US,Referral,True
C002175,2022-11-15,Mid-Market,NO,Organic,True
C002176,2022-07-10,SMB,TH,Partner,True
C002177,2023-02-22,SMB,GW,Referral,True
C002178,2022-06-07,Mid-Market,MT,Partner,True
C002179,2024-08-15,Mid-Market,TG,Referral,True
C002180,2023-05-09,SMB,BO,Partner,True
C002181,2024-02-03,Mid-Market,MA,Organic,True
C002182,2024-05-30,SMB,KZ,Organic,False
C002183,2024-12-15,SMB,AE,Paid Ads,True
C002184,2022-04-26,SMB,AR,Organic,True
C002185,2022-03-30,SMB,DO,Partner,True
C002186,2023-01-12,Mid-Market,AL,Organic,True
C002187,2024-12-15,Mid-Market,SO,Partner,True
C002188,2024-01-27,SMB,GR,Paid Ads,True
C002189,2023-08-30,SMB,CV,Paid Ads,True
C002190,2022-01-09,SMB,MV,Paid Ads,True
C002191,2022-11-27,SMB,BA,Referral,True
C002192,2022-06-21,Mid-Market,CF,Paid Ads,True
C002193,2024-08-17,SMB,UY,Referral,True
C002194,2023-07-13,SMB,TD,Referral,False
C002195,2022-05-16,SMB,UZ,Organic,True
C002196,2024-05-10,Mid-Market,PK,Partner,True
C002197,2023-08-07,Enterprise,MV,Partner,True
C002198,2022-05-29,Mid-Market,LS,Paid Ads,True
C002199,2023-04-01,SMB,JP,Referral,True
C002200,2022-02-06,SMB,MM,Partner,True
C002201,2024-09-08,SMB,NZ,Partner,False
C002202,2022-12-14,SMB,CY,Organic,True
C002203,2023-01-18,Mid-Market,BR,Paid Ads,False
C002204,2024-08-26,SMB,OM,Referral,True
C002205,2022-09-29,SMB,JO,Partner,True
C002206,2023-08-25,SMB,MN,Paid Ads,True
C002207,2023-11-02,SMB,UY,Paid Ads,True
C002208,2023-07-30,SMB,TL,Referral,True
C002209,2022-07-05,SMB,NE,Organic,True
C002210,2023-11-16,Enterprise,IR,Referral,True
C002211,2022-03-06,Mid-Market,EC,Paid Ads,True
C002212,2022-09-12,Mid-Market,SD,Paid Ads,False
C002213,2023-06-03,SMB,UA,Organic,True
C002214,2024-04-20,SMB,CM,Paid Ads,True
C002215,2023-11-18,Enterprise,NO,Referral,True
C002216,2023-11-01,Enterprise,GQ,Referral,True
C002217,2023-02-23,Mid-Market,AG,Organic,True
C002218,2024-09-06,SMB,NA,Organic,True
C002219,2024-08-04,SMB,SZ,Partner,False
C002220,2022-03-13,Mid-Market,QA,Paid Ads,True
C002221,2023-02-16,Enterprise,NG,Partner,True
C002222,2023-01-22,Mid-Market,ES,Referral,False
C002223,2023-01-15,SMB,LV,Paid Ads,False
C002224,2023-04-03,SMB,ID,Partner,False
C002225,2024-06-20,SMB,LB,Organic,True
C002226,2022-05-01,Enterprise,IE,Paid Ads,True
C002227,2022-03-25,SMB,KE,Referral,True
C002228,2022-09-10,Mid-Market,TV,Paid Ads,True
C002229,2024-10-21,SMB,QA,Referral,True
C002230,2023-02-12,SMB,GM,Organic,True
C002231,2022-08-14,Mid-Market,SD,Partner,False
C002232,2023-03-16,Mid-Market,FI,Paid Ads,True
C002233,2024-01-17,Mid-Market,CL,Organic,True
C002234,2023-03-06,Mid-Market,CZ,Organic,True
C002235,2023-06-20,Enterprise,NZ,Partner,True
C002236,2024-11-26,Mid-Market,GA,Organic,True
C002237,2023-03-11,SMB,PH,Partner,False
C002238,2022-08-01,SMB,BR,Referral,False
C002239,2024-12-05,SMB,NL,Organic,False
C002240,2023-02-01,Mid-Market,KN,Organic,True
C002241,2022-06-23,Enterprise,HU,Referral,False
C002242,2023-11-10,SMB,LR,Referral,True
C002243,2022-05-17,SMB,KW,Organic,True
C002244,2023-05-09,SMB,CV,Partner,True
C002245,2023-07-19,SMB,FM,Partner,True
C002246,2024-08-24,Mid-Market,JO,Paid Ads,False
C002247,2023-05-25,Mid-Market,TR,Organic,True
C002248,2023-06-14,Mid-Market,EE,Referral,True
C002249,2024-10-07,SMB,SD,Paid Ads,False
C002250,2024-05-21,Mid-Market,NR,Partner,False
C002251,2023-11-08,SMB,CD,Partner,True
C002252,2023-11-15,Mid-Market,TZ,Referral,True
C002253,2024-07-27,Mid-Market,BO,Organic,True
C002254,2022-12-16,SMB,FM,Organic,True
C002255,2023-03-17,SMB,IS,Paid Ads,True
C002256,2022-10-25,SMB,PS,Referral,True
C002257,2022-01-08,SMB,KE,Paid Ads,True
C002258,2022-02-20,SMB,LV,Partner,True
C002259,2022-12-12,SMB,MY,Paid Ads,True
C002260,2024-05-08,SMB,HR,Partner,True
C002261,2022-03-07,Mid-Market,EC,Organic,True
C002262,2024-09-09,SMB,DE,Referral,True
C002263,2024-07-28,Mid-Market,MR,Paid Ads,True
C002264,2022-09-03,SMB,CI,Referral,True
C002265,2024-02-21,Mid-Market,TT,Paid Ads,True
C002266,2022-11-18,SMB,CM,Paid Ads,True
C002267,2023-10-30,SMB,SE,Partner,True
C002268,2022-03-30,Mid-Market,MX,Paid Ads,True
C002269,2024-07-09,Mid-Market,TO,Organic,True
C002270,2024-06-14,SMB,VE,Paid Ads,False
C002271,2024-10-05,Mid-Market,MH,Paid Ads,True
C002272,2023-11-29,Enterprise,AO,Paid Ads,True
C002273,2024-09-10,SMB,FM,Referral,True
C002274,2023-06-09,SMB,MU,Referral,True
C002275,2024-11-28,SMB,KM,Referral,True
C002276,2022-06-30,SMB,ER,Referral,True
C002277,2022-06-01,SMB,GE,Partner,True
C002278,2022-03-27,Mid-Market,SL,Organic,True
C002279,2022-11-13,Mid-Market,PY,Partner,False
C002280,2024-01-15,Enterprise,IN,Referral,True
C002281,2024-09-23,Mid-Market,NE,Partner,True
C002282,2023-10-15,SMB,CO,Referral,True
C002283,2022-10-17,SMB,SI,Partner,False
C002284,2024-01-28,Enterprise,PW,Organic,True
C002285,2022-03-25,SMB,US,Organic,True
C002286,2022-10-24,Mid-Market,TN,Partner,True
C002287,2024-12-09,Mid-Market,JP,Partner,True
C002288,2023-07-25,Mid-Market,SV,Organic,True
C002289,2022-03-27,Mid-Market,JO,Referral,True
C002290,2024-07-29,SMB,GB,Organic,True
C002291,2022-08-17,SMB,SY,Partner,True
C002292,2022-10-31,SMB,SG,Partner,False
C002293,2022-01-10,SMB,TL,Paid Ads,True
C002294,2024-11-25,Enterprise,MR,Paid Ads,False
C002295,2024-01-31,SMB,KI,Organic,False
C002296,2022-08-22,SMB,TZ,Referral,False
C002297,2023-05-19,SMB,BR,Organic,False
C002298,2022-05-01,SMB,MM,Organic,False
C002299,2024-03-31,Enterprise,CM,Referral,True
C002300,2023-02-14,SMB,DO,Partner,True
C002301,2022-05-13,SMB,KP,Referral,True
C002302,2024-09-15,SMB,LT,Referral,True
C002303,2022-10-24,SMB,GY,Organic,True
C002304,2022-01-14,SMB,FR,Partner,True
C002305,2023-09-26,SMB,AZ,Referral,True
C002306,2022-05-15,Mid-Market,KR,Organic,False
C002307,2023-05-25,Mid-Market,EE,Referral,True
C002308,2023-06-17,SMB,ER,Paid Ads,False
C002309,2023-03-10,SMB,TL,Organic,True
C002310,2024-02-18,SMB,AU,Partner,True
C002311,2023-07-10,SMB,TH,Paid Ads,True
C002312,2024-04-22,Enterprise,GT,Organic,True
C002313,2022-11-22,SMB,MA,Partner,True
C002314,2022-01-26,SMB,DK,Paid Ads,True
C002315,2024-05-25,Enterprise,ZW,Referral,True
C002316,2024-03-15,Mid-Market,GW,Paid Ads,True
C002317,2023-08-19,Mid-Market,TZ,Partner,True
C002318,2022-09-04,SMB,VC,Paid Ads,True
C002319,2023-08-10,SMB,LY,Referral,True
C002320,2022-10-20,SMB,KG,Referral,True
C002321,2024-10-02,SMB,AG,Partner,True
C002322,2023-01-26,Enterprise,CN,Paid Ads,True
C002323,2023-08-27,SMB,CV,Organic,True
C002324,2023-03-18,Mid-Market,GR,Referral,True
C002325,2023-01-08,SMB,ML,Paid Ads,True
C002326,2022-08-11,SMB,GM,Paid Ads,True
C002327,2022-01-31,SMB,LV,Organic,False
C002328,2023-03-19,SMB,NR,Partner,True
C002329,2022-12-18,Mid-Market,HR,Referral,False
C002330,2024-09-03,Mid-Market,AM,Partner,True
C002331,2024-12-12,SMB,IN,Partner,False
C002332,2024-07-06,SMB,LS,Referral,True
C002333,2022-08-11,SMB,AT,Referral,True
C002334,2024-07-30,SMB,TR,Organic,False
C002335,2023-11-03,Mid-Market,NP,Organic,True
C002336,2023-10-17,Mid-Market,GY,Paid Ads,True
C002337,2023-02-04,SMB,TV,Partner,True
C002338,2024-01-10,SMB,AT,Organic,False
C002339,2022-07-01,SMB,NP,Organic,True
C002340,2024-04-27,SMB,AT,Paid Ads,True
C002341,2023-04-01,Mid-Market,TJ,Referral,False
C002342,2024-05-30,Enterprise,RO,Partner,True
C002343,2022-08-14,Mid-Market,VA,Partner,True
C002344,2023-11-18,SMB,TL,Referral,True
C002345,2024-04-24,SMB,NO,Organic,True
C002346,2022-06-19,SMB,LI,Paid Ads,True
C002347,2023-05-02,SMB,PT,Paid Ads,True
C002348,2024-03-05,SMB,SC,Referral,True
C002349,2024-04-02,Enterprise,CF,Organic,False
C002350,2023-05-31,SMB,VA,Paid Ads,True
C002351,2022-07-13,SMB,UY,Partner,True
C002352,2023-01-29,SMB,CN,Referral,True
C002353,2022-10-12,Mid-Market,MW,Referral,True
C002354,2024-11-03,SMB,AZ,Organic,True
C002355,2022-11-03,SMB,TG,Referral,False
C002356,2022-02-26,Mid-Market,ZA,Paid Ads,True
C002357,2022-12-22,SMB,KM,Paid Ads,False
C002358,2022-12-08,SMB,BO,Paid Ads,True
C002359,2023-03-21,SMB,CI,Organic,False
C002360,2023-10-27,SMB,LV,Paid Ads,False
C002361,2023-06-09,SMB,BN,Organic,True
C002362,2023-09-19,Mid-Market,BR,Organic,True
C002363,2023-10-05,Enterprise,MX,Paid Ads,True
C002364,2022-08-23,SMB,SZ,Partner,True
C002365,2022-05-14,SMB,US,Partner,False
C002366,2023-08-18,SMB,GR,Paid Ads,False
C002367,2022-02-18,Enterprise,IT,Partner,True
C002368,2024-01-11,Enterprise,MU,Paid Ads,True
C002369,2024-04-26,SMB,CG,Partner,True
C002370,2022-06-12,SMB,TZ,Paid Ads,True
C002371,2023-06-19,SMB,BH,Organic,True
C002372,2024-10-27,SMB,GM,Partner,True
C002373,2022-11-21,Mid-Market,LC,Paid Ads,True
C002374,2024-09-08,SMB,PE,Organic,True
C002375,2024-01-19,SMB,RO,Organic,True
C002376,2022-03-25,SMB,VA,Organic,True
C002377,2023-08-30,Mid-Market,MZ,Organic,True
C002378,2022-06-16,Enterprise,NZ,Paid Ads,True
C002379,2023-04-14,Enterprise,MX,Organic,True
C002380,2024-10-08,SMB,KH,Organic,True
C002381,2024-06-11,Enterprise,ME,Referral,True
C002382,2024-02-09,SMB,MY,Partner,True
C002383,2023-09-07,SMB,SR,Referral,True
C002384,2022-04-11,SMB,IS,Referral,True
C002385,2022-12-24,SMB,ZA,Organic,True
C002386,2022-11-02,Enterprise,GT,Organic,True
C002387,2023-01-14,SMB,ZM,Referral,True
C002388,2023-12-30,SMB,MH,Referral,True
C002389,2022-02-23,SMB,GT,Referral,True
C002390,2022-03-03,Enterprise,TN,Organic,True
C002391,2022-11-29,Mid-Market,LY,Referral,True
C002392,2022-02-04,SMB,ML,Referral,True
C002393,2022-01-14,Mid-Market,LY,Referral,False
C002394,2023-05-28,SMB,AO,Paid Ads,True
C002395,2022-04-28,SMB,SO,Referral,True
C002396,2022-12-19,Mid-Market,TZ,Organic,True
C002397,2024-04-28,Enterprise,IE,Partner,False
C002398,2024-04-13,Enterprise,SN,Organic,True
C002399,2024-02-11,SMB,ET,Organic,True
C002400,2022-10-02,SMB,CY,Referral,True
C002401,2022-10-08,SMB,NA,Referral,False
C002402,2022-06-07,SMB,KM,Organic,True
C002403,2024-04-09,Mid-Market,LB,Referral,True
C002404,2022-06-15,SMB,BG,Referral,True
C002405,2024-02-11,Mid-Market,GY,Organic,True
C002406,2023-06-03,SMB,LA,Partner,True
C002407,2022-11-03,SMB,AU,Partner,False
C002408,2024-03-15,Mid-Market,ET,Organic,True
C002409,2022-06-30,SMB,TZ,Partner,True
C002410,2024-12-23,SMB,MN,Referral,True
C002411,2024-07-12,SMB,AD,Referral,False
C002412,2024-01-26,SMB,BW,Paid Ads,True
C002413,2022-01-24,Enterprise,GR,Partner,False
C002414,2022-01-24,SMB,TV,Referral,True
C002415,2023-12-01,Mid-Market,DK,Paid Ads,True
C002416,2023-07-06,SMB,ET,Partner,True
C002417,2022-02-18,Enterprise,KR,Partner,False
C002418,2022-02-20,Mid-Market,SG,Partner,False
C002419,2024-02-09,Enterprise,VN,Partner,True
C002420,2022-12-29,SMB,TG,Paid Ads,False
C002421,2024-07-13,Mid-Market,PS,Partner,False
C002422,2022-04-08,Mid-Market,BB,Partner,True
C002423,2024-11-10,Mid-Market,ZW,Paid Ads,True
C002424,2024-04-07,SMB,GQ,Partner,True
C002425,2024-10-15,SMB,DJ,Paid Ads,True
C002426,2024-05-18,Enterprise,KI,Referral,True
C002427,2022-01-24,SMB,KH,Partner,True
C002428,2023-03-17,Enterprise,MM,Paid Ads,True
C002429,2022-10-27,SMB,MN,Paid Ads,True
C002430,2022-07-07,SMB,GY,Partner,True
C002431,2024-09-26,SMB,GH,Organic,True
C002432,2022-06-22,Mid-Market,NL,Organic,True
C002433,2024-03-14,SMB,MV,Partner,True
C002434,2023-04-25,SMB,LK,Paid Ads,True
C002435,2024-07-08,Mid-Market,BZ,Referral,True
C002436,2024-10-15,SMB,YE,Partner,True
C002437,2023-10-16,SMB,UZ,Paid Ads,True
C002438,2024-07-22,SMB,LU,Referral,True
C002439,2024-06-28,SMB,ST,Organic,False
C002440,2022-07-21,SMB,HU,Referral,True
C002441,2023-05-07,SMB,KE,Referral,True
C002442,2022-10-16,Enterprise,MA,Paid Ads,True
C002443,2024-10-13,SMB,BH,Referral,True
C002444,2024-08-14,Mid-Market,ZA,Paid Ads,True
C002445,2022-07-07,SMB,DK,Partner,True
C002446,2024-11-20,Mid-Market,MG,Paid Ads,True
C002447,2024-05-07,SMB,SZ,Partner,False
C002448,2024-05-23,Mid-Market,MX,Referral,False
C002449,2022-05-30,SMB,MY,Partner,True
C002450,2023-08-21,SMB,SK,Referral,True
C002451,2022-05-25,Enterprise,GH,Referral,True
C002452,2023-08-01,SMB,NI,Referral,True
C002453,2023-04-01,SMB,SZ,Paid Ads,True
C002454,2022-03-20,SMB,DJ,Organic,True
C002455,2023-03-21,Mid-Market,NE,Partner,False
C002456,2024-08-03,SMB,CN,Referral,True
C002457,2023-07-29,SMB,CR,Referral,True
C002458,2022-07-31,Enterprise,MZ,Paid Ads,True
C002459,2023-09-07,Mid-Market,AU,Organic,True
C002460,2023-09-12,SMB,BS,Partner,True
C002461,2023-09-20,Enterprise,DJ,Paid Ads,True
C002462,2022-12-31,Mid-Market,BT,Partner,True
C002463,2023-05-05,SMB,SI,Partner,True
C002464,2022-12-27,SMB,SI,Partner,True
C002465,2024-10-14,SMB,CF,Paid Ads,False
C002466,2023-02-14,SMB,PS,Organic,True
C002467,2023-03-24,Mid-Market,NG,Referral,False
C002468,2024-08-23,SMB,TN,Referral,True
C002469,2023-02-25,SMB,IR,Organic,True
C002470,2022-12-07,SMB,SG,Paid Ads,False
C002471,2022-09-23,Mid-Market,CN,Organic,True
C002472,2022-09-05,SMB,NA,Paid Ads,True
C002473,2022-07-24,SMB,LV,Partner,True
C002474,2022-11-30,Enterprise,PE,Referral,True
C002475,2024-02-15,Mid-Market,ML,Referral,True
C002476,2022-10-10,Enterprise,SL,Organic,True
C002477,2023-12-24,Enterprise,VE,Paid Ads,True
C002478,2024-01-27,Mid-Market,MY,Organic,False
C002479,2023-04-26,SMB,KZ,Partner,True
C002480,2023-03-23,Mid-Market,ST,Partner,True
C002481,2024-11-27,Mid-Market,SV,Paid Ads,True
C002482,2022-11-18,SMB,NZ,Referral,True
C002483,2023-02-19,SMB,LU,Organic,False
C002484,2023-02-28,SMB,EC,Partner,True
C002485,2024-03-28,SMB,SC,Referral,True
C002486,2023-11-12,Mid-Market,BJ,Paid Ads,True
C002487,2022-02-07,SMB,RS,Paid Ads,True
C002488,2023-02-14,SMB,IR,Organic,True
C002489,2024-08-16,SMB,KP,Organic,True
C002490,2022-08-17,SMB,CN,Organic,True
C002491,2024-01-03,Enterprise,PH,Partner,True
C002492,2024-06-16,SMB,UY,Partner,True
C002493,2023-11-12,SMB,BS,Referral,True
C002494,2024-10-24,Enterprise,GD,Referral,True
C002495,2024-08-17,Mid-Market,GH,Referral,True
C002496,2024-10-07,SMB,MV,Paid Ads,True
C002497,2024-02-15,SMB,KP,Paid Ads,True
C002498,2022-10-11,Mid-Market,JM,Referral,True
C002499,2022-10-27,Mid-Market,AR,Partner,True
C002500,2023-04-13,SMB,BY,Organic,True
C002501,2023-05-08,SMB,SY,Referral,True
C002502,2023-10-24,SMB,DM,Referral,True
C002503,2023-10-11,Mid-Market,RU,Organic,True
C002504,2024-05-29,Mid-Market,DZ,Organic,True
C002505,2022-07-03,SMB,BY,Organic,False
C002506,2022-04-17,Mid-Market,MT,Paid Ads,True
C002507,2024-03-15,Mid-Market,AM,Organic,True
C002508,2024-02-14,SMB,SB,Paid Ads,True
C002509,2023-03-18,Mid-Market,TN,Referral,True
C002510,2023-08-27,SMB,GH,Organic,False
C002511,2022-11-12,Enterprise,PT,Partner,True
C002512,2024-12-20,Enterprise,CA,Paid Ads,True
C002513,2022-12-15,Mid-Market,GE,Partner,True
C002514,2022-07-11,SMB,PH,Partner,True
C002515,2023-05-28,Enterprise,KE,Organic,True
C002516,2023-06-15,SMB,LC,Partner,False
C002517,2023-12-19,Enterprise,MC,Paid Ads,True
C002518,2024-08-02,Mid-Market,IT,Organic,True
C002519,2022-07-19,SMB,MV,Organic,True
C002520,2024-11-11,SMB,GW,Paid Ads,True
C002521,2023-09-15,SMB,MA,Organic,False
C002522,2024-06-24,Mid-Market,AD,Organic,True
C002523,2023-08-01,SMB,BS,Referral,True
C002524,2023-02-06,SMB,SD,Paid Ads,True
C002525,2022-03-17,SMB,IQ,Partner,True
C002526,2024-07-03,Mid-Market,GT,Referral,True
C002527,2023-03-04,SMB,NP,Partner,True
C002528,2022-02-10,SMB,MV,Paid Ads,False
C002529,2022-08-14,Enterprise,AR,Organic,True
C002530,2023-10-31,Mid-Market,GY,Organic,True
C002531,2022-09-09,Mid-Market,SG,Organic,True
C002532,2024-04-10,SMB,TR,Partner,True
C002533,2023-12-07,Enterprise,TT,Organic,False
C002534,2022-01-10,SMB,GM,Organic,True
C002535,2023-06-13,SMB,DJ,Organic,True
C002536,2024-09-06,SMB,PE,Organic,True
C002537,2024-03-13,Mid-Market,US,Referral,False
C002538,2023-12-12,Enterprise,ZA,Partner,True
C002539,2024-12-02,SMB,BR,Partner,True
C002540,2022-03-14,Enterprise,BE,Referral,True
C002541,2022-08-04,SMB,MM,Partner,True
C002542,2023-03-31,Mid-Market,IS,Organic,True
C002543,2022-02-01,Mid-Market,DO,Referral,True
C002544,2023-04-01,Mid-Market,AG,Paid Ads,False
C002545,2022-06-05,Mid-Market,CH,Referral,True
C002546,2023-11-12,SMB,ZM,Paid Ads,False
C002547,2022-12-10,SMB,YE,Paid Ads,True
C002548,2023-02-15,SMB,MH,Paid Ads,True
C002549,2024-09-17,Mid-Market,CH,Paid Ads,False
C002550,2022-09-18,SMB,NG,Paid Ads,True
C002551,2023-07-11,SMB,KE,Organic,False
C002552,2024-09-02,SMB,GR,Organic,True
C002553,2024-03-19,Mid-Market,FM,Referral,True
C002554,2022-11-06,SMB,ZA,Referral,False
C002555,2022-11-24,SMB,LI,Organic,True
C002556,2022-05-22,Mid-Market,NR,Paid Ads,True
C002557,2022-03-17,SMB,NG,Referral,True
C002558,2024-02-06,SMB,PY,Paid Ads,False
C002559,2022-02-04,Enterprise,RO,Paid Ads,True
C002560,2022-02-01,SMB,TV,Organic,True
C002561,2022-11-03,SMB,BR,Organic,True
C002562,2024-02-15,SMB,GE,Organic,False
C002563,2023-01-13,SMB,SG,Referral,False
C002564,2024-06-09,SMB,NR,Organic,True
C002565,2024-05-20,SMB,UA,Paid Ads,True
C002566,2024-01-25,SMB,IR,Partner,False
C002567,2022-04-17,Enterprise,MY,Paid Ads,True
C002568,2023-05-31,SMB,AG,Paid Ads,True
C002569,2023-04-02,SMB,FR,Partner,True
C002570,2023-11-10,SMB,ST,Partner,True
C002571,2024-04-02,Mid-Market,NR,Organic,True
C002572,2023-06-14,SMB,UZ,Referral,True
C002573,2024-05-30,Mid-Market,KW,Paid Ads,True
C002574,2022-05-23,Enterprise,CM,Partner,True
C002575,2023-10-07,SMB,PW,Paid Ads,True
C002576,2024-01-03,Mid-Market,DJ,Partner,True
C002577,2022-02-14,SMB,NL,Organic,True
C002578,2022-10-03,Mid-Market,ST,Partner,True
C002579,2022-10-03,SMB,GT,Referral,True
C002580,2024-04-19,SMB,LU,Organic,False
C002581,2023-01-23,Enterprise,EC,Partner,True
C002582,2022-02-10,SMB,GA,Organic,True
C002583,2023-02-15,Mid-Market,MW,Organic,True
C002584,2023-01-22,SMB,CZ,Paid Ads,True
C002585,2024-02-03,SMB,BN,Paid Ads,True
C002586,2024-07-19,SMB,MY,Partner,False
C002587,2022-11-03,Mid-Market,EG,Organic,True
C002588,2024-12-26,Mid-Market,BN,Referral,True
C002589,2024-11-29,SMB,PK,Partner,True
C002590,2023-02-24,Mid-Market,AR,Paid Ads,True
C002591,2022-05-20,SMB,MZ,Paid Ads,True
C002592,2023-07-09,Mid-Market,JO,Partner,True
C002593,2023-05-04,SMB,DE,Partner,True
C002594,2023-09-13,SMB,TM,Referral,False
C002595,2024-10-23,SMB,LK,Partner,True
C002596,2024-08-11,SMB,IQ,Organic,True
C002597,2024-02-13,SMB,NI,Partner,True
C002598,2022-01-24,Mid-Market,HT,Partner,True
C002599,2022-03-03,SMB,ES,Organic,False
C002600,2024-03-15,SMB,PE,Referral,True
C002601,2023-11-08,SMB,IN,Paid Ads,False
C002602,2024-04-30,Mid-Market,IE,Partner,True
C002603,2022-10-31,SMB,KE,Partner,True
C002604,2024-01-10,SMB,EC,Paid Ads,False
C002605,2022-04-07,Mid-Market,AO,Referral,True
C002606,2023-03-02,SMB,ET,Partner,False
C002607,2024-04-07,SMB,RS,Paid Ads,True
C002608,2024-05-04,Mid-Market,BE,Partner,True
C002609,2022-05-06,SMB,VU,Paid Ads,False
C002610,2024-01-28,SMB,BH,Referral,True
C002611,2023-01-23,Enterprise,KM,Paid Ads,False
C002612,2023-05-10,Mid-Market,BJ,Referral,True
C002613,2022-08-30,SMB,ST,Organic,True
C002614,2024-02-21,SMB,UA,Partner,True
C002615,2024-10-06,SMB,MG,Organic,False
C002616,2022-03-14,SMB,BA,Organic,True
C002617,2023-04-04,Enterprise,ML,Partner,True
C002618,2023-04-13,Mid-Market,WS,Organic,True
C002619,2023-06-23,Enterprise,CH,Paid Ads,True
C002620,2024-06-21,Mid-Market,MU,Partner,True
C002621,2022-12-05,Mid-Market,KZ,Organic,True
C002622,2023-04-13,SMB,CD,Paid Ads,True
C002623,2024-02-01,SMB,BE,Organic,True
C002624,2024-03-22,SMB,MZ,Organic,True
C002625,2022-09-11,Enterprise,GD,Referral,True
C002626,2024-07-10,SMB,SB,Partner,False
C002627,2023-07-07,Mid-Market,LS,Partner,True
C002628,2024-02-10,SMB,NL,Partner,True
C002629,2022-12-31,SMB,BD,Referral,True
C002630,2023-02-04,SMB,GW,Referral,True
C002631,2022-01-14,SMB,UA,Organic,True
C002632,2024-11-14,Mid-Market,TT,Referral,False
C002633,2024-10-12,SMB,KI,Referral,False
C002634,2022-03-19,SMB,ID,Paid Ads,True
C002635,2023-11-20,Mid-Market,NE,Referral,True
C002636,2022-09-08,Mid-Market,CA,Partner,True
C002637,2024-06-02,Mid-Market,SL,Referral,True
C002638,2023-05-01,SMB,KN,Partner,True
C002639,2022-06-29,Enterprise,TH,Partner,True
C002640,2024-09-10,Mid-Market,BS,Partner,True
C002641,2023-10-24,SMB,LU,Partner,False
C002642,2024-01-20,SMB,PG,Referral,True
C002643,2022-07-05,SMB,KI,Paid Ads,True
C002644,2022-04-07,SMB,GE,Referral,False
C002645,2022-01-15,Mid-Market,MZ,Organic,True
C002646,2022-07-29,SMB,JM,Organic,True
C002647,2022-12-03,SMB,AR,Paid Ads,True
C002648,2022-06-30,SMB,NZ,Organic,True
C002649,2023-12-02,SMB,NR,Partner,True
C002650,2022-08-07,Enterprise,LS,Paid Ads,True
C002651,2022-02-06,SMB,KG,Organic,True
C002652,2022-07-26,SMB,CO,Paid Ads,True
C002653,2024-09-03,SMB,TT,Paid Ads,False
C002654,2024-12-22,SMB,KH,Paid Ads,True
C002655,2024-12-21,Mid-Market,MN,Organic,True
C002656,2022-04-30,Mid-Market,TG,Organic,True
C002657,2022-06-07,SMB,CZ,Paid Ads,True
C002658,2023-08-28,SMB,CN,Partner,False
C002659,2022-01-01,SMB,UG,Organic,True
C002660,2024-08-23,SMB,EC,Organic,True
C002661,2024-02-18,SMB,MU,Paid Ads,True
C002662,2024-08-05,Mid-Market,CZ,Organic,True
C002663,2024-12-02,Mid-Market,CV,Organic,True
C002664,2022-05-27,SMB,LY,Partner,True
C002665,2023-09-02,SMB,GB,Paid Ads,True
C002666,2024-05-08,Mid-Market,CN,Organic,False
C002667,2022-02-06,Mid-Market,NP,Paid Ads,True
C002668,2024-08-10,SMB,AD,Paid Ads,True
C002669,2024-09-18,SMB,TH,Paid Ads,True
C002670,2022-03-07,Enterprise,WS,Organic,True
C002671,2023-06-19,SMB,ZW,Organic,True
C002672,2024-01-03,SMB,MK,Organic,True
C002673,2024-06-25,SMB,ER,Paid Ads,False
C002674,2024-10-04,Mid-Market,SR,Referral,True
C002675,2023-11-14,Mid-Market,ET,Organic,True
C002676,2022-04-21,Mid-Market,GN,Organic,True
C002677,2022-03-13,Mid-Market,UG,Referral,False
C002678,2022-08-10,SMB,MN,Paid Ads,False
C002679,2022-03-03,SMB,SD,Paid Ads,True
C002680,2023-03-25,Enterprise,GH,Referral,True
C002681,2023-03-27,Mid-Market,SG,Partner,True
C002682,2024-01-14,Mid-Market,BY,Referral,False
C002683,2024-12-03,Mid-Market,MX,Referral,True
C002684,2024-11-18,SMB,LI,Organic,True
C002685,2023-03-04,SMB,MX,Organic,False
C002686,2024-04-28,Mid-Market,ID,Paid Ads,False
C002687,2023-02-16,SMB,MD,Partner,True
C002688,2024-07-10,SMB,CL,Organic,True
C002689,2024-09-08,SMB,KI,Referral,True
C002690,2024-09-29,SMB,TW,Partner,True
C002691,2023-10-29,SMB,CR,Referral,True
C002692,2022-04-30,SMB,KE,Partner,False
C002693,2023-05-04,SMB,MU,Partner,True
C002694,2024-05-24,SMB,NP,Organic,True
C002695,2023-01-14,Enterprise,AZ,Paid Ads,True
C002696,2023-05-28,SMB,AO,Organic,True
C002697,2022-06-23,Enterprise,DO,Partner,True
C002698,2023-02-22,Mid-Market,NR,Organic,True
C002699,2023-01-26,SMB,OM,Organic,True
C002700,2024-02-26,Mid-Market,QA,Organic,True
C002701,2022-02-24,Mid-Market,AR,Partner,True
C002702,2023-08-17,SMB,TV,Referral,False
C002703,2024-04-04,Mid-Market,AD,Referral,False
C002704,2024-09-17,SMB,US,Referral,True
C002705,2024-10-27,SMB,HR,Paid Ads,True
C002706,2023-04-05,Mid-Market,WS,Paid Ads,False
C002707,2024-09-20,SMB,NZ,Paid Ads,True
C002708,2022-05-19,SMB,TH,Partner,False
C002709,2023-06-02,SMB,BT,Organic,True
C002710,2023-09-03,SMB,GT,Paid Ads,True
C002711,2024-02-08,SMB,ID,Paid Ads,True
C002712,2024-07-07,SMB,EE,Referral,True
C002713,2023-08-12,Enterprise,LY,Paid Ads,True
C002714,2022-05-14,Mid-Market,KH,Paid Ads,False
C002715,2023-03-02,SMB,TR,Referral,True
C002716,2024-02-11,SMB,KP,Referral,True
C002717,2023-09-11,Enterprise,HN,Referral,True
C002718,2023-12-22,SMB,TJ,Partner,True
C002719,2023-04-24,Mid-Market,ID,Paid Ads,False
C002720,2024-06-14,Mid-Market,BI,Organic,True
C002721,2022-03-05,Mid-Market,TD,Organic,True
C002722,2024-03-31,SMB,MX,Paid Ads,True
C002723,2024-11-10,SMB,SD,Paid Ads,True
C002724,2022-10-31,SMB,IL,Organic,True
C002725,2024-04-03,Enterprise,GW,Organic,True
C002726,2022-09-18,Enterprise,TO,Organic,False
C002727,2023-10-18,SMB,GN,Paid Ads,False
C002728,2024-03-22,SMB,UY,Referral,False
C002729,2022-07-29,Mid-Market,ES,Referral,True
C002730,2024-01-08,Mid-Market,SA,Paid Ads,True
C002731,2023-03-14,SMB,SG,Partner,True
C002732,2022-03-02,SMB,BY,Paid Ads,False
C002733,2023-08-30,Enterprise,ZM,Organic,True
C002734,2022-01-11,SMB,LB,Paid Ads,True
C002735,2024-11-06,SMB,CZ,Organic,True
C002736,2022-11-18,Mid-Market,NL,Paid Ads,True
C002737,2023-01-05,Enterprise,MH,Referral,True
C002738,2022-06-13,Mid-Market,SN,Paid Ads,True
C002739,2024-05-06,Enterprise,DZ,Partner,True
C002740,2023-04-06,SMB,ES,Organic,True
C002741,2022-10-16,Enterprise,IT,Paid Ads,True
C002742,2024-11-02,SMB,DM,Partner,False
C002743,2024-08-09,SMB,BA,Partner,False
C002744,2022-04-24,Mid-Market,GN,Paid Ads,True
C002745,2024-02-03,SMB,GH,Paid Ads,True
C002746,2024-08-06,SMB,TD,Partner,True
C002747,2023-09-20,SMB,BI,Organic,False
C002748,2022-10-18,SMB,GE,Organic,True
C002749,2024-01-16,SMB,ST,Paid Ads,True
C002750,2023-04-30,SMB,SO,Organic,True
C002751,2022-07-11,SMB,PT,Partner,True
C002752,2023-08-28,Mid-Market,LY,Organic,True
C002753,2024-08-31,Mid-Market,PL,Referral,True
C002754,2024-02-23,SMB,AE,Partner,True
C002755,2022-11-22,Mid-Market,AM,Organic,True
C002756,2022-02-13,Mid-Market,SO,Paid Ads,True
C002757,2024-09-27,Mid-Market,PA,Organic,True
C002758,2022-05-06,SMB,AO,Partner,True
C002759,2023-04-27,Mid-Market,ET,Referral,False
C002760,2022-07-10,SMB,VA,Paid Ads,False
C002761,2023-09-27,Mid-Market,KI,Referral,False
C002762,2022-10-10,SMB,FM,Paid Ads,True
C002763,2022-10-25,Mid-Market,LI,Organic,True
C002764,2024-05-19,SMB,CU,Partner,False
C002765,2023-08-19,Enterprise,SK,Paid Ads,True
C002766,2022-03-26,SMB,BO,Paid Ads,True
C002767,2024-04-28,SMB,PT,Paid Ads,False
C002768,2022-06-28,SMB,ZA,Referral,True
C002769,2022-03-11,Mid-Market,UZ,Partner,True
C002770,2024-08-17,Enterprise,CL,Referral,True
C002771,2023-01-31,Mid-Market,AL,Referral,True
C002772,2022-07-08,Enterprise,NZ,Paid Ads,True
C002773,2023-03-01,Mid-Market,AF,Partner,True
C002774,2023-04-06,Mid-Market,GB,Partner,True
C002775,2022-06-05,Enterprise,AT,Paid Ads,True
C002776,2022-11-20,SMB,AE,Referral,False
C002777,2022-08-08,SMB,CG,Paid Ads,False
C002778,2024-03-04,Enterprise,IL,Paid Ads,True
C002779,2024-07-18,SMB,GA,Referral,False
C002780,2022-05-31,Mid-Market,CF,Paid Ads,False
C002781,2022-04-19,Mid-Market,ES,Paid Ads,True
C002782,2024-10-31,SMB,NI,Referral,True
C002783,2024-08-24,SMB,GM,Referral,True
C002784,2023-04-04,SMB,TH,Partner,True
C002785,2024-01-26,SMB,AM,Referral,False
C002786,2023-07-03,SMB,ZW,Referral,True
C002787,2024-11-05,Mid-Market,LS,Referral,True
C002788,2024-11-22,SMB,MZ,Paid Ads,True
C002789,2022-11-02,SMB,AE,Partner,True
C002790,2024-07-10,SMB,DE,Organic,True
C002791,2022-11-08,SMB,GT,Partner,True
C002792,2024-04-27,SMB,TR,Paid Ads,True
C002793,2022-11-10,SMB,LC,Partner,True
C002794,2022-11-30,Mid-Market,RU,Paid Ads,True
C002795,2023-08-19,Enterprise,FI,Paid Ads,True
C002796,2022-02-20,SMB,GH,Referral,False
C002797,2023-12-29,Enterprise,MM,Organic,True
C002798,2022-08-18,SMB,ZA,Partner,True
C002799,2024-01-14,Mid-Market,MD,Referral,True
C002800,2023-05-11,SMB,PT,Organic,True
C002801,2024-08-08,SMB,DK,Partner,True
C002802,2022-10-10,SMB,ID,Referral,True
C002803,2022-04-25,Mid-Market,CR,Paid Ads,True
C002804,2024-02-21,SMB,JO,Partner,True
C002805,2024-02-08,Mid-Market,CN,Paid Ads,True
C002806,2022-08-26,Mid-Market,PL,Organic,True
C002807,2022-05-06,SMB,GD,Paid Ads,False
C002808,2024-03-04,SMB,DK,Referral,True
C002809,2023-08-25,SMB,CD,Paid Ads,True
C002810,2022-06-08,Mid-Market,KP,Referral,True
C002811,2022-07-15,SMB,CN,Referral,True
C002812,2023-10-27,SMB,QA,Referral,True
C002813,2024-11-17,SMB,PL,Referral,False
C002814,2023-07-01,Mid-Market,CA,Partner,True
C002815,2023-02-18,SMB,MZ,Referral,True
C002816,2024-08-09,Mid-Market,TV,Paid Ads,True
C002817,2024-05-05,SMB,RS,Organic,False
C002818,2024-10-07,SMB,JP,Partner,False
C002819,2022-05-22,SMB,RU,Partner,True
C002820,2023-05-08,SMB,IS,Paid Ads,True
C002821,2024-08-21,Enterprise,FM,Referral,True
C002822,2024-07-03,SMB,MC,Paid Ads,True
C002823,2023-06-18,SMB,BO,Paid Ads,False
C002824,2023-06-30,SMB,YE,Referral,True
C002825,2022-08-29,Mid-Market,HN,Organic,True
C002826,2023-04-11,SMB,FJ,Organic,True
C002827,2022-03-31,SMB,SR,Paid Ads,False
C002828,2022-03-19,SMB,RU,Paid Ads,True
C002829,2023-10-19,SMB,ID,Partner,False
C002830,2024-01-20,Enterprise,TN,Partner,True
C002831,2022-08-27,Enterprise,SI,Paid Ads,True
C002832,2023-03-31,SMB,KN,Partner,False
C002833,2023-01-10,SMB,CU,Partner,True
C002834,2023-02-07,SMB,RS,Partner,True
C002835,2024-03-25,SMB,ME,Organic,True
C002836,2022-11-19,SMB,NP,Referral,True
C002837,2022-07-12,Mid-Market,LS,Organic,False
C002838,2023-11-10,SMB,SR,Referral,True
C002839,2024-05-19,SMB,CY,Paid Ads,True
C002840,2022-10-25,SMB,KM,Paid Ads,True
C002841,2022-04-23,Enterprise,GN,Partner,True
C002842,2022-10-29,SMB,TH,Organic,True
C002843,2024-11-26,SMB,CD,Organic,True
C002844,2022-01-28,Mid-Market,HN,Referral,True
C002845,2023-04-23,SMB,GW,Referral,True
C002846,2024-10-12,SMB,ME,Partner,True
C002847,2022-04-08,Enterprise,HT,Referral,True
C002848,2024-12-13,SMB,GE,Partner,True
C002849,2024-03-23,SMB,MK,Partner,True
C002850,2023-07-13,Mid-Market,BT,Referral,True
C002851,2023-02-17,SMB,GA,Partner,False
C002852,2022-04-08,SMB,JP,Referral,False
C002853,2023-09-12,Enterprise,CN,Paid Ads,True
C002854,2024-11-12,SMB,BE,Paid Ads,False
C002855,2024-10-21,SMB,DO,Partner,True
C002856,2022-02-02,Mid-Market,AF,Paid Ads,True
C002857,2022-12-16,SMB,BO,Partner,False
C002858,2024-01-30,SMB,CF,Paid Ads,False
C002859,2024-12-19,SMB,ZA,Referral,False
C002860,2022-09-15,SMB,BB,Paid Ads,True
C002861,2024-10-01,Mid-Market,SI,Partner,True
C002862,2024-04-14,Enterprise,PY,Referral,True
C002863,2023-06-27,SMB,KR,Referral,True
C002864,2024-04-07,Mid-Market,BO,Paid Ads,True
C002865,2024-05-17,SMB,EC,Organic,True
C002866,2022-08-05,SMB,MW,Partner,True
C002867,2024-02-08,Enterprise,GR,Paid Ads,True
C002868,2022-08-15,Enterprise,TT,Partner,True
C002869,2022-09-23,Mid-Market,TR,Partner,True
C002870,2022-01-03,SMB,DE,Organic,True
C002871,2024-08-08,Mid-Market,CF,Paid Ads,True
C002872,2024-06-06,Enterprise,IT,Paid Ads,True
C002873,2023-08-02,SMB,ET,Organic,True
C002874,2023-02-26,SMB,NZ,Organic,True
C002875,2024-11-14,SMB,RU,Organic,True
C002876,2023-11-20,Mid-Market,PH,Referral,True
C002877,2023-07-15,Mid-Market,IN,Paid Ads,True
C002878,2024-06-25,Mid-Market,FR,Organic,True
C002879,2022-11-12,Mid-Market,GW,Paid Ads,True
C002880,2023-10-27,SMB,TZ,Organic,True
C002881,2024-09-11,Enterprise,BE,Paid Ads,True
C002882,2023-01-02,SMB,ID,Partner,False
C002883,2022-07-15,Mid-Market,KG,Organic,False
C002884,2022-01-10,SMB,ET,Paid Ads,False
C002885,2022-07-13,SMB,KG,Referral,True
C002886,2022-11-10,SMB,SG,Organic,True
C002887,2023-12-07,SMB,SK,Paid Ads,True
C002888,2024-11-11,Mid-Market,NI,Referral,True
C002889,2023-05-30,Mid-Market,SG,Referral,True
C002890,2024-09-07,SMB,MH,Organic,True
C002891,2024-09-20,SMB,SK,Partner,True
C002892,2023-06-13,SMB,SL,Paid Ads,True
C002893,2022-08-26,SMB,PH,Partner,True
C002894,2023-06-26,SMB,KZ,Paid Ads,False
C002895,2022-08-30,SMB,AM,Organic,True
C002896,2022-02-15,SMB,TJ,Organic,True
C002897,2024-07-15,Mid-Market,CV,Paid Ads,True
C002898,2024-06-23,SMB,CL,Partner,True
C002899,2023-04-14,SMB,MA,Partner,False
C002900,2024-10-05,Enterprise,LK,Organic,True
C002901,2023-08-27,Enterprise,MW,Paid Ads,True
C002902,2024-06-03,SMB,KW,Organic,False
C002903,2024-12-15,SMB,LC,Referral,True
C002904,2024-05-22,SMB,CD,Referral,True
C002905,2022-02-10,SMB,NP,Paid Ads,False
C002906,2024-10-29,SMB,CF,Referral,True
C002907,2022-08-30,SMB,EC,Partner,False
C002908,2024-08-08,SMB,RU,Paid Ads,True
C002909,2022-01-26,SMB,CL,Paid Ads,True
C002910,2023-08-13,SMB,KM,Referral,False
C002911,2023-12-03,Mid-Market,BR,Organic,False
C002912,2024-08-18,SMB,RS,Organic,True
C002913,2024-07-21,Mid-Market,US,Organic,True
C002914,2024-09-13,SMB,SD,Partner,False
C002915,2023-07-18,SMB,NE,Referral,True
C002916,2022-03-18,Enterprise,LR,Organic,True
C002917,2022-07-21,SMB,FM,Organic,True
C002918,2022-11-03,SMB,LU,Organic,True
C002919,2024-03-02,Enterprise,CG,Paid Ads,True
C002920,2024-01-22,SMB,HN,Organic,True
C002921,2022-06-12,SMB,CH,Referral,True
C002922,2024-05-13,Mid-Market,LS,Referral,True
C002923,2023-01-04,Mid-Market,IQ,Organic,True
C002924,2022-01-29,SMB,FJ,Referral,True
C002925,2023-04-30,Mid-Market,BG,Referral,True
C002926,2023-05-07,SMB,SA,Paid Ads,True
C002927,2023-06-27,SMB,ME,Organic,True
C002928,2024-05-07,SMB,IR,Partner,True
C002929,2024-12-16,SMB,MR,Referral,True
C002930,2024-08-17,SMB,SD,Paid Ads,True
C002931,2023-02-11,Mid-Market,MK,Organic,True
C002932,2023-07-01,SMB,SR,Partner,False
C002933,2022-05-04,SMB,SM,Referral,True
C002934,2024-01-23,SMB,ST,Paid Ads,True
C002935,2022-10-06,Enterprise,AF,Partner,True
C002936,2023-04-13,Enterprise,GR,Referral,True
C002937,2023-05-28,Enterprise,BY,Organic,True
C002938,2022-10-23,SMB,CL,Organic,True
C002939,2022-05-07,Mid-Market,NL,Organic,False
C002940,2023-06-03,SMB,GT,Organic,True
C002941,2023-01-15,Enterprise,LR,Referral,True
C002942,2022-09-27,Mid-Market,CO,Partner,True
C002943,2022-05-18,SMB,DO,Paid Ads,True
C002944,2022-02-05,Mid-Market,OM,Paid Ads,True
C002945,2023-09-14,SMB,CZ,Paid Ads,False
C002946,2024-04-08,SMB,CN,Partner,True
C002947,2024-07-05,Mid-Market,MV,Referral,True
C002948,2024-03-30,SMB,IS,Paid Ads,True
C002949,2022-02-27,SMB,PA,Referral,True
C002950,2023-08-22,SMB,FI,Referral,True
C002951,2024-10-08,Mid-Market,KM,Organic,True
C002952,2023-11-02,SMB,TZ,Paid Ads,True
C002953,2023-06-12,SMB,DJ,Partner,True
C002954,2024-12-06,Mid-Market,SY,Paid Ads,True
C002955,2024-06-27,Enterprise,LC,Partner,True
C002956,2024-12-28,SMB,CH,Organic,True
C002957,2024-07-29,Mid-Market,CF,Paid Ads,True
C002958,2023-10-10,Enterprise,UG,Organic,True
C002959,2022-05-30,SMB,LC,Partner,True
C002960,2023-12-17,SMB,MU,Organic,False
C002961,2022-02-19,SMB,RU,Organic,True
C002962,2022-04-13,SMB,ET,Partner,True
C002963,2023-12-01,Enterprise,AG,Paid Ads,True
C002964,2023-04-28,SMB,ET,Partner,True
C002965,2023-04-23,Mid-Market,SR,Partner,True
C002966,2022-08-03,Mid-Market,BI,Organic,True
C002967,2023-09-21,SMB,US,Partner,True
C002968,2023-09-21,Mid-Market,BI,Partner,True
C002969,2023-04-06,SMB,WS,Paid Ads,True
C002970,2022-01-02,SMB,US,Organic,True
C002971,2023-11-03,SMB,NL,Organic,False
C002972,2023-12-23,SMB,EE,Partner,True
C002973,2023-03-20,SMB,TH,Partner,True
C002974,2023-02-23,Mid-Market,VU,Organic,True
C002975,2024-10-16,SMB,IQ,Partner,False
C002976,2022-09-18,Mid-Market,MW,Referral,True
C002977,2023-06-01,SMB,CY,Partner,False
C002978,2022-12-10,SMB,QA,Partner,True
C002979,2022-12-13,SMB,PL,Organic,True
C002980,2024-09-22,Mid-Market,PY,Organic,True
C002981,2023-05-18,SMB,ZW,Partner,False
C002982,2022-03-24,SMB,MG,Paid Ads,True
C002983,2022-12-15,SMB,GD,Organic,True
C002984,2023-10-04,Enterprise,IL,Partner,True
C002985,2023-07-11,SMB,DE,Organic,True
C002986,2023-08-08,SMB,QA,Partner,False
C002987,2022-02-19,Enterprise,MM,Referral,True
C002988,2023-03-28,SMB,LK,Organic,True
C002989,2023-06-24,SMB,TT,Paid Ads,True
C002990,2022-09-05,SMB,NE,Organic,False
C002991,2023-04-10,SMB,BR,Partner,True
C002992,2022-02-25,Enterprise,TH,Partner,True
C002993,2022-08-19,Enterprise,PT,Paid Ads,True
C002994,2024-06-12,SMB,SR,Paid Ads,False
C002995,2024-11-15,Mid-Market,VC,Referral,True
C002996,2023-11-29,SMB,KP,Referral,False
C002997,2022-09-15,SMB,WS,Referral,True
C002998,2023-06-18,SMB,LC,Paid Ads,True
C002999,2024-04-18,SMB,ES,Partner,True
C003000,2023-05-22,Mid-Market,LK,Organic,True
C003001,2024-02-29,SMB,NA,Organic,True
C003002,2022-12-12,SMB,DZ,Paid Ads,True
C003003,2024-02-15,SMB,ID,Referral,True
C003004,2024-01-17,Mid-Market,HT,Referral,True
C003005,2024-10-01,SMB,BH,Organic,True
C003006,2023-02-07,Mid-Market,IR,Organic,True
C003007,2023-05-07,SMB,SE,Organic,False
C003008,2022-04-26,SMB,CO,Organic,True
C003009,2024-11-01,Mid-Market,ZA,Paid Ads,False
C003010,2022-07-13,SMB,OM,Organic,True
C003011,2022-01-18,SMB,IN,Partner,True
C003012,2024-11-10,SMB,SK,Referral,True
C003013,2022-10-17,SMB,UA,Referral,True
C003014,2022-02-22,SMB,ZW,Referral,True
C003015,2023-10-30,Mid-Market,BZ,Paid Ads,True
C003016,2022-09-20,SMB,US,Paid Ads,True
C003017,2023-08-26,SMB,MZ,Referral,True
C003018,2022-03-17,Enterprise,KG,Partner,False
C003019,2024-12-06,SMB,NI,Organic,True
C003020,2024-04-21,SMB,VC,Partner,True
C003021,2022-04-06,Enterprise,NR,Organic,True
C003022,2024-11-26,SMB,KZ,Organic,True
C003023,2022-07-09,SMB,BN,Paid Ads,True
C003024,2022-04-01,SMB,KW,Referral,False
C003025,2024-08-02,Mid-Market,PL,Organic,True
C003026,2024-03-08,SMB,CM,Referral,True
C003027,2022-06-26,Enterprise,AE,Partner,True
C003028,2023-05-24,Mid-Market,GB,Paid Ads,True
C003029,2024-08-06,SMB,AU,Partner,True
C003030,2024-03-08,Mid-Market,GN,Paid Ads,True
C003031,2023-06-01,SMB,NR,Paid Ads,True
C003032,2022-05-01,Mid-Market,NI,Paid Ads,True
C003033,2022-01-02,SMB,GW,Organic,False
C003034,2024-04-17,SMB,SB,Organic,True
C003035,2024-08-26,Mid-Market,ET,Paid Ads,True
C003036,2022-07-16,Mid-Market,MD,Referral,True
C003037,2023-03-07,SMB,CR,Referral,True
C003038,2022-09-08,SMB,MT,Organic,False
C003039,2024-02-17,SMB,LA,Referral,True
C003040,2024-12-02,Mid-Market,DZ,Organic,True
C003041,2024-01-14,Enterprise,BS,Organic,True
C003042,2022-07-01,SMB,HN,Referral,False
C003043,2022-04-08,SMB,SK,Paid Ads,True
C003044,2022-04-03,SMB,IS,Paid Ads,True
C003045,2024-08-04,SMB,SG,Referral,True
C003046,2022-06-10,Enterprise,MW,Referral,True
C003047,2023-08-16,Enterprise,ZA,Paid Ads,True
C003048,2024-12-05,Enterprise,US,Paid Ads,True
C003049,2022-07-28,Enterprise,CO,Partner,True
C003050,2024-07-24,SMB,ML,Referral,False
C003051,2023-10-20,SMB,IT,Paid Ads,True
C003052,2024-05-30,SMB,VA,Organic,True
C003053,2023-09-04,Enterprise,NL,Partner,True
C003054,2024-06-27,SMB,IL,Referral,True
C003055,2022-04-16,SMB,ID,Organic,True
C003056,2022-12-31,SMB,CH,Paid Ads,True
C003057,2024-05-04,SMB,AO,Partner,False
C003058,2023-03-26,Mid-Market,BG,Organic,False
C003059,2022-10-24,SMB,HT,Paid Ads,True
C003060,2024-07-06,SMB,SR,Partner,True
C003061,2022-11-02,SMB,PS,Organic,False
C003062,2022-12-11,SMB,CY,Organic,True
C003063,2022-01-03,Mid-Market,CI,Partner,True
C003064,2022-09-26,SMB,LT,Partner,True
C003065,2022-04-05,SMB,KR,Partner,True
C003066,2023-05-27,SMB,LT,Paid Ads,False
C003067,2023-12-05,Enterprise,SZ,Partner,True
C003068,2024-08-26,Enterprise,VA,Organic,True
C003069,2022-04-11,SMB,BG,Partner,True
C003070,2024-03-05,Mid-Market,US,Partner,True
C003071,2023-12-10,SMB,AM,Paid Ads,True
C003072,2022-06-13,SMB,NG,Partner,True
C003073,2023-12-03,SMB,PS,Paid Ads,True
C003074,2022-02-14,Mid-Market,SK,Referral,True
C003075,2024-06-24,SMB,SV,Referral,True
C003076,2022-03-05,SMB,QA,Partner,True
C003077,2022-07-27,SMB,SK,Partner,False
C003078,2023-04-07,Mid-Market,PH,Organic,True
C003079,2022-06-08,Mid-Market,LB,Organic,True
C003080,2024-11-04,Mid-Market,AL,Partner,True
C003081,2022-10-06,SMB,JP,Partner,True
C003082,2024-09-15,Enterprise,SI,Organic,True
C003083,2023-05-21,SMB,CR,Partner,True
C003084,2022-09-25,SMB,YE,Organic,True
C003085,2022-09-23,SMB,FJ,Referral,True
C003086,2022-11-23,Mid-Market,KM,Referral,True
C003087,2024-08-11,SMB,GW,Paid Ads,False
C003088,2024-02-28,Mid-Market,IR,Partner,True
C003089,2022-09-19,Mid-Market,MD,Referral,True
C003090,2024-06-11,SMB,ME,Organic,True
C003091,2022-08-13,SMB,TD,Paid Ads,True
C003092,2024-05-07,Mid-Market,NA,Partner,True
C003093,2024-10-02,Mid-Market,TG,Referral,True
C003094,2024-08-11,SMB,LY,Partner,False
C003095,2024-07-02,SMB,ES,Organic,True
C003096,2023-12-29,SMB,DK,Paid Ads,True
C003097,2024-05-24,Enterprise,SC,Paid Ads,True
C003098,2023-02-27,Enterprise,AE,Paid Ads,False
C003099,2022-11-22,SMB,BS,Organic,True
C003100,2024-03-09,Enterprise,EG,Partner,True
C003101,2022-11-26,SMB,BF,Paid Ads,True
C003102,2024-05-04,SMB,IQ,Organic,True
C003103,2023-01-11,Enterprise,OM,Referral,True
C003104,2023-02-05,SMB,SK,Referral,True
C003105,2022-04-09,SMB,PW,Partner,True
C003106,2022-05-25,SMB,LS,Paid Ads,True
C003107,2022-08-20,SMB,CU,Partner,False
C003108,2024-08-21,Mid-Market,IL,Partner,True
C003109,2023-12-29,SMB,AE,Referral,True
C003110,2024-05-23,SMB,BG,Partner,True
C003111,2024-12-26,SMB,KZ,Partner,False
C003112,2023-02-27,Mid-Market,WS,Organic,True
C003113,2024-05-13,Mid-Market,ZA,Organic,False
C003114,2022-08-17,SMB,DZ,Paid Ads,False
C003115,2022-05-15,SMB,SR,Referral,True
C003116,2022-10-06,Mid-Market,SM,Organic,True
C003117,2024-08-14,Mid-Market,SN,Paid Ads,False
C003118,2022-06-23,Mid-Market,AU,Organic,True
C003119,2022-02-13,SMB,AT,Partner,False
C003120,2022-12-11,SMB,GM,Organic,True
C003121,2022-09-25,SMB,BH,Paid Ads,False
C003122,2023-03-31,Mid-Market,LV,Referral,False
C003123,2022-04-19,SMB,IS,Organic,True
C003124,2024-02-01,SMB,RO,Paid Ads,True
C003125,2024-01-22,Enterprise,LK,Paid Ads,True
C003126,2023-01-19,SMB,DE,Paid Ads,True
C003127,2024-01-01,SMB,SK,Paid Ads,False
C003128,2022-08-20,SMB,AF,Partner,True
C003129,2022-09-22,SMB,NI,Partner,True
C003130,2023-01-31,SMB,WS,Partner,True
C003131,2024-03-10,SMB,TL,Organic,True
C003132,2023-11-21,SMB,BT,Partner,True
C003133,2022-04-08,SMB,SN,Paid Ads,True
C003134,2023-01-21,Mid-Market,MX,Paid Ads,True
C003135,2024-01-17,Mid-Market,GN,Referral,True
C003136,2022-12-23,SMB,BY,Organic,True
C003137,2022-11-09,SMB,CV,Organic,True
C003138,2022-01-06,SMB,RW,Partner,True
C003139,2022-08-27,SMB,SK,Paid Ads,False
C003140,2022-03-03,Mid-Market,AG,Referral,True
C003141,2023-03-09,SMB,PT,Paid Ads,True
C003142,2022-02-12,SMB,FI,Partner,True
C003143,2023-07-06,Mid-Market,NG,Paid Ads,True
C003144,2022-03-24,Mid-Market,AE,Paid Ads,True
C003145,2022-02-28,SMB,GR,Organic,True
C003146,2023-12-10,SMB,PT,Partner,True
C003147,2023-01-04,SMB,PG,Organic,True
C003148,2024-02-29,Mid-Market,FM,Organic,True
C003149,2024-10-15,SMB,MC,Organic,True
C003150,2022-03-26,SMB,RS,Organic,True
C003151,2022-12-18,SMB,ZM,Partner,False
C003152,2022-11-14,SMB,FR,Partner,True
C003153,2024-04-28,Mid-Market,SN,Referral,True
C003154,2022-10-28,Enterprise,BW,Referral,True
C003155,2022-12-08,SMB,AU,Referral,True
C003156,2024-01-26,Mid-Market,GH,Partner,True
C003157,2022-11-01,SMB,ME,Partner,False
C003158,2023-12-05,Enterprise,CG,Paid Ads,True
C003159,2024-04-14,SMB,GH,Organic,True
C003160,2023-11-24,SMB,MW,Referral,True
C003161,2022-05-30,SMB,MM,Organic,False
C003162,2023-11-03,Mid-Market,GR,Partner,True
C003163,2024-10-19,SMB,HT,Paid Ads,True
C003164,2022-02-04,Mid-Market,CL,Partner,False
C003165,2022-05-07,SMB,AM,Organic,True
C003166,2022-11-01,Mid-Market,NP,Organic,True
C003167,2023-12-08,Mid-Market,IE,Referral,False
C003168,2022-07-23,SMB,IQ,Paid Ads,True
C003169,2023-07-25,SMB,KE,Paid Ads,True
C003170,2022-03-07,SMB,FM,Organic,True
C003171,2022-07-24,SMB,MD,Partner,True
C003172,2023-03-06,SMB,AL,Paid Ads,False
C003173,2023-09-05,SMB,IN,Organic,False
C003174,2024-01-27,SMB,LR,Organic,False
C003175,2023-08-24,Mid-Market,LR,Organic,True
C003176,2022-11-11,Mid-Market,KZ,Referral,True
C003177,2023-09-07,Mid-Market,SK,Paid Ads,True
C003178,2022-01-21,Enterprise,GD,Partner,True
C003179,2023-05-24,Mid-Market,AE,Paid Ads,True
C003180,2023-11-02,Enterprise,NZ,Paid Ads,True
C003181,2023-12-06,SMB,ET,Organic,True
C003182,2024-11-29,Enterprise,AD,Partner,True
C003183,2024-01-24,Enterprise,AZ,Paid Ads,True
C003184,2024-09-21,SMB,TJ,Referral,True
C003185,2024-12-07,SMB,PW,Paid Ads,True
C003186,2023-07-17,SMB,SV,Organic,True
C003187,2024-01-04,SMB,BB,Paid Ads,True
C003188,2023-11-26,SMB,PY,Paid Ads,True
C003189,2023-05-16,Mid-Market,GD,Organic,True
C003190,2023-06-21,SMB,ZM,Partner,True
C003191,2023-03-09,Mid-Market,CZ,Referral,True
C003192,2022-04-22,Enterprise,AG,Referral,True
C003193,2024-07-28,SMB,LU,Referral,True
C003194,2022-06-11,SMB,UZ,Organic,True
C003195,2023-02-09,SMB,BI,Organic,True
C003196,2022-12-02,Enterprise,KI,Paid Ads,True
C003197,2023-07-18,SMB,EC,Organic,True
C003198,2024-11-06,Mid-Market,LK,Paid Ads,False
C003199,2023-01-15,SMB,TD,Partner,True
C003200,2022-06-20,SMB,CY,Referral,True
C003201,2022-07-19,Enterprise,LV,Referral,True
C003202,2022-07-19,SMB,PL,Organic,False
C003203,2023-04-18,Mid-Market,CM,Paid Ads,True
C003204,2023-09-17,Mid-Market,LV,Paid Ads,True
C003205,2024-08-04,Mid-Market,NG,Paid Ads,True
C003206,2022-12-17,Mid-Market,NZ,Referral,True
C003207,2023-02-24,SMB,HR,Partner,True
C003208,2022-02-22,SMB,SK,Organic,True
C003209,2022-03-23,Enterprise,LS,Paid Ads,True
C003210,2024-03-30,SMB,BZ,Referral,False
C003211,2023-01-29,Enterprise,IT,Partner,True
C003212,2022-03-16,SMB,BR,Partner,False
C003213,2024-01-03,Enterprise,ET,Organic,True
C003214,2023-10-16,SMB,KW,Referral,False
C003215,2024-03-27,SMB,BY,Referral,False
C003216,2024-02-26,Enterprise,AU,Organic,True
C003217,2023-11-20,Enterprise,TT,Partner,False
C003218,2022-06-05,Mid-Market,AF,Organic,True
C003219,2022-10-19,Enterprise,SD,Partner,True
C003220,2024-07-14,SMB,MU,Partner,True
C003221,2022-02-21,Enterprise,BE,Organic,True
C003222,2024-10-01,Mid-Market,GD,Paid Ads,False
C003223,2022-07-19,Mid-Market,MH,Organic,False
C003224,2022-07-21,SMB,MV,Organic,False
C003225,2022-12-29,SMB,ES,Organic,True
C003226,2022-08-24,SMB,ZM,Paid Ads,False
C003227,2022-04-15,Mid-Market,SA,Referral,True
C003228,2024-01-08,Mid-Market,RO,Referral,False
C003229,2024-01-16,SMB,VE,Referral,False
C003230,2023-08-02,Mid-Market,MN,Organic,True
C003231,2023-01-25,SMB,JM,Paid Ads,True
C003232,2022-03-09,SMB,LU,Referral,False
C003233,2023-11-15,Mid-Market,CO,Partner,False
C003234,2024-03-21,Mid-Market,CG,Organic,True
C003235,2023-01-13,SMB,IL,Referral,False
C003236,2022-10-03,SMB,VE,Organic,False
C003237,2024-09-27,Mid-Market,EC,Referral,True
C003238,2024-03-02,SMB,OM,Organic,True
C003239,2024-02-02,SMB,AM,Partner,True
C003240,2024-08-26,Enterprise,NR,Referral,True
C003241,2023-01-15,SMB,BF,Paid Ads,True
C003242,2023-01-30,Enterprise,CZ,Referral,True
C003243,2024-03-18,Enterprise,CA,Partner,True
C003244,2024-04-07,SMB,HN,Referral,True
C003245,2024-04-26,SMB,PL,Partner,False
C003246,2023-11-23,Mid-Market,KI,Referral,True
C003247,2024-11-17,SMB,FR,Organic,True
C003248,2023-06-19,SMB,LV,Paid Ads,True
C003249,2024-09-18,SMB,FR,Partner,True
C003250,2022-07-16,Mid-Market,BY,Partner,True
C003251,2023-12-22,Mid-Market,CR,Partner,False
C003252,2023-09-18,SMB,VE,Referral,True
C003253,2022-12-28,SMB,JP,Organic,False
C003254,2023-07-23,SMB,US,Partner,True
C003255,2024-01-26,SMB,MM,Partner,False
C003256,2024-04-18,Enterprise,TD,Referral,True
C003257,2022-01-18,Enterprise,SL,Organic,True
C003258,2022-07-07,Mid-Market,YE,Referral,True
C003259,2023-09-07,SMB,CV,Partner,True
C003260,2022-11-09,Mid-Market,CF,Paid Ads,True
C003261,2022-07-03,SMB,ER,Organic,True
C003262,2024-09-08,SMB,GQ,Partner,True
C003263,2023-11-06,Enterprise,JP,Organic,False
C003264,2022-09-22,SMB,NL,Partner,True
C003265,2022-01-17,SMB,RO,Partner,False
C003266,2023-06-21,SMB,VN,Organic,True
C003267,2023-12-29,Enterprise,MX,Partner,True
C003268,2023-01-21,Mid-Market,SO,Partner,True
C003269,2024-05-24,Mid-Market,AM,Organic,True
C003270,2024-12-15,SMB,SL,Paid Ads,True
C003271,2024-05-25,SMB,NE,Referral,False
C003272,2023-04-16,SMB,DZ,Organic,True
C003273,2022-11-20,Enterprise,LA,Paid Ads,True
C003274,2022-03-02,SMB,TR,Partner,True
C003275,2024-06-26,SMB,GB,Partner,True
C003276,2024-04-16,Mid-Market,SE,Referral,True
C003277,2024-07-23,Enterprise,TG,Paid Ads,True
C003278,2022-09-05,SMB,IR,Organic,True
C003279,2022-01-04,SMB,PE,Partner,True
C003280,2024-07-12,Enterprise,SN,Partner,True
C003281,2024-07-02,SMB,OM,Organic,False
C003282,2024-11-01,Mid-Market,BF,Partner,True
C003283,2023-01-23,SMB,BO,Paid Ads,True
C003284,2023-10-25,SMB,FR,Referral,True
C003285,2022-08-27,SMB,IR,Organic,False
C003286,2023-04-27,Mid-Market,MA,Partner,True
C003287,2024-05-25,SMB,TV,Organic,True
C003288,2022-03-07,Mid-Market,ID,Organic,True
C003289,2024-10-20,SMB,CY,Partner,False
C003290,2022-05-27,Enterprise,AD,Organic,False
C003291,2024-04-27,Mid-Market,TT,Partner,True
C003292,2024-05-14,Mid-Market,AG,Referral,True
C003293,2024-08-28,SMB,AE,Partner,True
C003294,2023-04-08,SMB,MR,Referral,True
C003295,2023-07-12,SMB,FR,Referral,False
C003296,2024-05-30,SMB,BH,Organic,True
C003297,2022-04-25,SMB,AL,Partner,False
C003298,2023-07-27,SMB,MU,Partner,True
C003299,2023-11-23,SMB,MZ,Organic,True
C003300,2022-08-29,Enterprise,IQ,Partner,True
C003301,2022-06-20,SMB,CN,Paid Ads,True
C003302,2024-07-10,Mid-Market,VU,Referral,True
C003303,2024-04-15,SMB,QA,Paid Ads,True
C003304,2023-01-21,SMB,TG,Organic,False
C003305,2024-12-29,SMB,VE,Referral,True
C003306,2022-07-20,Mid-Market,MD,Organic,True
C003307,2023-11-18,SMB,TO,Referral,False
C003308,2022-06-18,SMB,CL,Paid Ads,True
C003309,2024-09-16,SMB,AT,Referral,True
C003310,2023-07-16,SMB,PS,Paid Ads,True
C003311,2023-03-09,SMB,AD,Partner,True
C003312,2023-02-27,Mid-Market,EC,Organic,True
C003313,2023-09-22,SMB,ZW,Paid Ads,False
C003314,2022-05-02,SMB,IE,Paid Ads,False
C003315,2022-03-22,Mid-Market,CM,Referral,True
C003316,2022-08-20,SMB,NR,Partner,True
C003317,2024-08-06,Mid-Market,LS,Partner,False
C003318,2022-09-11,SMB,CO,Organic,True
C003319,2024-10-25,SMB,JM,Paid Ads,True
C003320,2023-03-11,SMB,KP,Paid Ads,True
C003321,2022-02-14,Mid-Market,MU,Partner,False
C003322,2024-07-30,SMB,PT,Referral,True
C003323,2023-10-24,SMB,SO,Paid Ads,True
C003324,2024-08-11,Mid-Market,PL,Organic,True
C003325,2024-08-14,SMB,KG,Paid Ads,True
C003326,2022-07-29,Mid-Market,BT,Partner,True
C003327,2024-05-29,SMB,CI,Organic,True
C003328,2024-03-06,SMB,MR,Partner,False
C003329,2022-01-02,SMB,LB,Referral,True
C003330,2024-12-01,SMB,AD,Partner,True
C003331,2023-06-06,SMB,NR,Referral,True
C003332,2023-06-15,SMB,BF,Partner,False
C003333,2024-10-22,Mid-Market,VU,Organic,True
C003334,2023-12-16,Enterprise,ME,Referral,True
C003335,2024-12-16,SMB,GR,Paid Ads,True
C003336,2023-07-29,Mid-Market,BZ,Referral,True
C003337,2024-03-31,SMB,GE,Partner,True
C003338,2022-09-24,SMB,SK,Partner,True
C003339,2023-07-21,SMB,DK,Partner,True
C003340,2023-07-05,Mid-Market,QA,Referral,True
C003341,2023-11-04,SMB,CN,Partner,True
C003342,2022-01-08,SMB,TR,Organic,True
C003343,2023-10-01,Enterprise,MA,Referral,True
C003344,2023-10-23,Mid-Market,MU,Referral,True
C003345,2024-08-13,Enterprise,ST,Paid Ads,True
C003346,2022-03-21,SMB,SR,Partner,True
C003347,2024-08-06,SMB,MA,Partner,False
C003348,2023-12-03,SMB,TD,Referral,True
C003349,2023-04-26,Mid-Market,ZA,Organic,True
C003350,2023-04-03,Mid-Market,BI,Partner,True
C003351,2023-12-13,SMB,BZ,Paid Ads,True
C003352,2022-04-09,SMB,PL,Paid Ads,True
C003353,2022-04-20,SMB,CF,Partner,True
C003354,2023-10-18,SMB,PS,Partner,False
C003355,2024-12-07,Mid-Market,AT,Organic,False
C003356,2022-09-19,SMB,MM,Paid Ads,True
C003357,2022-09-28,Mid-Market,CA,Paid Ads,True
C003358,2024-08-28,SMB,ZW,Partner,True
C003359,2022-06-06,SMB,TG,Referral,True
C003360,2023-09-21,Mid-Market,ME,Paid Ads,True
C003361,2024-08-09,SMB,GB,Organic,True
C003362,2022-05-31,SMB,CL,Partner,True
C003363,2023-04-10,Mid-Market,SK,Partner,True
C003364,2022-10-05,Mid-Market,KG,Organic,True
C003365,2023-08-15,SMB,CZ,Referral,True
C003366,2022-01-23,SMB,DJ,Paid Ads,True
C003367,2024-12-10,Mid-Market,BZ,Organic,True
C003368,2024-10-18,Enterprise,AL,Paid Ads,True
C003369,2023-07-25,SMB,NI,Paid Ads,True
C003370,2024-05-30,SMB,BN,Paid Ads,False
C003371,2024-01-11,SMB,SK,Partner,True
C003372,2023-12-11,SMB,BB,Partner,True
C003373,2024-09-09,Enterprise,AE,Partner,True
C003374,2024-04-10,SMB,ES,Organic,True
C003375,2023-11-10,Mid-Market,LY,Partner,True
C003376,2023-02-01,Mid-Market,MN,Paid Ads,True
C003377,2023-02-20,SMB,TL,Paid Ads,False
C003378,2024-01-24,SMB,CO,Paid Ads,False
C003379,2024-01-22,Mid-Market,FJ,Referral,True
C003380,2024-06-29,Enterprise,VA,Referral,True
C003381,2023-02-09,SMB,GM,Referral,True
C003382,2024-11-23,Mid-Market,AD,Partner,False
C003383,2024-12-02,Mid-Market,QA,Referral,True
C003384,2024-06-25,SMB,TG,Partner,False
C003385,2024-01-15,SMB,LU,Partner,True
C003386,2023-11-12,SMB,DJ,Referral,False
C003387,2023-01-25,Enterprise,NL,Partner,True
C003388,2022-06-29,Enterprise,FR,Partner,False
C003389,2022-01-30,SMB,PS,Partner,True
C003390,2023-10-26,SMB,CV,Referral,True
C003391,2023-03-18,SMB,ER,Partner,True
C003392,2022-07-29,SMB,MW,Paid Ads,True
C003393,2022-12-30,SMB,DJ,Partner,True
C003394,2024-12-02,Enterprise,GW,Partner,True
C003395,2024-01-16,Mid-Market,KN,Organic,True
C003396,2024-05-25,SMB,HN,Partner,True
C003397,2024-11-03,SMB,DE,Partner,True
C003398,2024-10-28,SMB,HU,Paid Ads,False
C003399,2022-07-26,SMB,LI,Partner,True
C003400,2023-06-15,SMB,DJ,Paid Ads,False
C003401,2022-05-17,SMB,AT,Partner,False
C003402,2022-05-05,Enterprise,TR,Paid Ads,True
C003403,2022-07-09,SMB,VE,Organic,True
C003404,2022-10-11,SMB,ML,Partner,True
C003405,2023-08-17,SMB,GH,Organic,True
C003406,2023-04-22,Mid-Market,CD,Partner,True
C003407,2023-01-22,SMB,KR,Referral,True
C003408,2023-06-19,SMB,LY,Organic,False
C003409,2022-09-03,Enterprise,CR,Partner,False
C003410,2022-12-07,SMB,MD,Organic,True
C003411,2022-06-27,Mid-Market,CA,Partner,False
C003412,2022-09-28,Enterprise,LC,Organic,False
C003413,2022-11-12,Mid-Market,IR,Referral,True
C003414,2024-11-17,Mid-Market,SO,Organic,True
C003415,2024-08-17,Mid-Market,CG,Paid Ads,True
C003416,2024-05-22,Mid-Market,PW,Referral,True
C003417,2022-12-10,SMB,FJ,Referral,True
C003418,2022-01-19,Mid-Market,MK,Paid Ads,True
C003419,2024-09-12,Mid-Market,PW,Partner,False
C003420,2024-10-05,SMB,NL,Referral,True
C003421,2023-04-01,SMB,TD,Paid Ads,True
C003422,2022-03-12,SMB,SZ,Organic,True
C003423,2022-12-16,SMB,HT,Referral,False
C003424,2024-10-07,SMB,TV,Paid Ads,True
C003425,2024-07-06,Mid-Market,NI,Organic,True
C003426,2023-08-13,SMB,IE,Referral,True
C003427,2024-08-29,SMB,TH,Referral,True
C003428,2024-03-21,SMB,CI,Organic,True
C003429,2024-07-13,Mid-Market,LT,Paid Ads,True
C003430,2023-05-19,Mid-Market,BS,Organic,True
C003431,2024-03-29,Enterprise,TW,Paid Ads,True
C003432,2022-02-12,Mid-Market,LR,Partner,True
C003433,2024-07-03,Mid-Market,CV,Paid Ads,True
C003434,2023-01-15,Enterprise,GT,Paid Ads,True
C003435,2023-06-16,Mid-Market,RS,Paid Ads,True
C003436,2024-10-21,SMB,SV,Referral,False
C003437,2022-08-27,Mid-Market,CF,Referral,True
C003438,2024-08-21,Enterprise,NA,Referral,True
C003439,2022-01-24,Mid-Market,GQ,Partner,True
C003440,2022-12-16,Mid-Market,SG,Partner,True
C003441,2024-09-19,Mid-Market,ST,Paid Ads,True
C003442,2022-05-22,SMB,TL,Organic,False
C003443,2024-12-20,SMB,ID,Referral,True
C003444,2022-03-26,SMB,AM,Referral,True
C003445,2024-06-04,SMB,GR,Partner,True
C003446,2022-08-10,Mid-Market,NE,Paid Ads,True
C003447,2024-04-07,SMB,LK,Partner,True
C003448,2023-09-16,SMB,HT,Referral,True
C003449,2022-03-21,SMB,AO,Organic,False
C003450,2022-12-22,Mid-Market,MA,Partner,True
C003451,2022-07-19,SMB,BN,Referral,True
C003452,2024-04-23,SMB,TM,Partner,True
C003453,2023-10-24,Mid-Market,SI,Referral,True
C003454,2022-07-27,Mid-Market,DE,Partner,True
C003455,2023-09-09,Enterprise,QA,Partner,True
C003456,2023-02-07,Enterprise,IE,Organic,True
C003457,2024-01-24,Enterprise,TV,Partner,True
C003458,2023-06-25,SMB,TO,Paid Ads,True
C003459,2022-06-12,Mid-Market,CN,Paid Ads,True
C003460,2022-09-16,SMB,CA,Organic,True
C003461,2024-05-02,SMB,VE,Referral,False
C003462,2022-07-10,SMB,GW,Partner,True
C003463,2023-04-08,Mid-Market,MV,Referral,True
C003464,2022-01-10,Enterprise,SV,Paid Ads,True
C003465,2024-11-16,Enterprise,TG,Organic,True
C003466,2023-10-30,SMB,KW,Organic,True
C003467,2023-10-09,Mid-Market,HN,Organic,True
C003468,2024-08-06,Enterprise,LS,Paid Ads,True
C003469,2022-06-07,Mid-Market,VE,Referral,True
C003470,2024-09-15,Mid-Market,LS,Partner,False
C003471,2023-02-20,Mid-Market,TD,Partner,True
C003472,2023-06-24,Mid-Market,CL,Partner,True
C003473,2024-11-02,Mid-Market,CU,Organic,True
C003474,2023-01-03,SMB,NO,Organic,True
C003475,2024-07-21,SMB,BZ,Referral,True
C003476,2022-12-23,SMB,TM,Organic,True
C003477,2023-01-26,SMB,IN,Organic,True
C003478,2022-11-11,SMB,SB,Referral,True
C003479,2024-09-08,SMB,MK,Organic,True
C003480,2022-01-08,SMB,VA,Organic,False
C003481,2023-10-17,Mid-Market,KZ,Paid Ads,True
C003482,2022-06-04,Mid-Market,BJ,Organic,True
C003483,2024-06-05,SMB,MT,Organic,True
C003484,2022-09-25,SMB,ID,Paid Ads,True
C003485,2023-08-31,SMB,LR,Paid Ads,True
C003486,2024-04-25,SMB,TN,Referral,True
C003487,2024-08-06,Mid-Market,SL,Referral,False
C003488,2023-04-01,SMB,AF,Organic,False
C003489,2022-09-04,Mid-Market,PS,Referral,True
C003490,2024-11-16,Mid-Market,MW,Referral,False
C003491,2023-03-10,SMB,TJ,Referral,True
C003492,2023-04-02,Mid-Market,LA,Organic,True
C003493,2022-09-07,SMB,KG,Referral,True
C003494,2022-02-17,Mid-Market,NR,Partner,True
C003495,2023-01-17,SMB,BE,Paid Ads,False
C003496,2023-03-17,SMB,ME,Referral,True
C003497,2023-10-13,SMB,FR,Partner,True
C003498,2023-04-18,SMB,DJ,Partner,False
C003499,2022-05-29,SMB,CN,Partner,True
C003500,2023-07-25,Enterprise,LB,Partner,True
C003501,2024-10-22,Mid-Market,MD,Partner,True
C003502,2024-09-08,Mid-Market,BA,Partner,True
C003503,2023-05-28,Mid-Market,SY,Partner,False
C003504,2024-10-07,Mid-Market,CZ,Referral,True
C003505,2023-03-03,SMB,BR,Partner,True
C003506,2023-01-28,Mid-Market,PH,Referral,True
C003507,2023-06-20,Enterprise,TL,Paid Ads,True
C003508,2024-12-02,Mid-Market,SK,Partner,True
C003509,2023-06-01,SMB,MV,Referral,False
C003510,2024-06-03,Enterprise,LU,Organic,True
C003511,2023-01-12,Enterprise,DO,Paid Ads,False
C003512,2022-08-13,Mid-Market,MZ,Partner,True
C003513,2024-03-02,SMB,SK,Organic,True
C003514,2022-09-03,SMB,MM,Paid Ads,True
C003515,2023-12-23,SMB,KI,Paid Ads,True
C003516,2023-09-20,SMB,HN,Organic,False
C003517,2023-05-13,SMB,CY,Partner,True
C003518,2022-12-18,SMB,KR,Referral,False
C003519,2024-03-18,SMB,CA,Partner,False
C003520,2023-02-06,SMB,DO,Organic,False
C003521,2024-01-15,Enterprise,GN,Referral,True
C003522,2024-08-12,SMB,RS,Partner,True
C003523,2023-08-11,SMB,QA,Organic,False
C003524,2022-10-12,SMB,HR,Paid Ads,False
C003525,2024-03-28,SMB,WS,Organic,False
C003526,2024-07-17,SMB,BI,Organic,True
C003527,2022-06-02,Mid-Market,SV,Partner,True
C003528,2024-04-28,Mid-Market,SA,Referral,True
C003529,2023-09-23,Mid-Market,SG,Partner,True
C003530,2022-05-10,Mid-Market,CD,Partner,True
C003531,2022-11-23,SMB,BD,Organic,True
C003532,2024-06-08,SMB,GQ,Partner,True
C003533,2023-05-04,SMB,QA,Partner,True
C003534,2024-05-02,SMB,DE,Paid Ads,False
C003535,2022-11-13,Enterprise,SA,Partner,True
C003536,2022-08-26,Mid-Market,GN,Paid Ads,True
C003537,2023-06-10,Enterprise,LC,Paid Ads,True
C003538,2024-02-09,SMB,FM,Organic,True
C003539,2023-01-06,SMB,SL,Paid Ads,False
C003540,2022-11-27,Mid-Market,MW,Paid Ads,True
C003541,2022-01-22,SMB,DO,Paid Ads,True
C003542,2024-07-26,Enterprise,AT,Referral,True
C003543,2022-10-13,Mid-Market,KM,Paid Ads,True
C003544,2024-01-21,SMB,TG,Referral,True
C003545,2024-10-03,Enterprise,BY,Organic,True
C003546,2023-09-30,Mid-Market,VC,Referral,False
C003547,2022-10-16,Mid-Market,BE,Partner,True
C003548,2022-06-02,SMB,LS,Organic,True
C003549,2022-03-11,SMB,SI,Paid Ads,True
C003550,2023-02-06,SMB,NA,Paid Ads,True
C003551,2023-05-07,SMB,MX,Referral,False
C003552,2023-02-11,SMB,BE,Organic,True
C003553,2022-09-26,SMB,IR,Paid Ads,True
C003554,2024-08-29,SMB,ET,Paid Ads,False
C003555,2023-02-16,SMB,TZ,Organic,True
C003556,2023-11-02,SMB,TL,Organic,True
C003557,2024-05-29,Mid-Market,IE,Referral,True
C003558,2022-08-18,SMB,SE,Partner,False
C003559,2023-01-19,Mid-Market,CD,Paid Ads,True
C003560,2023-06-13,Mid-Market,MH,Organic,True
C003561,2022-03-06,SMB,LY,Paid Ads,True
C003562,2024-01-09,SMB,CF,Paid Ads,False
C003563,2022-12-02,SMB,HN,Partner,True
C003564,2022-02-13,Enterprise,BG,Organic,True
C003565,2024-02-10,SMB,CM,Paid Ads,True
C003566,2023-05-15,SMB,ER,Referral,True
C003567,2023-04-23,Mid-Market,TT,Referral,True
C003568,2023-04-09,SMB,RS,Partner,True
C003569,2024-06-06,Enterprise,DE,Organic,True
C003570,2022-01-24,SMB,NA,Partner,True
C003571,2023-09-23,SMB,ER,Paid Ads,True
C003572,2024-11-03,SMB,PY,Partner,True
C003573,2024-09-11,Mid-Market,FJ,Paid Ads,True
C003574,2022-04-30,SMB,WS,Paid Ads,True
C003575,2023-10-18,SMB,GH,Referral,True
C003576,2023-12-16,SMB,FI,Partner,False
C003577,2022-03-22,SMB,SO,Referral,True
C003578,2022-12-03,Mid-Market,AG,Referral,True
C003579,2024-12-17,SMB,BJ,Referral,True
C003580,2024-06-29,Mid-Market,UZ,Partner,True
C003581,2022-10-01,Enterprise,MN,Partner,True
C003582,2024-07-25,SMB,HT,Partner,True
C003583,2023-05-31,Enterprise,IN,Organic,True
C003584,2022-03-04,Mid-Market,MN,Referral,True
C003585,2024-04-08,SMB,TV,Partner,True
C003586,2022-08-25,SMB,GR,Organic,True
C003587,2023-01-22,Mid-Market,ME,Partner,True
C003588,2022-06-06,Enterprise,PH,Referral,True
C003589,2023-01-22,SMB,NO,Organic,False
C003590,2024-10-16,SMB,LY,Paid Ads,True
C003591,2023-04-29,SMB,LK,Partner,False
C003592,2022-08-17,Mid-Market,KZ,Referral,True
C003593,2022-12-05,Mid-Market,BO,Organic,True
C003594,2023-05-10,Enterprise,DM,Referral,True
C003595,2024-01-21,Mid-Market,PE,Organic,True
C003596,2023-11-05,Enterprise,PL,Organic,True
C003597,2022-12-19,Mid-Market,GQ,Partner,True
C003598,2022-11-27,SMB,EE,Organic,True
C003599,2022-06-16,SMB,SO,Partner,True
C003600,2022-09-08,Enterprise,ST,Organic,True
C003601,2023-09-19,SMB,LI,Referral,True
C003602,2022-02-07,Mid-Market,BS,Paid Ads,True
C003603,2022-06-10,Mid-Market,GY,Paid Ads,True
C003604,2024-07-27,Enterprise,GY,Referral,True
C003605,2023-01-08,SMB,ME,Partner,False
C003606,2024-03-25,Mid-Market,BN,Paid Ads,True
C003607,2023-03-30,Mid-Market,ID,Paid Ads,True
C003608,2023-12-22,SMB,UZ,Partner,True
C003609,2022-08-22,Mid-Market,TL,Organic,True
C003610,2023-08-26,Enterprise,CL,Partner,True
C003611,2024-09-06,Mid-Market,HR,Organic,False
C003612,2023-03-16,SMB,AT,Paid Ads,True
C003613,2022-07-09,SMB,BW,Organic,True
C003614,2022-09-08,Enterprise,AU,Partner,True
C003615,2023-07-29,SMB,LS,Paid Ads,False
C003616,2024-12-15,Mid-Market,ET,Organic,True
C003617,2022-03-11,SMB,VA,Organic,True
C003618,2022-06-02,Mid-Market,GH,Referral,True
C003619,2023-11-13,SMB,MK,Partner,False
C003620,2023-04-29,Enterprise,BJ,Paid Ads,True
C003621,2022-01-26,SMB,ML,Referral,False
C003622,2023-06-06,SMB,CZ,Partner,False
C003623,2022-12-25,SMB,SN,Organic,True
C003624,2023-04-18,SMB,BW,Partner,False
C003625,2024-11-16,SMB,NO,Referral,True
C003626,2023-08-26,Mid-Market,FR,Referral,False
C003627,2023-06-30,SMB,GD,Referral,True
C003628,2023-04-16,Mid-Market,ST,Referral,True
C003629,2022-06-27,SMB,MX,Referral,True
C003630,2022-04-02,Enterprise,BB,Organic,True
C003631,2022-04-26,SMB,SL,Paid Ads,False
C003632,2024-08-23,Enterprise,LS,Organic,True
C003633,2022-05-14,Mid-Market,PA,Partner,True
C003634,2023-05-18,SMB,SG,Partner,False
C003635,2023-05-09,Mid-Market,IQ,Paid Ads,True
C003636,2022-09-17,Enterprise,CL,Organic,True
C003637,2023-12-10,SMB,SB,Partner,False
C003638,2024-10-21,SMB,CZ,Partner,True
C003639,2024-03-20,SMB,TJ,Paid Ads,False
C003640,2023-01-29,Enterprise,KR,Referral,True
C003641,2022-05-02,SMB,MA,Partner,True
C003642,2022-09-20,SMB,BR,Organic,True
C003643,2024-09-14,SMB,BZ,Referral,True
C003644,2022-07-27,SMB,TN,Paid Ads,True
C003645,2024-12-18,Enterprise,LS,Referral,True
C003646,2023-04-15,Enterprise,IQ,Partner,True
C003647,2022-11-27,Enterprise,AT,Referral,True
C003648,2022-04-05,SMB,MZ,Organic,True
C003649,2023-08-11,SMB,KZ,Paid Ads,True
C003650,2022-09-04,SMB,HU,Partner,True
C003651,2024-01-01,Mid-Market,IN,Organic,True
C003652,2022-12-29,Mid-Market,BZ,Referral,True
C003653,2023-01-05,SMB,TG,Referral,False
C003654,2024-10-28,Enterprise,IR,Paid Ads,False
C003655,2023-09-15,Mid-Market,TT,Referral,True
C003656,2023-05-31,Enterprise,LK,Partner,True
C003657,2024-09-30,Mid-Market,AR,Partner,True
C003658,2023-08-25,SMB,TH,Paid Ads,True
C003659,2024-01-06,Enterprise,ES,Paid Ads,True
C003660,2022-09-28,SMB,RS,Paid Ads,True
C003661,2022-09-21,Mid-Market,AG,Paid Ads,True
C003662,2023-04-29,Enterprise,IS,Partner,False
C003663,2024-10-15,SMB,UG,Partner,False
C003664,2022-01-03,SMB,TO,Paid Ads,True
C003665,2023-06-06,SMB,MY,Organic,True
C003666,2022-10-22,Mid-Market,UA,Partner,True
C003667,2024-02-13,SMB,HN,Partner,False
C003668,2024-12-04,SMB,DJ,Paid Ads,False
C003669,2023-12-26,SMB,NO,Partner,True
C003670,2023-03-31,Mid-Market,NG,Paid Ads,True
C003671,2022-12-29,SMB,SR,Paid Ads,False
C003672,2024-12-26,SMB,GA,Organic,True
C003673,2024-08-27,SMB,BN,Paid Ads,False
C003674,2023-02-14,SMB,ES,Paid Ads,True
C003675,2022-04-01,SMB,LB,Referral,True
C003676,2022-06-14,Enterprise,BI,Referral,True
C003677,2024-10-16,Mid-Market,JO,Organic,True
C003678,2023-03-31,SMB,ZA,Partner,True
C003679,2022-11-20,Mid-Market,GH,Partner,True
C003680,2023-04-08,SMB,RO,Referral,True
C003681,2022-07-08,Mid-Market,SM,Paid Ads,False
C003682,2024-04-11,SMB,MX,Partner,True
C003683,2023-05-27,SMB,NR,Organic,False
C003684,2022-02-04,SMB,SO,Referral,True
C003685,2024-06-25,SMB,DJ,Organic,True
C003686,2023-06-23,Mid-Market,LK,Organic,True
C003687,2023-11-10,SMB,CN,Paid Ads,True
C003688,2024-10-07,SMB,TD,Referral,False
C003689,2022-07-15,SMB,CH,Paid Ads,False
C003690,2024-05-01,SMB,HT,Referral,True
C003691,2022-07-29,Enterprise,MN,Referral,True
C003692,2024-09-15,Mid-Market,EG,Organic,True
C003693,2023-01-11,SMB,HT,Partner,False
C003694,2023-09-28,Mid-Market,GE,Partner,True
C003695,2023-07-27,SMB,US,Organic,False
C003696,2022-02-26,Enterprise,AL,Organic,True
C003697,2024-09-24,Mid-Market,RO,Partner,True
C003698,2022-07-01,SMB,LI,Paid Ads,True
C003699,2023-11-25,SMB,MC,Paid Ads,True
C003700,2024-05-09,SMB,TZ,Paid Ads,True
C003701,2023-03-30,Mid-Market,BZ,Referral,True
C003702,2024-08-16,SMB,SB,Referral,True
C003703,2024-01-29,SMB,PK,Organic,True
C003704,2023-06-16,Mid-Market,SR,Partner,True
C003705,2024-12-10,SMB,EG,Referral,True
C003706,2023-04-25,Mid-Market,BW,Paid Ads,True
C003707,2022-04-12,SMB,BF,Paid Ads,True
C003708,2023-08-01,SMB,PS,Paid Ads,True
C003709,2023-04-19,SMB,BW,Partner,True
C003710,2022-07-16,SMB,KI,Organic,False
C003711,2023-08-12,SMB,BR,Paid Ads,True
C003712,2022-06-08,SMB,IQ,Organic,True
C003713,2024-07-22,SMB,NZ,Organic,True
C003714,2023-04-26,Mid-Market,FM,Organic,True
C003715,2023-02-05,Mid-Market,CY,Referral,True
C003716,2024-02-09,SMB,JO,Paid Ads,True
C003717,2023-02-22,SMB,PY,Organic,False
C003718,2022-08-04,Enterprise,NE,Paid Ads,True
C003719,2023-01-12,Mid-Market,VN,Referral,True
C003720,2022-01-10,SMB,AU,Paid Ads,True
C003721,2023-01-29,SMB,DE,Referral,True
C003722,2024-11-17,SMB,BD,Referral,True
C003723,2023-09-22,SMB,MT,Organic,False
C003724,2024-12-13,Mid-Market,RW,Partner,True
C003725,2024-10-20,Enterprise,AE,Paid Ads,True
C003726,2022-07-15,SMB,PS,Referral,False
C003727,2024-09-08,Mid-Market,SI,Referral,False
C003728,2023-08-29,SMB,BI,Organic,False
C003729,2024-11-14,SMB,PG,Partner,True
C003730,2022-01-19,Enterprise,TZ,Referral,True
C003731,2023-09-27,Enterprise,LY,Referral,True
C003732,2024-08-11,Enterprise,SO,Organic,True
C003733,2022-10-28,Mid-Market,EC,Organic,True
C003734,2024-05-08,SMB,SD,Organic,False
C003735,2024-02-25,Enterprise,SO,Partner,True
C003736,2024-06-23,SMB,DJ,Paid Ads,True
C003737,2022-07-31,Mid-Market,CH,Paid Ads,True
C003738,2023-08-09,SMB,PA,Partner,True
C003739,2024-03-29,Mid-Market,MG,Organic,True
C003740,2023-06-29,SMB,SI,Partner,True
C003741,2022-05-14,SMB,RO,Organic,True
C003742,2022-11-17,SMB,MC,Partner,True
C003743,2023-12-06,Mid-Market,AL,Partner,False
C003744,2024-06-16,SMB,DZ,Partner,False
C003745,2024-12-17,Mid-Market,UY,Paid Ads,True
C003746,2022-07-04,SMB,EE,Referral,True
C003747,2024-05-27,SMB,PA,Referral,True
C003748,2022-11-02,SMB,LU,Organic,True
C003749,2023-05-14,SMB,BJ,Partner,True
C003750,2022-11-08,SMB,FI,Organic,True
C003751,2022-11-22,SMB,TV,Paid Ads,True
C003752,2023-04-14,SMB,TV,Paid Ads,True
C003753,2022-06-14,SMB,AM,Organic,True
C003754,2022-03-18,SMB,AZ,Paid Ads,True
C003755,2023-08-25,SMB,CF,Organic,False
C003756,2023-07-05,SMB,TV,Partner,False
C003757,2022-05-19,SMB,CU,Organic,True
C003758,2023-02-09,Mid-Market,CA,Organic,True
C003759,2023-09-08,SMB,IN,Paid Ads,True
C003760,2023-07-29,SMB,BR,Referral,False
C003761,2023-09-07,SMB,DO,Paid Ads,True
C003762,2023-02-26,SMB,GN,Paid Ads,True
C003763,2024-07-03,SMB,VU,Paid Ads,True
C003764,2023-09-09,Mid-Market,ZW,Referral,True
C003765,2022-08-25,SMB,SO,Paid Ads,True
C003766,2023-06-30,SMB,IQ,Referral,True
C003767,2022-05-18,SMB,AZ,Organic,True
C003768,2022-05-13,SMB,TH,Organic,False
C003769,2022-08-01,SMB,NI,Referral,False
C003770,2024-04-20,Enterprise,MZ,Organic,True
C003771,2022-11-30,SMB,KE,Organic,True
C003772,2024-01-13,SMB,AL,Organic,True
C003773,2022-07-22,Mid-Market,AE,Partner,True
C003774,2024-10-12,Enterprise,BS,Paid Ads,True
C003775,2022-08-03,SMB,IN,Referral,True
C003776,2024-12-01,Enterprise,GY,Referral,True
C003777,2022-05-29,SMB,CI,Referral,True
C003778,2022-08-07,SMB,KI,Partner,True
C003779,2023-11-02,Mid-Market,PH,Partner,True
C003780,2023-01-16,SMB,BF,Paid Ads,True
C003781,2022-10-24,SMB,NG,Referral,True
C003782,2022-06-12,SMB,GD,Partner,False
C003783,2023-07-22,SMB,ID,Partner,True
C003784,2022-05-04,Enterprise,UG,Paid Ads,True
C003785,2022-10-02,SMB,TT,Referral,False
C003786,2023-12-17,SMB,FR,Paid Ads,True
C003787,2023-11-09,SMB,FR,Organic,True
C003788,2023-04-01,SMB,SC,Partner,False
C003789,2023-01-01,SMB,CH,Partner,True
C003790,2022-05-23,Mid-Market,LA,Organic,True
C003791,2023-09-07,SMB,LA,Paid Ads,False
C003792,2024-04-21,SMB,VU,Paid Ads,True
C003793,2023-06-04,Enterprise,SM,Referral,True
C003794,2024-12-06,Enterprise,GQ,Organic,False
C003795,2024-10-06,SMB,GE,Partner,True
C003796,2022-05-17,Enterprise,RU,Referral,True
C003797,2024-10-26,Enterprise,HR,Paid Ads,True
C003798,2023-05-13,SMB,MA,Referral,False
C003799,2024-09-04,SMB,IL,Organic,True
C003800,2022-04-19,SMB,TT,Partner,True
C003801,2022-02-24,Mid-Market,HT,Organic,True
C003802,2023-02-26,SMB,TO,Paid Ads,True
C003803,2024-09-23,Mid-Market,SB,Referral,True
C003804,2024-05-09,SMB,KP,Partner,True
C003805,2024-09-10,SMB,GT,Referral,True
C003806,2024-11-13,SMB,MC,Partner,True
C003807,2022-03-02,SMB,SA,Referral,True
C003808,2022-05-26,SMB,DK,Paid Ads,False
C003809,2024-04-03,SMB,BO,Organic,False
C003810,2022-09-27,SMB,BR,Referral,True
C003811,2024-01-16,SMB,ST,Partner,True
C003812,2024-04-03,SMB,EE,Paid Ads,False
C003813,2024-10-24,SMB,NA,Partner,True
C003814,2023-10-20,SMB,TG,Paid Ads,True
C003815,2022-03-22,SMB,HU,Referral,True
C003816,2022-01-14,SMB,LB,Referral,True
C003817,2024-06-08,SMB,DK,Partner,True
C003818,2024-06-04,SMB,TN,Organic,True
C003819,2022-05-01,SMB,GR,Partner,True
C003820,2024-06-13,SMB,FR,Paid Ads,True
C003821,2024-06-27,Enterprise,CN,Partner,True
C003822,2023-07-01,SMB,CM,Partner,True
C003823,2023-03-15,Mid-Market,SB,Referral,True
C003824,2022-09-19,SMB,CY,Partner,False
C003825,2022-12-22,SMB,AD,Paid Ads,False
C003826,2022-12-19,Mid-Market,TZ,Organic,True
C003827,2024-09-10,Mid-Market,NR,Partner,True
C003828,2023-11-30,SMB,CD,Organic,True
C003829,2023-01-09,SMB,NE,Referral,False
C003830,2023-08-13,SMB,ZM,Referral,True
C003831,2024-08-15,Enterprise,UZ,Partner,True
C003832,2022-03-31,SMB,DZ,Referral,True
C003833,2023-04-16,Mid-Market,GR,Paid Ads,True
C003834,2024-10-29,SMB,UZ,Paid Ads,True
C003835,2023-10-21,SMB,ER,Referral,True
C003836,2023-10-08,SMB,YE,Organic,True
C003837,2023-03-03,Mid-Market,LS,Paid Ads,False
C003838,2024-11-10,Mid-Market,CM,Referral,True
C003839,2023-05-04,Enterprise,BD,Partner,True
C003840,2023-01-04,Enterprise,TG,Paid Ads,True
C003841,2023-09-19,Enterprise,EE,Paid Ads,False
C003842,2023-06-13,Mid-Market,MM,Organic,True
C003843,2022-05-27,SMB,MR,Referral,True
C003844,2023-08-02,SMB,DJ,Paid Ads,False
C003845,2022-07-25,SMB,BA,Paid Ads,True
C003846,2023-12-09,Mid-Market,CU,Partner,True
C003847,2023-06-25,SMB,GD,Partner,True
C003848,2024-06-14,Enterprise,KM,Partner,True
C003849,2024-10-20,SMB,MC,Organic,False
C003850,2022-11-23,SMB,SO,Referral,True
C003851,2024-10-22,SMB,MD,Partner,False
C003852,2022-06-09,SMB,AE,Paid Ads,True
C003853,2023-08-04,SMB,SI,Referral,True
C003854,2023-03-21,Mid-Market,TT,Partner,True
C003855,2024-01-31,SMB,CY,Organic,False
C003856,2023-03-14,Mid-Market,UY,Referral,True
C003857,2022-02-08,Mid-Market,CU,Paid Ads,True
C003858,2022-07-26,SMB,AM,Paid Ads,True
C003859,2022-03-02,SMB,PT,Partner,True
C003860,2022-12-22,SMB,AT,Paid Ads,True
C003861,2024-08-02,Mid-Market,KR,Referral,True
C003862,2024-04-30,SMB,SO,Referral,True
C003863,2023-07-31,SMB,IT,Paid Ads,True
C003864,2022-01-04,Enterprise,CF,Referral,True
C003865,2022-09-10,SMB,TW,Paid Ads,True
C003866,2024-01-23,Mid-Market,AF,Paid Ads,True
C003867,2023-09-22,SMB,DZ,Organic,True
C003868,2022-02-20,SMB,KH,Paid Ads,True
C003869,2022-07-10,SMB,GW,Partner,False
C003870,2023-03-18,Mid-Market,BJ,Referral,True
C003871,2022-09-20,SMB,PT,Referral,False
C003872,2024-11-27,SMB,MK,Paid Ads,False
C003873,2023-04-28,SMB,AO,Paid Ads,True
C003874,2022-02-06,SMB,BH,Referral,False
C003875,2024-10-06,Mid-Market,EE,Paid Ads,True
C003876,2024-04-22,SMB,MR,Paid Ads,False
C003877,2022-02-10,Mid-Market,BN,Referral,True
C003878,2024-08-16,Mid-Market,ML,Paid Ads,True
C003879,2024-11-27,SMB,CY,Paid Ads,False
C003880,2022-04-23,Mid-Market,CY,Organic,True
C003881,2024-05-18,SMB,AU,Referral,True
C003882,2024-12-15,Mid-Market,GY,Partner,True
C003883,2024-01-16,Enterprise,MG,Paid Ads,True
C003884,2023-07-30,SMB,LY,Paid Ads,True
C003885,2024-05-07,SMB,KP,Referral,True
C003886,2022-08-08,SMB,SR,Organic,True
C003887,2024-05-06,SMB,EE,Referral,True
C003888,2023-04-08,SMB,OM,Paid Ads,True
C003889,2023-04-05,Mid-Market,PE,Organic,True
C003890,2023-08-01,Mid-Market,LV,Organic,True
C003891,2023-04-04,SMB,IS,Referral,True
C003892,2023-04-06,SMB,DE,Partner,True
C003893,2022-07-02,Enterprise,BN,Paid Ads,True
C003894,2022-01-29,Mid-Market,PH,Referral,True
C003895,2024-02-18,SMB,JP,Paid Ads,True
C003896,2023-12-22,SMB,ML,Partner,False
C003897,2022-07-26,Mid-Market,NA,Referral,True
C003898,2022-02-19,SMB,SK,Organic,True
C003899,2024-01-12,Enterprise,BJ,Partner,True
C003900,2024-10-23,SMB,MY,Paid Ads,True
C003901,2024-08-11,Mid-Market,LS,Partner,True
C003902,2022-01-20,SMB,HR,Referral,True
C003903,2024-12-09,SMB,NE,Paid Ads,True
C003904,2022-06-21,SMB,VU,Paid Ads,True
C003905,2022-06-25,SMB,JM,Partner,True
C003906,2022-01-15,Mid-Market,SA,Paid Ads,True
C003907,2024-05-10,SMB,VN,Organic,True
C003908,2023-05-07,SMB,ST,Referral,True
C003909,2024-11-20,SMB,LT,Referral,True
C003910,2023-09-04,Mid-Market,ZW,Referral,False
C003911,2024-07-25,Enterprise,LR,Partner,True
C003912,2024-09-28,Mid-Market,RO,Organic,False
C003913,2022-05-18,SMB,TD,Organic,True
C003914,2022-08-25,Mid-Market,ID,Paid Ads,True
C003915,2023-05-19,SMB,MG,Partner,True
C003916,2023-04-15,Mid-Market,GN,Organic,True
C003917,2023-08-10,Mid-Market,IT,Referral,True
C003918,2022-06-14,Mid-Market,DM,Organic,True
C003919,2024-11-26,SMB,CF,Referral,True
C003920,2023-01-30,SMB,US,Referral,True
C003921,2022-02-17,Mid-Market,AZ,Referral,True
C003922,2022-09-04,Mid-Market,BA,Partner,True
C003923,2024-10-10,SMB,SD,Referral,True
C003924,2024-02-02,SMB,PA,Paid Ads,True
C003925,2024-02-25,SMB,ML,Partner,False
C003926,2022-12-11,SMB,TW,Referral,True
C003927,2024-10-31,SMB,CH,Referral,True
C003928,2022-03-04,Enterprise,AE,Referral,True
C003929,2022-02-10,SMB,FR,Referral,False
C003930,2024-11-23,SMB,PE,Paid Ads,True
C003931,2022-09-25,SMB,TD,Partner,False
C003932,2022-03-15,SMB,LB,Referral,True
C003933,2024-08-06,SMB,SN,Referral,False
C003934,2022-11-19,Mid-Market,IS,Organic,True
C003935,2022-06-07,SMB,IS,Partner,True
C003936,2024-03-03,Enterprise,SL,Referral,True
C003937,2023-02-05,SMB,CI,Partner,False
C003938,2023-07-25,SMB,ZM,Organic,False
C003939,2024-01-27,SMB,AD,Referral,True
C003940,2024-01-14,SMB,FJ,Partner,True
C003941,2023-03-23,SMB,LV,Partner,True
C003942,2024-01-09,Mid-Market,UG,Partner,False
C003943,2024-08-29,SMB,MT,Partner,True
C003944,2022-01-13,SMB,RS,Paid Ads,False
C003945,2022-04-15,Mid-Market,CF,Organic,False
C003946,2024-06-15,SMB,GB,Referral,True
C003947,2024-06-01,SMB,BZ,Referral,True
C003948,2022-07-15,SMB,LU,Partner,False
C003949,2022-11-10,SMB,CY,Organic,False
C003950,2024-12-16,SMB,CU,Partner,False
C003951,2024-07-14,SMB,BT,Referral,True
C003952,2024-12-22,Mid-Market,TD,Referral,True
C003953,2023-10-02,SMB,BY,Referral,False
C003954,2023-03-26,SMB,ST,Organic,False
C003955,2022-05-31,SMB,PG,Partner,True
C003956,2022-04-05,Enterprise,PH,Organic,True
C003957,2023-07-03,SMB,BN,Organic,True
C003958,2022-06-06,Mid-Market,CV,Paid Ads,False
C003959,2023-09-14,SMB,NE,Paid Ads,False
C003960,2022-04-22,Enterprise,KW,Paid Ads,True
C003961,2024-05-04,SMB,NI,Referral,True
C003962,2024-07-04,SMB,NP,Partner,False
C003963,2022-12-03,Enterprise,BT,Organic,True
C003964,2022-03-21,SMB,BY,Partner,False
C003965,2024-04-20,Mid-Market,RS,Organic,True
C003966,2024-04-21,Mid-Market,NR,Partner,True
C003967,2024-02-05,Enterprise,CG,Referral,False
C003968,2023-04-02,SMB,MZ,Paid Ads,True
C003969,2022-02-06,Enterprise,AE,Organic,True
C003970,2023-05-03,Mid-Market,SL,Paid Ads,True
C003971,2023-10-05,Mid-Market,BH,Referral,True
C003972,2023-06-14,SMB,CR,Partner,True
C003973,2024-07-11,Enterprise,ID,Referral,True
C003974,2024-07-22,SMB,AE,Referral,True
C003975,2024-09-10,SMB,SV,Paid Ads,True
C003976,2022-10-09,Mid-Market,FR,Partner,True
C003977,2024-07-05,SMB,MC,Paid Ads,True
C003978,2024-06-01,SMB,KI,Referral,False
C003979,2024-06-17,Enterprise,FR,Referral,True
C003980,2022-11-18,Mid-Market,TM,Organic,True
C003981,2023-01-04,Mid-Market,TG,Partner,True
C003982,2022-12-14,SMB,DM,Partner,False
C003983,2022-11-01,Mid-Market,MY,Paid Ads,True
C003984,2023-12-13,SMB,HR,Organic,True
C003985,2022-12-05,Mid-Market,GM,Organic,True
C003986,2024-05-30,Mid-Market,TZ,Partner,False
C003987,2024-05-05,Mid-Market,HN,Paid Ads,True
C003988,2023-02-28,Enterprise,AR,Partner,True
C003989,2024-08-11,SMB,TW,Paid Ads,True
C003990,2022-04-17,Mid-Market,TR,Partner,False
C003991,2024-05-09,SMB,KR,Organic,False
C003992,2023-02-08,Mid-Market,HU,Referral,True
C003993,2024-07-28,SMB,SO,Referral,False
C003994,2023-05-20,Mid-Market,PE,Referral,True
C003995,2023-09-23,SMB,CL,Paid Ads,True
C003996,2022-08-28,SMB,NI,Referral,True
C003997,2023-09-29,SMB,PK,Paid Ads,True
C003998,2024-10-27,Mid-Market,JM,Referral,True
C003999,2023-01-29,SMB,MN,Partner,False
C004000,2023-09-23,SMB,GQ,Paid Ads,True
C004001,2024-05-05,Enterprise,BN,Referral,True
C004002,2023-05-20,SMB,WS,Paid Ads,True
C004003,2023-07-20,SMB,MA,Organic,False
C004004,2022-02-11,SMB,PE,Paid Ads,False
C004005,2022-06-29,SMB,AE,Partner,True
C004006,2022-12-07,SMB,KI,Paid Ads,True
C004007,2022-04-30,SMB,IR,Organic,True
C004008,2023-11-19,Mid-Market,NL,Paid Ads,True
C004009,2024-12-24,Mid-Market,MG,Paid Ads,False
C004010,2022-11-19,SMB,CN,Paid Ads,False
C004011,2023-03-20,SMB,TV,Organic,True
C004012,2024-07-14,Enterprise,MM,Partner,True
C004013,2024-11-29,Mid-Market,VU,Partner,True
C004014,2024-05-07,SMB,RU,Organic,True
C004015,2023-05-01,Enterprise,FJ,Referral,True
C004016,2022-12-27,Enterprise,MN,Partner,True
C004017,2022-10-05,SMB,CF,Paid Ads,True
C004018,2022-12-31,Enterprise,NE,Organic,True
C004019,2022-07-08,Mid-Market,ER,Paid Ads,True
C004020,2022-07-10,SMB,CR,Partner,True
C004021,2023-07-22,Mid-Market,MN,Referral,True
C004022,2023-03-26,SMB,KG,Paid Ads,True
C004023,2023-01-26,Enterprise,CL,Organic,True
C004024,2023-12-24,Enterprise,HU,Referral,True
C004025,2024-02-17,SMB,UZ,Partner,True
C004026,2022-03-13,SMB,AE,Referral,True
C004027,2022-08-06,SMB,MV,Organic,False
C004028,2022-05-17,SMB,TN,Organic,True
C004029,2024-07-03,Enterprise,VU,Organic,True
C004030,2022-05-08,Mid-Market,BY,Referral,True
C004031,2023-04-30,Mid-Market,SC,Partner,True
C004032,2024-02-22,Mid-Market,CV,Paid Ads,False
C004033,2022-01-05,SMB,BE,Partner,True
C004034,2023-01-24,Enterprise,BT,Paid Ads,True
C004035,2023-03-05,Mid-Market,CF,Organic,True
C004036,2024-10-25,Mid-Market,HT,Referral,True
C004037,2023-01-06,Enterprise,UA,Paid Ads,True
C004038,2023-02-16,SMB,YE,Paid Ads,True
C004039,2024-01-05,SMB,AD,Partner,True
C004040,2024-11-25,SMB,UA,Partner,True
C004041,2024-02-23,Enterprise,BB,Partner,True
C004042,2024-05-23,Mid-Market,GD,Referral,True
C004043,2023-05-25,SMB,TD,Referral,True
C004044,2022-09-05,Mid-Market,BN,Paid Ads,True
C004045,2023-01-07,SMB,VU,Paid Ads,True
C004046,2024-03-02,SMB,TR,Organic,True
C004047,2024-04-26,Enterprise,SC,Organic,True
C004048,2023-01-13,SMB,KZ,Organic,True
C004049,2023-05-09,Mid-Market,KG,Paid Ads,True
C004050,2024-05-26,Mid-Market,PY,Partner,True
C004051,2023-10-17,SMB,EE,Organic,True
C004052,2024-08-11,Enterprise,NZ,Paid Ads,True
C004053,2022-03-09,Mid-Market,VN,Partner,True
C004054,2023-04-27,Enterprise,NZ,Partner,True
C004055,2023-03-13,Mid-Market,KH,Partner,False
C004056,2024-12-05,Mid-Market,HT,Referral,True
C004057,2024-07-23,SMB,CG,Organic,False
C004058,2024-04-19,SMB,TZ,Paid Ads,True
C004059,2023-05-18,SMB,SZ,Referral,True
C004060,2023-10-20,Mid-Market,TM,Paid Ads,True
C004061,2024-10-13,SMB,SZ,Referral,False
C004062,2024-08-24,Enterprise,SR,Partner,True
C004063,2024-08-20,SMB,CG,Paid Ads,True
C004064,2024-09-07,SMB,UA,Referral,True
C004065,2023-05-13,Mid-Market,US,Partner,False
C004066,2024-08-21,SMB,BY,Organic,False
C004067,2024-08-08,Mid-Market,MW,Referral,True
C004068,2022-04-22,SMB,MY,Referral,True
C004069,2024-05-13,SMB,MC,Paid Ads,True
C004070,2024-11-24,SMB,AM,Partner,True
C004071,2024-05-03,SMB,MW,Organic,True
C004072,2022-02-11,Mid-Market,UG,Partner,True
C004073,2024-12-01,Mid-Market,ZW,Referral,True
C004074,2024-03-19,Mid-Market,EE,Referral,True
C004075,2023-11-23,Mid-Market,DO,Paid Ads,True
C004076,2023-02-03,SMB,GH,Organic,True
C004077,2022-08-13,SMB,ES,Paid Ads,True
C004078,2022-07-13,SMB,KG,Partner,True
C004079,2024-03-21,Mid-Market,UZ,Referral,True
C004080,2024-10-01,SMB,JP,Partner,True
C004081,2022-06-14,SMB,ML,Organic,False
C004082,2023-08-04,SMB,BH,Referral,True
C004083,2024-01-18,Mid-Market,VU,Referral,True
C004084,2024-02-16,Mid-Market,CF,Paid Ads,True
C004085,2023-12-10,Enterprise,MH,Referral,False
C004086,2024-12-07,Enterprise,PG,Partner,True
C004087,2024-03-09,SMB,UZ,Referral,True
C004088,2022-05-28,Enterprise,GR,Partner,True
C004089,2022-05-08,SMB,VC,Partner,False
C004090,2024-05-18,Enterprise,US,Partner,True
C004091,2023-08-21,SMB,ZW,Organic,True
C004092,2022-07-18,SMB,GH,Referral,True
C004093,2022-12-10,Mid-Market,EC,Partner,True
C004094,2023-04-30,SMB,KZ,Organic,True
C004095,2022-09-26,Mid-Market,NZ,Paid Ads,True
C004096,2022-11-27,Mid-Market,MN,Organic,False
C004097,2024-06-22,SMB,AR,Referral,False
C004098,2023-09-08,SMB,TR,Partner,True
C004099,2022-04-24,Mid-Market,LC,Organic,False
C004100,2024-09-27,Enterprise,ES,Referral,True
C004101,2024-10-30,SMB,CY,Referral,True
C004102,2023-09-21,Mid-Market,NE,Paid Ads,True
C004103,2024-08-30,SMB,AT,Paid Ads,False
C004104,2023-06-01,Mid-Market,AE,Referral,True
C004105,2024-07-06,SMB,NI,Partner,True
C004106,2024-08-07,Mid-Market,AL,Referral,True
C004107,2022-04-11,Enterprise,RU,Paid Ads,False
C004108,2023-08-30,SMB,IL,Partner,True
C004109,2022-03-21,SMB,NP,Paid Ads,True
C004110,2023-04-01,SMB,ZM,Organic,True
C004111,2023-08-12,SMB,SN,Referral,True
C004112,2023-06-09,Mid-Market,MH,Partner,False
C004113,2024-10-12,SMB,GD,Paid Ads,False
C004114,2023-01-25,SMB,LT,Partner,True
C004115,2023-06-01,SMB,QA,Referral,True
C004116,2022-09-21,Mid-Market,BN,Partner,True
C004117,2022-08-18,Mid-Market,LA,Paid Ads,True
C004118,2022-10-25,Mid-Market,ZW,Partner,False
C004119,2023-07-02,SMB,GT,Partner,True
C004120,2023-06-14,SMB,TO,Paid Ads,True
C004121,2024-08-03,SMB,MV,Paid Ads,True
C004122,2024-02-10,SMB,LV,Referral,True
C004123,2022-02-19,SMB,GN,Partner,True
C004124,2023-10-16,SMB,HU,Paid Ads,True
C004125,2024-08-26,Mid-Market,CA,Referral,True
C004126,2023-01-27,SMB,AG,Partner,True
C004127,2024-08-22,SMB,TD,Referral,True
C004128,2024-11-17,SMB,TN,Paid Ads,True
C004129,2023-12-22,Mid-Market,MH,Referral,False
C004130,2023-01-16,SMB,KM,Paid Ads,True
C004131,2022-10-17,SMB,MX,Partner,False
C004132,2023-10-03,SMB,SN,Paid Ads,True
C004133,2024-03-10,Mid-Market,TR,Referral,True
C004134,2023-05-28,Enterprise,YE,Paid Ads,True
C004135,2023-03-02,SMB,IS,Referral,False
C004136,2024-05-06,SMB,CA,Partner,True
C004137,2024-07-20,Mid-Market,NL,Paid Ads,True
C004138,2023-12-18,SMB,CF,Referral,True
C004139,2022-11-24,Mid-Market,DO,Paid Ads,True
C004140,2022-01-06,SMB,IQ,Paid Ads,True
C004141,2023-10-20,SMB,UG,Paid Ads,False
C004142,2022-09-08,SMB,GW,Organic,False
C004143,2023-06-25,Enterprise,SE,Referral,True
C004144,2024-01-28,SMB,PA,Paid Ads,True
C004145,2023-02-20,SMB,UG,Paid Ads,True
C004146,2022-12-26,Enterprise,SA,Organic,True
C004147,2024-04-21,Mid-Market,JP,Partner,True
C004148,2023-02-04,SMB,KM,Partner,True
C004149,2024-02-04,Mid-Market,KN,Organic,True
C004150,2022-12-16,Mid-Market,VU,Referral,False
C004151,2022-10-30,Mid-Market,MX,Paid Ads,False
C004152,2022-08-05,SMB,SA,Referral,True
C004153,2022-03-21,SMB,LU,Referral,True
C004154,2023-04-07,Enterprise,DO,Referral,True
C004155,2022-05-22,SMB,LT,Organic,False
C004156,2023-06-08,SMB,KE,Partner,True
C004157,2022-07-26,SMB,AT,Organic,True
C004158,2024-10-09,SMB,MA,Referral,True
C004159,2024-05-30,SMB,MG,Paid Ads,True
C004160,2022-10-17,Enterprise,CO,Partner,True
C004161,2022-08-29,Enterprise,EG,Referral,True
C004162,2024-09-06,SMB,DZ,Paid Ads,True
C004163,2024-11-04,Mid-Market,LB,Organic,True
C004164,2024-09-28,Enterprise,BI,Referral,True
C004165,2022-07-29,Mid-Market,KZ,Referral,True
C004166,2022-04-24,SMB,BW,Referral,False
C004167,2023-03-29,SMB,GE,Partner,False
C004168,2022-10-31,SMB,SN,Referral,True
C004169,2024-08-29,SMB,SB,Paid Ads,False
C004170,2023-03-24,SMB,VC,Partner,False
C004171,2023-01-20,SMB,KR,Paid Ads,True
C004172,2022-04-20,SMB,GH,Organic,True
C004173,2024-07-10,Mid-Market,IQ,Referral,True
C004174,2023-03-13,Enterprise,RS,Referral,True
C004175,2022-05-15,SMB,TL,Paid Ads,True
C004176,2024-09-29,SMB,CF,Referral,True
C004177,2022-05-23,SMB,SC,Paid Ads,True
C004178,2023-09-25,Mid-Market,KM,Paid Ads,True
C004179,2022-05-16,SMB,IL,Organic,True
C004180,2024-10-28,SMB,KE,Partner,True
C004181,2022-09-03,SMB,DZ,Organic,True
C004182,2022-02-11,Mid-Market,KE,Organic,True
C004183,2024-12-15,SMB,VC,Paid Ads,True
C004184,2024-11-16,Enterprise,VN,Referral,True
C004185,2024-11-11,SMB,DO,Partner,True
C004186,2023-01-11,SMB,HU,Partner,False
C004187,2022-11-28,SMB,OM,Referral,True
C004188,2024-03-05,SMB,KZ,Referral,True
C004189,2024-04-13,Mid-Market,TN,Referral,True
C004190,2022-10-20,SMB,GE,Organic,True
C004191,2022-09-01,SMB,AU,Organic,True
C004192,2023-06-02,Mid-Market,CN,Referral,True
C004193,2023-01-14,Mid-Market,TJ,Partner,True
C004194,2022-09-20,Mid-Market,SM,Referral,True
C004195,2023-08-02,SMB,BY,Organic,False
C004196,2023-05-18,Mid-Market,HU,Organic,False
C004197,2024-09-07,SMB,CR,Partner,True
C004198,2024-01-16,SMB,BW,Referral,True
C004199,2022-03-18,SMB,NL,Paid Ads,True
C004200,2024-11-01,Enterprise,CR,Partner,True
C004201,2024-06-17,Mid-Market,SV,Paid Ads,True
C004202,2024-03-20,Mid-Market,IT,Paid Ads,False
C004203,2024-05-01,Mid-Market,LS,Paid Ads,True
C004204,2022-05-07,SMB,ZM,Paid Ads,False
C004205,2023-04-05,SMB,MY,Organic,True
C004206,2022-12-21,SMB,MU,Partner,True
C004207,2022-12-03,Mid-Market,BJ,Paid Ads,True
C004208,2023-07-07,Enterprise,BJ,Partner,True
C004209,2024-11-08,Mid-Market,CR,Referral,False
C004210,2023-10-20,SMB,MN,Paid Ads,False
C004211,2023-03-05,SMB,ML,Referral,True
C004212,2024-11-02,Enterprise,SR,Paid Ads,True
C004213,2024-11-23,Mid-Market,CL,Organic,True
C004214,2023-02-10,SMB,MR,Paid Ads,True
C004215,2022-11-10,Mid-Market,KG,Referral,True
C004216,2024-01-18,Mid-Market,NZ,Referral,False
C004217,2023-11-07,SMB,SN,Organic,True
C004218,2022-11-11,Mid-Market,DJ,Organic,True
C004219,2024-01-12,Enterprise,CZ,Partner,True
C004220,2024-11-04,SMB,SD,Referral,True
C004221,2022-01-14,SMB,KI,Paid Ads,True
C004222,2022-10-22,SMB,SR,Referral,True
C004223,2022-10-04,Mid-Market,IS,Paid Ads,True
C004224,2022-08-09,SMB,SO,Partner,True
C004225,2023-12-25,SMB,HU,Referral,True
C004226,2022-09-26,SMB,DE,Partner,True
C004227,2024-01-02,SMB,PT,Organic,True
C004228,2024-08-08,Enterprise,GQ,Paid Ads,True
C004229,2024-01-28,Enterprise,VN,Partner,True
C004230,2023-06-05,SMB,EE,Paid Ads,True
C004231,2023-11-26,Mid-Market,YE,Organic,True
C004232,2023-02-03,SMB,HT,Paid Ads,True
C004233,2023-03-06,SMB,HT,Referral,True
C004234,2023-03-23,SMB,FR,Paid Ads,False
C004235,2024-10-12,SMB,TO,Partner,True
C004236,2022-10-31,SMB,BA,Referral,False
C004237,2024-08-20,SMB,BS,Partner,True
C004238,2023-02-25,SMB,SL,Organic,True
C004239,2024-06-15,SMB,AM,Partner,True
C004240,2024-01-14,SMB,KN,Organic,True
C004241,2024-07-30,SMB,BS,Referral,True
C004242,2022-05-06,SMB,BY,Organic,True
C004243,2023-01-07,SMB,PY,Partner,True
C004244,2024-01-22,Mid-Market,BY,Partner,True
C004245,2024-04-06,SMB,IE,Organic,True
C004246,2023-01-15,Mid-Market,AF,Paid Ads,True
C004247,2024-02-02,SMB,BR,Referral,False
C004248,2023-06-20,SMB,TN,Organic,True
C004249,2024-02-17,SMB,DZ,Partner,True
C004250,2022-11-04,SMB,DK,Organic,True
C004251,2023-07-19,Enterprise,DK,Referral,False
C004252,2022-02-08,Mid-Market,MX,Partner,True
C004253,2023-12-23,Enterprise,KR,Organic,True
C004254,2023-09-12,SMB,GD,Partner,False
C004255,2023-10-29,SMB,NG,Referral,True
C004256,2024-01-22,SMB,MA,Partner,True
C004257,2022-02-12,SMB,GE,Partner,True
C004258,2023-10-05,SMB,PL,Paid Ads,True
C004259,2023-07-23,Mid-Market,SG,Referral,True
C004260,2024-05-09,SMB,VA,Paid Ads,False
C004261,2023-06-17,Mid-Market,CH,Referral,True
C004262,2022-04-23,SMB,SA,Organic,True
C004263,2024-02-18,SMB,VU,Paid Ads,True
C004264,2022-03-10,SMB,US,Organic,True
C004265,2023-10-24,SMB,UA,Paid Ads,True
C004266,2023-02-10,Mid-Market,HU,Referral,True
C004267,2024-09-26,Mid-Market,BI,Referral,False
C004268,2022-06-22,SMB,BG,Paid Ads,True
C004269,2023-03-04,Enterprise,BI,Referral,True
C004270,2022-08-07,Mid-Market,IE,Partner,True
C004271,2022-08-08,SMB,QA,Paid Ads,True
C004272,2022-09-30,Mid-Market,PA,Referral,True
C004273,2024-02-05,SMB,MA,Referral,True
C004274,2023-02-18,SMB,RU,Referral,True
C004275,2023-04-04,SMB,IE,Organic,True
C004276,2024-06-08,Enterprise,LU,Referral,True
C004277,2024-02-05,SMB,MA,Referral,True
C004278,2023-03-03,SMB,KN,Paid Ads,False
C004279,2023-11-22,SMB,BN,Organic,True
C004280,2023-12-28,Mid-Market,SD,Referral,True
C004281,2023-07-16,SMB,DO,Partner,True
C004282,2023-08-09,SMB,SR,Partner,False
C004283,2024-10-08,Mid-Market,VA,Organic,False
C004284,2023-03-03,SMB,TW,Organic,True
C004285,2023-08-24,SMB,CR,Organic,True
C004286,2022-03-06,Mid-Market,PT,Referral,True
C004287,2024-04-16,SMB,SB,Paid Ads,True
C004288,2022-07-15,SMB,CN,Paid Ads,True
C004289,2023-04-01,SMB,BS,Organic,True
C004290,2022-01-19,SMB,PT,Partner,True
C004291,2023-10-11,SMB,EC,Paid Ads,False
C004292,2022-11-15,SMB,KW,Organic,True
C004293,2024-05-11,Enterprise,RU,Organic,True
C004294,2022-06-19,SMB,IS,Paid Ads,True
C004295,2023-02-05,SMB,BH,Paid Ads,True
C004296,2024-01-03,Mid-Market,TN,Referral,False
C004297,2022-09-21,SMB,SV,Organic,False
C004298,2023-10-05,Mid-Market,DE,Organic,True
C004299,2023-03-13,SMB,VC,Organic,True
C004300,2024-05-29,SMB,BE,Partner,False
C004301,2024-08-27,SMB,MT,Paid Ads,True
C004302,2023-01-07,SMB,SK,Paid Ads,True
C004303,2023-07-28,SMB,CU,Referral,True
C004304,2022-04-10,SMB,CL,Partner,True
C004305,2023-10-20,Enterprise,SZ,Paid Ads,True
C004306,2023-08-22,Enterprise,PA,Organic,True
C004307,2023-10-28,SMB,TT,Partner,True
C004308,2024-06-12,Enterprise,DO,Referral,True
C004309,2024-08-15,SMB,NI,Referral,True
C004310,2022-03-27,SMB,UA,Referral,True
C004311,2024-01-27,SMB,GH,Organic,True
C004312,2024-09-20,Enterprise,UZ,Organic,True
C004313,2022-02-20,Enterprise,SD,Partner,True
C004314,2022-01-12,Mid-Market,CO,Paid Ads,True
C004315,2023-11-07,Enterprise,HT,Paid Ads,True
C004316,2023-12-21,SMB,ZA,Paid Ads,True
C004317,2023-01-12,SMB,UZ,Organic,False
C004318,2024-12-05,Mid-Market,KG,Referral,True
C004319,2022-05-05,SMB,GH,Paid Ads,True
C004320,2023-11-01,Mid-Market,VE,Referral,True
C004321,2022-10-15,Mid-Market,DZ,Partner,True
C004322,2024-04-09,SMB,VU,Paid Ads,True
C004323,2023-06-02,SMB,PK,Partner,True
C004324,2023-12-23,SMB,KH,Partner,True
C004325,2024-02-27,SMB,TG,Organic,True
C004326,2023-01-15,SMB,MZ,Paid Ads,False
C004327,2022-07-29,SMB,NE,Referral,True
C004328,2024-01-20,SMB,CF,Paid Ads,False
C004329,2022-09-25,Enterprise,QA,Partner,True
C004330,2023-08-22,SMB,MN,Organic,True
C004331,2023-10-24,SMB,YE,Referral,False
C004332,2022-09-06,SMB,NA,Organic,True
C004333,2023-08-07,SMB,LA,Referral,True
C004334,2023-07-05,SMB,CV,Referral,True
C004335,2024-03-20,SMB,UY,Referral,False
C004336,2023-08-03,Enterprise,IL,Organic,True
C004337,2024-02-17,Enterprise,EG,Organic,True
C004338,2023-11-06,Enterprise,SA,Paid Ads,True
C004339,2023-03-16,Mid-Market,DZ,Referral,True
C004340,2024-10-24,Enterprise,CY,Referral,True
C004341,2023-02-26,SMB,GW,Paid Ads,False
C004342,2022-05-02,Mid-Market,RU,Organic,True
C004343,2022-09-16,SMB,BI,Organic,True
C004344,2024-08-06,Mid-Market,BD,Partner,True
C004345,2023-04-30,Enterprise,SD,Organic,True
C004346,2024-04-24,SMB,MN,Paid Ads,True
C004347,2024-08-09,Mid-Market,SI,Paid Ads,True
C004348,2023-12-09,Mid-Market,HU,Referral,True
C004349,2024-05-22,Mid-Market,LS,Organic,True
C004350,2022-01-29,SMB,BE,Paid Ads,True
C004351,2024-01-26,SMB,KZ,Paid Ads,True
C004352,2022-04-26,Mid-Market,PH,Partner,True
C004353,2022-02-11,Enterprise,GQ,Organic,True
C004354,2024-06-19,Enterprise,SV,Referral,True
C004355,2024-12-09,Mid-Market,TR,Referral,True
C004356,2024-09-03,SMB,DM,Referral,False
C004357,2022-11-07,SMB,BY,Partner,True
C004358,2024-09-05,SMB,PT,Referral,True
C004359,2022-12-03,Mid-Market,EE,Partner,True
C004360,2024-02-23,SMB,CI,Partner,False
C004361,2023-10-22,SMB,KP,Referral,True
C004362,2022-09-16,SMB,AZ,Referral,True
C004363,2022-08-03,SMB,NP,Partner,True
C004364,2024-09-02,Enterprise,GH,Referral,True
C004365,2022-04-17,Mid-Market,ME,Paid Ads,True
C004366,2022-03-12,SMB,LY,Referral,False
C004367,2023-02-05,Mid-Market,MU,Referral,True
C004368,2022-01-23,SMB,UZ,Paid Ads,False
C004369,2024-04-02,SMB,LT,Partner,False
C004370,2022-11-27,Enterprise,GQ,Partner,True
C004371,2022-01-16,SMB,MD,Referral,True
C004372,2022-05-19,Mid-Market,SL,Paid Ads,False
C004373,2022-02-11,Mid-Market,GR,Partner,True
C004374,2022-06-11,SMB,SC,Paid Ads,True
C004375,2022-06-20,Mid-Market,EE,Paid Ads,True
C004376,2022-08-26,SMB,LU,Paid Ads,True
C004377,2023-02-08,SMB,ER,Paid Ads,True
C004378,2024-05-20,Mid-Market,TV,Paid Ads,False
C004379,2024-02-27,Enterprise,LI,Paid Ads,True
C004380,2023-09-09,SMB,MK,Organic,False
C004381,2023-06-29,Enterprise,TG,Paid Ads,True
C004382,2022-02-23,SMB,CH,Partner,True
C004383,2023-02-05,Mid-Market,GQ,Partner,True
C004384,2024-10-05,Mid-Market,TV,Organic,True
C004385,2024-12-10,SMB,PG,Referral,True
C004386,2023-03-26,SMB,LB,Organic,True
C004387,2023-08-03,Mid-Market,SA,Paid Ads,False
C004388,2022-06-28,SMB,JM,Paid Ads,False
C004389,2023-12-02,SMB,KW,Organic,False
C004390,2022-10-29,SMB,VC,Partner,False
C004391,2022-09-09,SMB,VU,Referral,True
C004392,2024-10-31,SMB,GM,Partner,True
C004393,2024-10-20,SMB,KE,Organic,False
C004394,2022-01-22,Mid-Market,CG,Referral,True
C004395,2024-11-25,Enterprise,MY,Partner,True
C004396,2022-05-17,Mid-Market,ER,Paid Ads,True
C004397,2023-06-30,SMB,LS,Paid Ads,False
C004398,2023-07-16,SMB,GY,Organic,False
C004399,2022-10-02,SMB,IE,Organic,False
C004400,2022-12-05,SMB,CM,Paid Ads,False
C004401,2024-10-20,Enterprise,TW,Referral,True
C004402,2024-11-26,SMB,CM,Organic,False
C004403,2023-07-22,SMB,LY,Partner,True
C004404,2022-04-20,SMB,SV,Organic,True
C004405,2022-10-27,Mid-Market,AF,Organic,True
C004406,2022-03-31,SMB,TW,Paid Ads,True
C004407,2022-04-09,SMB,DZ,Partner,False
C004408,2023-11-01,Mid-Market,AM,Organic,True
C004409,2022-12-31,Mid-Market,BH,Paid Ads,True
C004410,2024-08-31,Mid-Market,BI,Referral,False
C004411,2024-09-06,Mid-Market,MH,Referral,False
C004412,2023-08-01,SMB,BR,Partner,True
C004413,2024-09-06,SMB,OM,Partner,True
C004414,2023-10-18,Mid-Market,HR,Paid Ads,True
C004415,2023-01-07,SMB,CM,Organic,True
C004416,2023-05-26,SMB,IN,Organic,True
C004417,2023-07-19,Enterprise,CN,Referral,False
C004418,2024-08-05,Mid-Market,IR,Organic,True
C004419,2022-07-12,SMB,MR,Partner,False
C004420,2022-11-12,SMB,MZ,Partner,False
C004421,2023-08-24,Mid-Market,DJ,Organic,True
C004422,2023-11-12,SMB,ET,Referral,True
C004423,2023-07-06,SMB,PY,Partner,True
C004424,2024-07-12,SMB,FI,Partner,True
C004425,2023-10-25,SMB,ST,Referral,True
C004426,2022-01-22,SMB,CF,Partner,False
C004427,2024-03-17,SMB,MM,Referral,False
C004428,2022-09-12,Mid-Market,CH,Referral,True
C004429,2024-07-22,SMB,PE,Referral,True
C004430,2022-02-22,Enterprise,KP,Paid Ads,True
C004431,2022-06-24,SMB,LB,Partner,True
C004432,2023-06-13,Enterprise,PT,Paid Ads,True
C004433,2023-06-11,SMB,MT,Organic,True
C004434,2023-08-06,SMB,SM,Referral,False
C004435,2024-09-11,SMB,PK,Referral,True
C004436,2024-10-26,Mid-Market,KP,Partner,True
C004437,2024-09-02,SMB,SM,Referral,True
C004438,2024-01-19,SMB,TJ,Referral,True
C004439,2022-04-29,SMB,MY,Referral,False
C004440,2023-11-12,SMB,AU,Paid Ads,True
C004441,2024-05-10,Mid-Market,IN,Partner,True
C004442,2022-10-22,SMB,MY,Paid Ads,False
C004443,2022-03-01,Mid-Market,MY,Paid Ads,True
C004444,2024-07-10,SMB,PG,Referral,True
C004445,2024-09-16,SMB,NI,Organic,True
C004446,2024-06-02,SMB,PL,Referral,False
C004447,2022-02-08,SMB,LS,Partner,True
C004448,2022-12-16,SMB,SR,Referral,True
C004449,2023-07-07,SMB,SA,Referral,True
C004450,2023-11-17,Mid-Market,SG,Organic,True
C004451,2024-09-02,SMB,SI,Organic,True
C004452,2022-04-03,SMB,LC,Paid Ads,True
C004453,2022-03-27,SMB,RS,Referral,True
C004454,2022-04-16,SMB,JP,Paid Ads,True
C004455,2024-04-03,Mid-Market,CI,Referral,False
C004456,2024-11-21,SMB,ZA,Paid Ads,True
C004457,2024-08-18,SMB,AT,Partner,False
C004458,2022-07-16,Mid-Market,UG,Partner,True
C004459,2023-07-06,SMB,BY,Organic,True
C004460,2024-10-08,Enterprise,CZ,Organic,True
C004461,2023-09-14,Mid-Market,FJ,Partner,True
C004462,2023-07-13,Enterprise,HU,Organic,True
C004463,2022-04-16,Enterprise,CR,Partner,True
C004464,2024-04-01,Enterprise,CF,Referral,True
C004465,2024-11-05,Mid-Market,NI,Partner,True
C004466,2023-06-27,Mid-Market,NG,Referral,False
C004467,2022-07-26,SMB,GN,Paid Ads,False
C004468,2024-05-13,Mid-Market,TZ,Partner,True
C004469,2023-02-03,SMB,HR,Partner,True
C004470,2024-05-23,Mid-Market,TV,Referral,True
C004471,2022-07-03,SMB,ER,Organic,True
C004472,2023-04-12,Mid-Market,SK,Referral,True
C004473,2024-06-25,SMB,MR,Paid Ads,True
C004474,2022-11-11,SMB,BR,Organic,True
C004475,2023-08-06,SMB,CG,Organic,True
C004476,2022-04-13,SMB,NG,Paid Ads,True
C004477,2024-11-16,SMB,FM,Paid Ads,True
C004478,2024-06-27,Mid-Market,NO,Organic,True
C004479,2023-08-20,SMB,BH,Referral,True
C004480,2023-04-01,Mid-Market,OM,Paid Ads,True
C004481,2024-05-03,SMB,OM,Paid Ads,True
C004482,2024-12-07,Enterprise,NE,Paid Ads,True
C004483,2024-10-09,SMB,KZ,Partner,True
C004484,2022-01-23,SMB,YE,Organic,False
C004485,2023-11-27,SMB,OM,Organic,True
C004486,2024-07-29,SMB,FI,Organic,False
C004487,2024-09-06,Mid-Market,TN,Partner,True
C004488,2024-10-14,SMB,MX,Organic,True
C004489,2023-12-02,Mid-Market,UA,Organic,True
C004490,2024-10-25,Enterprise,BB,Paid Ads,True
C004491,2022-06-30,SMB,ES,Paid Ads,True
C004492,2022-08-26,SMB,PE,Referral,True
C004493,2022-11-06,SMB,AM,Partner,True
C004494,2024-12-16,SMB,SM,Paid Ads,True
C004495,2022-08-13,SMB,LR,Referral,True
C004496,2023-04-07,Mid-Market,BF,Paid Ads,True
C004497,2024-12-04,Enterprise,MD,Paid Ads,True
C004498,2024-03-26,Enterprise,UG,Referral,True
C004499,2022-09-30,Enterprise,CZ,Referral,True
C004500,2024-04-23,Mid-Market,KN,Referral,True
C004501,2022-09-03,Enterprise,CD,Organic,True
C004502,2023-04-05,SMB,ZA,Referral,True
C004503,2022-02-03,SMB,BR,Organic,False
C004504,2023-04-30,Mid-Market,MK,Partner,True
C004505,2023-01-05,SMB,EE,Partner,True
C004506,2024-11-08,SMB,KW,Paid Ads,True
C004507,2023-06-15,Enterprise,TM,Partner,False
C004508,2022-07-29,SMB,CV,Paid Ads,True
C004509,2024-07-07,SMB,MR,Organic,True
C004510,2023-02-16,SMB,BB,Paid Ads,False
C004511,2024-05-11,SMB,ID,Partner,True
C004512,2023-12-23,SMB,SD,Organic,False
C004513,2022-03-29,SMB,IE,Organic,True
C004514,2022-07-16,SMB,CY,Organic,True
C004515,2023-02-22,SMB,CM,Referral,True
C004516,2022-11-30,Mid-Market,PW,Partner,True
C004517,2023-04-20,SMB,OM,Partner,True
C004518,2022-02-26,Enterprise,CY,Partner,True
C004519,2024-12-07,Mid-Market,SM,Referral,False
C004520,2023-04-08,Enterprise,IR,Partner,True
C004521,2023-01-03,SMB,GD,Organic,True
C004522,2024-01-20,SMB,RU,Referral,True
C004523,2023-05-12,SMB,YE,Organic,True
C004524,2022-01-14,SMB,GB,Partner,True
C004525,2023-08-19,SMB,CA,Organic,True
C004526,2024-04-28,Enterprise,IN,Paid Ads,True
C004527,2024-01-20,Mid-Market,AU,Paid Ads,True
C004528,2022-04-21,Mid-Market,SO,Referral,True
C004529,2023-12-03,Mid-Market,IR,Paid Ads,True
C004530,2023-06-23,SMB,KR,Paid Ads,True
C004531,2023-10-31,SMB,PA,Referral,False
C004532,2023-03-17,SMB,IE,Paid Ads,False
C004533,2023-08-29,SMB,TN,Partner,True
C004534,2022-09-25,Mid-Market,GM,Organic,True
C004535,2022-09-23,SMB,RU,Partner,True
C004536,2022-02-28,SMB,TD,Referral,True
C004537,2024-06-22,Mid-Market,UY,Partner,True
C004538,2023-07-15,Mid-Market,UY,Referral,False
C004539,2022-08-25,SMB,GT,Paid Ads,False
C004540,2022-01-18,SMB,SB,Partner,False
C004541,2024-08-20,SMB,MW,Partner,True
C004542,2023-12-09,SMB,BS,Partner,False
C004543,2023-04-16,SMB,GN,Referral,True
C004544,2022-07-16,Enterprise,TM,Referral,True
C004545,2023-06-12,Mid-Market,GY,Organic,True
C004546,2024-01-12,SMB,FR,Partner,False
C004547,2024-08-30,SMB,DK,Organic,True
C004548,2024-07-26,Mid-Market,NL,Partner,True
C004549,2024-11-04,SMB,PW,Referral,True
C004550,2024-05-29,Enterprise,NG,Partner,True
C004551,2024-03-19,SMB,AU,Referral,False
C004552,2024-06-10,SMB,JM,Paid Ads,False
C004553,2024-06-05,SMB,IN,Paid Ads,True
C004554,2022-09-25,SMB,MD,Partner,True
C004555,2024-04-17,Enterprise,JM,Referral,True
C004556,2023-11-07,Mid-Market,SE,Organic,True
C004557,2022-06-14,SMB,GD,Paid Ads,True
C004558,2022-02-05,SMB,ZM,Partner,True
C004559,2022-03-13,SMB,NI,Organic,True
C004560,2024-10-27,SMB,HN,Organic,True
C004561,2024-01-17,Enterprise,TO,Partner,True
C004562,2022-02-22,SMB,ID,Referral,True
C004563,2023-10-20,Enterprise,DZ,Partner,False
C004564,2024-05-23,SMB,DJ,Partner,False
C004565,2022-02-27,Mid-Market,LK,Referral,True
C004566,2024-12-05,SMB,NR,Referral,True
C004567,2023-11-28,SMB,BW,Organic,False
C004568,2024-11-06,SMB,RO,Partner,False
C004569,2022-11-16,Enterprise,TW,Partner,True
C004570,2024-02-09,Enterprise,BS,Paid Ads,True
C004571,2022-02-04,Mid-Market,KI,Partner,True
C004572,2022-12-29,SMB,CM,Paid Ads,False
C004573,2023-11-19,Enterprise,SI,Referral,True
C004574,2023-07-13,Mid-Market,AD,Paid Ads,True
C004575,2022-10-28,SMB,AU,Referral,True
C004576,2022-07-17,SMB,MR,Referral,True
C004577,2022-06-19,Mid-Market,AF,Referral,True
C004578,2023-02-21,SMB,DK,Referral,True
C004579,2023-02-12,Enterprise,KP,Paid Ads,True
C004580,2022-09-19,SMB,BB,Organic,True
C004581,2023-09-04,SMB,KM,Organic,True
C004582,2022-05-25,SMB,KH,Paid Ads,True
C004583,2024-03-11,Mid-Market,BT,Partner,True
C004584,2022-03-28,SMB,RO,Organic,True
C004585,2022-04-14,SMB,CD,Partner,True
C004586,2024-12-29,SMB,TL,Organic,True
C004587,2023-07-18,SMB,GH,Referral,False
C004588,2022-09-06,SMB,NR,Organic,True
C004589,2022-10-19,SMB,TO,Referral,True
C004590,2023-11-22,SMB,PK,Partner,True
C004591,2024-02-28,SMB,RO,Partner,False
C004592,2024-08-16,Mid-Market,PL,Paid Ads,True
C004593,2022-01-11,Enterprise,DZ,Paid Ads,True
C004594,2023-07-30,SMB,HU,Paid Ads,True
C004595,2024-03-14,Mid-Market,GE,Partner,True
C004596,2024-04-08,SMB,LV,Paid Ads,True
C004597,2023-01-21,Mid-Market,IS,Paid Ads,True
C004598,2024-06-06,Mid-Market,MW,Partner,True
C004599,2022-12-20,SMB,ZW,Partner,True
C004600,2023-08-28,SMB,RW,Paid Ads,False
C004601,2022-08-23,SMB,LU,Partner,True
C004602,2022-02-21,Enterprise,SD,Organic,True
C004603,2024-04-06,Enterprise,BZ,Partner,True
C004604,2024-01-07,SMB,AU,Partner,True
C004605,2024-04-24,SMB,PT,Organic,True
C004606,2024-01-05,Mid-Market,EG,Organic,True
C004607,2024-04-30,SMB,PG,Organic,False
C004608,2022-08-04,SMB,AT,Partner,True
C004609,2022-07-06,Mid-Market,AE,Paid Ads,True
C004610,2022-11-14,Enterprise,DZ,Partner,True
C004611,2024-03-28,SMB,MH,Paid Ads,False
C004612,2023-08-16,SMB,MA,Organic,True
C004613,2022-09-29,Mid-Market,AM,Organic,False
C004614,2023-01-02,SMB,KN,Partner,False
C004615,2024-01-31,SMB,GB,Partner,True
C004616,2024-12-06,SMB,IS,Partner,True
C004617,2024-07-13,Mid-Market,MN,Partner,True
C004618,2023-09-03,SMB,NZ,Partner,True
C004619,2022-12-12,Enterprise,MM,Referral,True
C004620,2022-03-26,SMB,FJ,Organic,True
C004621,2023-01-16,SMB,KG,Partner,True
C004622,2023-03-07,SMB,GT,Referral,False
C004623,2022-09-23,SMB,AD,Partner,True
C004624,2024-03-03,Mid-Market,BJ,Organic,True
C004625,2023-09-24,Mid-Market,KH,Referral,True
C004626,2023-01-25,Enterprise,GE,Referral,True
C004627,2024-11-19,SMB,VN,Paid Ads,True
C004628,2022-01-04,SMB,CN,Referral,True
C004629,2024-05-15,SMB,VA,Paid Ads,True
C004630,2024-03-24,SMB,BJ,Paid Ads,False
C004631,2022-01-19,Mid-Market,BB,Referral,True
C004632,2022-07-07,Enterprise,KR,Organic,True
C004633,2024-05-25,SMB,LI,Referral,True
C004634,2023-11-28,SMB,NL,Referral,False
C004635,2022-12-03,Mid-Market,AF,Partner,True
C004636,2022-02-23,Mid-Market,BF,Paid Ads,True
C004637,2023-03-07,SMB,LT,Referral,True
C004638,2024-06-12,Mid-Market,SY,Paid Ads,True
C004639,2022-11-29,SMB,DM,Paid Ads,True
C004640,2024-08-03,SMB,CN,Organic,True
C004641,2023-10-11,SMB,TD,Referral,True
C004642,2024-03-11,SMB,KG,Partner,True
C004643,2023-04-10,Mid-Market,BG,Referral,False
C004644,2022-05-11,SMB,NE,Partner,True
C004645,2022-02-22,Mid-Market,ER,Partner,True
C004646,2023-06-02,SMB,DK,Paid Ads,True
C004647,2024-12-22,SMB,IS,Partner,True
C004648,2022-09-27,SMB,YE,Organic,True
C004649,2023-03-23,Mid-Market,NE,Partner,True
C004650,2023-07-31,Mid-Market,MA,Referral,False
C004651,2022-08-18,SMB,SD,Referral,True
C004652,2024-01-03,Mid-Market,IQ,Paid Ads,True
C004653,2023-02-22,SMB,VA,Organic,True
C004654,2022-08-31,Enterprise,KG,Partner,True
C004655,2022-10-18,Enterprise,QA,Paid Ads,True
C004656,2022-05-09,SMB,EC,Organic,True
C004657,2023-05-07,Enterprise,YE,Referral,True
C004658,2022-09-12,Mid-Market,YE,Paid Ads,True
C004659,2023-11-16,SMB,ME,Referral,True
C004660,2023-04-09,SMB,JP,Organic,True
C004661,2023-04-28,SMB,NR,Referral,True
C004662,2022-02-18,SMB,UZ,Referral,True
C004663,2024-03-27,SMB,KH,Referral,True
C004664,2022-05-15,SMB,MH,Partner,True
C004665,2023-05-02,SMB,AO,Paid Ads,True
C004666,2022-09-02,SMB,IT,Organic,False
C004667,2024-01-13,SMB,BE,Partner,True
C004668,2024-09-08,SMB,UY,Partner,True
C004669,2024-03-30,Enterprise,YE,Organic,True
C004670,2024-07-22,SMB,PT,Organic,True
C004671,2024-08-21,Enterprise,SG,Paid Ads,True
C004672,2024-08-26,SMB,TJ,Organic,True
C004673,2023-03-10,SMB,JO,Referral,False
C004674,2024-05-19,Enterprise,SA,Partner,True
C004675,2022-03-27,SMB,WS,Partner,True
C004676,2023-09-10,SMB,TT,Organic,False
C004677,2024-07-29,Mid-Market,MN,Paid Ads,True
C004678,2023-05-12,Mid-Market,VA,Partner,True
C004679,2022-08-06,SMB,PS,Organic,True
C004680,2024-11-01,SMB,PY,Paid Ads,True
C004681,2024-12-30,SMB,GD,Paid Ads,False
C004682,2024-05-22,Enterprise,MM,Organic,True
C004683,2024-02-21,SMB,GE,Organic,True
C004684,2022-08-16,Mid-Market,QA,Organic,True
C004685,2023-04-26,SMB,MW,Paid Ads,True
C004686,2023-03-16,SMB,TN,Organic,False
C004687,2022-05-25,SMB,RS,Referral,False
C004688,2022-09-07,SMB,PW,Paid Ads,True
C004689,2022-10-21,SMB,GT,Organic,True
C004690,2023-06-20,SMB,UY,Organic,True
C004691,2024-11-04,SMB,TV,Organic,True
C004692,2023-01-07,Mid-Market,LV,Organic,True
C004693,2024-03-14,SMB,NA,Organic,True
C004694,2023-05-11,Enterprise,DK,Paid Ads,True
C004695,2023-08-16,SMB,ZA,Referral,True
C004696,2024-03-06,SMB,RO,Paid Ads,True
C004697,2024-09-21,SMB,TG,Paid Ads,True
C004698,2023-10-21,SMB,US,Partner,False
C004699,2022-11-29,Mid-Market,CM,Partner,True
C004700,2024-01-18,SMB,SI,Organic,False
C004701,2022-02-19,SMB,BN,Paid Ads,False
C004702,2024-06-07,Mid-Market,MV,Partner,True
C004703,2023-02-12,SMB,MK,Organic,True
C004704,2022-07-04,SMB,CU,Paid Ads,True
C004705,2022-04-05,SMB,TR,Organic,True
C004706,2023-05-04,SMB,LY,Referral,True
C004707,2024-11-07,SMB,GW,Organic,False
C004708,2024-04-02,SMB,SM,Paid Ads,True
C004709,2024-07-30,Enterprise,CI,Organic,True
C004710,2022-10-29,SMB,DJ,Partner,True
C004711,2024-01-18,SMB,KI,Paid Ads,True
C004712,2024-03-18,SMB,BI,Paid Ads,True
C004713,2024-08-31,SMB,BZ,Paid Ads,True
C004714,2023-08-18,Mid-Market,RU,Partner,True
C004715,2024-08-19,Mid-Market,BO,Organic,True
C004716,2022-12-06,SMB,CU,Organic,True
C004717,2022-03-29,SMB,IQ,Organic,True
C004718,2023-01-30,SMB,CD,Paid Ads,True
C004719,2024-03-02,SMB,ZM,Partner,True
C004720,2024-09-17,SMB,GT,Paid Ads,True
C004721,2022-08-19,Mid-Market,DM,Paid Ads,False
C004722,2023-04-01,SMB,TT,Paid Ads,False
C004723,2023-04-06,Mid-Market,SZ,Referral,True
C004724,2023-07-01,SMB,MC,Organic,False
C004725,2023-03-12,Enterprise,FJ,Partner,False
C004726,2023-08-28,SMB,CU,Paid Ads,True
C004727,2022-06-21,SMB,BJ,Organic,True
C004728,2024-03-24,Mid-Market,IL,Paid Ads,True
C004729,2024-07-14,Enterprise,BS,Paid Ads,True
C004730,2023-03-07,SMB,CO,Paid Ads,False
C004731,2024-07-17,SMB,NI,Organic,False
C004732,2023-03-10,SMB,KI,Organic,True
C004733,2022-05-19,Mid-Market,PW,Partner,True
C004734,2022-06-17,SMB,DK,Referral,True
C004735,2023-10-04,Enterprise,KN,Partner,True
C004736,2024-01-27,SMB,BN,Organic,True
C004737,2024-03-18,Enterprise,FR,Partner,True
C004738,2023-04-28,Mid-Market,HR,Paid Ads,True
C004739,2024-05-19,SMB,CV,Referral,True
C004740,2022-06-26,SMB,ZA,Partner,True
C004741,2023-09-11,Enterprise,KM,Organic,True
C004742,2023-06-16,Mid-Market,TH,Partner,False
C004743,2022-06-08,SMB,BH,Organic,True
C004744,2022-09-01,Mid-Market,SE,Paid Ads,True
C004745,2023-05-29,SMB,BW,Referral,False
C004746,2024-01-11,Mid-Market,TM,Referral,True
C004747,2024-01-14,Mid-Market,UZ,Paid Ads,False
C004748,2024-10-15,Enterprise,IQ,Paid Ads,True
C004749,2023-04-18,SMB,LC,Referral,True
C004750,2023-07-19,SMB,VU,Partner,True
C004751,2022-06-12,SMB,SD,Paid Ads,True
C004752,2023-01-17,SMB,CI,Organic,True
C004753,2022-03-09,Mid-Market,GA,Organic,True
C004754,2024-11-14,Mid-Market,JM,Referral,True
C004755,2023-01-15,Mid-Market,ST,Paid Ads,True
C004756,2022-08-13,Enterprise,KP,Referral,False
C004757,2024-10-24,Enterprise,SL,Partner,True
C004758,2023-06-27,Enterprise,DZ,Referral,True
C004759,2022-11-02,Mid-Market,IQ,Referral,True
C004760,2023-08-28,SMB,ZM,Partner,True
C004761,2024-02-13,SMB,LA,Organic,True
C004762,2022-06-25,Enterprise,TV,Paid Ads,True
C004763,2023-03-09,SMB,MR,Paid Ads,False
C004764,2023-11-10,Mid-Market,BZ,Referral,True
C004765,2022-02-20,SMB,VN,Partner,True
C004766,2023-09-14,SMB,PE,Paid Ads,True
C004767,2024-08-02,SMB,EE,Partner,False
C004768,2022-10-10,SMB,GM,Paid Ads,True
C004769,2022-04-28,Enterprise,DO,Paid Ads,True
C004770,2023-09-03,SMB,ID,Referral,False
C004771,2022-06-17,SMB,SD,Partner,True
C004772,2022-12-27,SMB,CV,Paid Ads,False
C004773,2023-02-27,SMB,TN,Organic,True
C004774,2023-04-08,SMB,VC,Partner,True
C004775,2024-07-16,Mid-Market,ER,Partner,True
C004776,2022-11-15,SMB,PH,Referral,False
C004777,2023-10-14,SMB,CU,Organic,True
C004778,2024-12-04,SMB,NI,Partner,False
C004779,2023-08-12,SMB,KG,Paid Ads,False
C004780,2024-12-24,Mid-Market,BB,Referral,False
C004781,2022-05-02,Enterprise,FI,Referral,True
C004782,2024-01-24,SMB,VA,Paid Ads,True
C004783,2024-01-24,SMB,KH,Referral,True
C004784,2023-12-01,SMB,BN,Paid Ads,True
C004785,2024-07-26,SMB,BS,Partner,True
C004786,2022-08-07,SMB,AR,Paid Ads,True
C004787,2023-06-07,SMB,TW,Organic,True
C004788,2022-01-01,SMB,US,Referral,True
C004789,2022-06-02,Mid-Market,LK,Organic,True
C004790,2023-09-16,Mid-Market,NI,Organic,False
C004791,2024-01-17,Mid-Market,VE,Paid Ads,True
C004792,2024-09-12,SMB,AE,Partner,False
C004793,2023-07-18,Mid-Market,MW,Referral,True
C004794,2023-08-05,SMB,MW,Paid Ads,True
C004795,2023-07-09,SMB,TN,Organic,True
C004796,2022-08-05,Enterprise,CO,Referral,True
C004797,2024-06-24,Enterprise,MW,Partner,True
C004798,2023-03-10,SMB,SR,Paid Ads,False
C004799,2024-04-15,SMB,PL,Organic,True
C004800,2022-12-03,Enterprise,TM,Referral,True
C004801,2022-08-11,Mid-Market,MU,Paid Ads,False
C004802,2024-05-03,SMB,JO,Partner,True
C004803,2022-02-27,SMB,LI,Partner,False
C004804,2022-05-15,Enterprise,BS,Partner,True
C004805,2024-12-30,SMB,TV,Paid Ads,True
C004806,2023-11-01,SMB,MH,Organic,False
C004807,2023-02-15,Mid-Market,MY,Referral,True
C004808,2023-01-20,Mid-Market,VA,Paid Ads,True
C004809,2024-05-24,SMB,SG,Organic,True
C004810,2023-01-02,SMB,UZ,Organic,False
C004811,2024-01-22,Enterprise,IR,Organic,True
C004812,2023-04-22,Mid-Market,CZ,Organic,False
C004813,2024-10-17,SMB,CI,Paid Ads,True
C004814,2022-12-20,Mid-Market,SL,Organic,True
C004815,2023-02-14,Mid-Market,KH,Partner,True
C004816,2024-02-27,SMB,ER,Paid Ads,True
C004817,2024-04-05,SMB,TM,Partner,True
C004818,2023-06-01,Enterprise,IR,Referral,True
C004819,2022-12-11,SMB,HR,Paid Ads,False
C004820,2024-11-07,SMB,CH,Partner,True
C004821,2022-03-06,SMB,BH,Paid Ads,True
C004822,2023-10-03,SMB,CO,Partner,True
C004823,2022-06-11,Mid-Market,IS,Organic,True
C004824,2022-12-09,Enterprise,GM,Partner,True
C004825,2024-09-15,Enterprise,VC,Referral,True
C004826,2023-06-16,SMB,BW,Organic,True
C004827,2023-03-07,Enterprise,CI,Partner,True
C004828,2022-11-10,SMB,KM,Organic,True
C004829,2023-09-13,SMB,NI,Paid Ads,True
C004830,2024-05-25,SMB,TR,Organic,True
C004831,2022-07-11,Mid-Market,SR,Paid Ads,True
C004832,2022-09-02,SMB,KG,Partner,True
C004833,2024-04-27,SMB,NP,Organic,False
C004834,2024-11-26,SMB,TG,Paid Ads,True
C004835,2022-05-09,SMB,TT,Referral,False
C004836,2023-06-29,SMB,AT,Referral,True
C004837,2022-12-02,SMB,FM,Organic,True
C004838,2022-11-23,Mid-Market,NE,Referral,False
C004839,2023-04-22,SMB,PW,Organic,True
C004840,2022-08-03,SMB,VA,Organic,True
C004841,2023-11-05,SMB,SD,Paid Ads,True
C004842,2024-03-29,SMB,KP,Paid Ads,True
C004843,2022-09-06,SMB,CO,Organic,False
C004844,2022-05-21,SMB,GW,Organic,False
C004845,2023-12-29,Mid-Market,ID,Paid Ads,True
C004846,2024-09-28,SMB,TT,Referral,True
C004847,2023-04-12,SMB,UG,Organic,False
C004848,2024-01-19,Mid-Market,WS,Referral,True
C004849,2024-10-24,Enterprise,MV,Organic,True
C004850,2023-03-14,SMB,KG,Referral,True
C004851,2022-03-29,SMB,FR,Paid Ads,True
C004852,2023-06-08,SMB,GN,Paid Ads,True
C004853,2024-01-04,SMB,CU,Organic,True
C004854,2023-07-11,SMB,PE,Partner,True
C004855,2022-06-27,SMB,DK,Paid Ads,False
C004856,2022-04-26,Enterprise,SK,Organic,True
C004857,2024-11-16,SMB,IE,Referral,True
C004858,2022-04-11,SMB,JO,Organic,True
C004859,2023-07-17,Mid-Market,ID,Referral,True
C004860,2022-05-09,Mid-Market,AR,Referral,True
C004861,2023-05-29,SMB,CO,Partner,True
C004862,2024-12-11,SMB,HU,Organic,False
C004863,2024-10-16,SMB,MA,Organic,True
C004864,2024-07-31,SMB,SL,Partner,True
C004865,2022-12-08,SMB,CA,Partner,True
C004866,2024-12-04,Mid-Market,MK,Partner,True
C004867,2024-01-22,SMB,TR,Partner,False
C004868,2022-01-22,Mid-Market,TT,Organic,True
C004869,2022-10-30,SMB,KP,Partner,True
C004870,2022-03-09,SMB,JO,Partner,True
C004871,2024-03-22,SMB,MC,Paid Ads,False
C004872,2023-03-20,Enterprise,SV,Partner,True
C004873,2024-10-28,SMB,LT,Referral,False
C004874,2022-06-06,Mid-Market,MY,Organic,True
C004875,2023-04-25,Mid-Market,UZ,Organic,True
C004876,2024-11-02,SMB,AM,Organic,True
C004877,2023-10-07,SMB,MG,Partner,True
C004878,2023-03-09,SMB,ER,Paid Ads,True
C004879,2023-05-20,SMB,CF,Partner,True
C004880,2024-12-22,Mid-Market,GA,Paid Ads,True
C004881,2023-05-16,SMB,KH,Paid Ads,True
C004882,2024-10-06,SMB,PH,Paid Ads,True
C004883,2023-10-29,Mid-Market,FR,Partner,True
C004884,2024-10-15,Mid-Market,AR,Paid Ads,False
C004885,2023-01-09,SMB,AG,Paid Ads,True
C004886,2022-12-12,Mid-Market,KR,Referral,True
C004887,2023-10-06,SMB,BO,Partner,True
C004888,2024-12-19,SMB,IS,Referral,False
C004889,2024-04-15,SMB,ME,Organic,True
C004890,2024-12-17,Mid-Market,MC,Paid Ads,True
C004891,2023-09-25,Mid-Market,CV,Referral,False
C004892,2024-06-09,SMB,KH,Paid Ads,True
C004893,2023-03-17,SMB,TV,Paid Ads,False
C004894,2022-03-27,SMB,WS,Referral,True
C004895,2023-09-01,SMB,EC,Partner,False
C004896,2024-09-12,SMB,DJ,Partner,False
C004897,2022-07-15,SMB,KP,Paid Ads,True
C004898,2023-01-03,SMB,LK,Partner,False
C004899,2024-09-01,Enterprise,MG,Referral,True
C004900,2022-04-22,Mid-Market,TH,Organic,False
C004901,2023-03-12,Mid-Market,MT,Partner,True
C004902,2022-03-20,Enterprise,SK,Paid Ads,True
C004903,2022-10-06,SMB,TM,Paid Ads,True
C004904,2023-11-30,SMB,IN,Referral,True
C004905,2024-11-29,SMB,IR,Referral,False
C004906,2024-07-23,SMB,AD,Organic,True
C004907,2022-12-01,SMB,NZ,Paid Ads,False
C004908,2022-11-25,Enterprise,VU,Partner,True
C004909,2022-08-29,SMB,SK,Organic,True
C004910,2024-07-13,SMB,TO,Paid Ads,True
C004911,2022-06-15,SMB,GN,Partner,True
C004912,2022-09-13,SMB,KM,Organic,True
C004913,2022-12-23,SMB,ER,Partner,False
C004914,2024-06-24,SMB,KG,Organic,False
C004915,2023-06-29,SMB,KR,Partner,True
C004916,2022-02-01,SMB,LA,Organic,True
C004917,2024-02-26,Enterprise,FR,Partner,True
C004918,2023-08-18,Enterprise,MA,Partner,True
C004919,2024-04-19,SMB,MK,Referral,True
C004920,2024-11-04,SMB,SY,Referral,True
C004921,2022-06-19,SMB,BW,Partner,True
C004922,2024-11-14,SMB,MN,Referral,True
C004923,2024-12-11,Mid-Market,FR,Organic,True
C004924,2022-08-06,Mid-Market,AG,Organic,False
C004925,2022-10-12,SMB,LA,Referral,True
C004926,2024-12-19,SMB,GA,Organic,True
C004927,2022-07-16,Enterprise,BT,Paid Ads,True
C004928,2024-04-29,Enterprise,BB,Partner,True
C004929,2024-08-09,SMB,TH,Partner,True
C004930,2022-02-14,Mid-Market,MG,Referral,True
C004931,2023-12-04,SMB,HR,Organic,True
C004932,2023-09-06,SMB,MN,Organic,True
C004933,2023-06-29,SMB,ME,Organic,True
C004934,2023-03-05,SMB,SD,Partner,True
C004935,2022-02-27,SMB,HT,Paid Ads,True
C004936,2023-11-08,Enterprise,JO,Referral,True
C004937,2022-06-07,SMB,WS,Paid Ads,True
C004938,2024-07-02,SMB,BI,Partner,True
C004939,2022-04-08,SMB,SM,Referral,True
C004940,2023-11-28,Enterprise,JM,Referral,True
C004941,2022-08-09,SMB,FM,Referral,True
C004942,2022-11-21,Mid-Market,AD,Partner,True
C004943,2022-03-25,Mid-Market,TZ,Partner,True
C004944,2023-08-24,Enterprise,MK,Paid Ads,True
C004945,2024-07-23,Mid-Market,DE,Paid Ads,True
C004946,2023-07-02,SMB,LR,Paid Ads,True
C004947,2023-12-14,SMB,BW,Organic,True
C004948,2022-09-06,Mid-Market,SI,Paid Ads,True
C004949,2024-08-27,Enterprise,ET,Organic,True
C004950,2022-08-13,SMB,GM,Partner,True
C004951,2022-03-14,SMB,VE,Referral,False
C004952,2024-05-19,SMB,SK,Partner,True
C004953,2024-10-16,SMB,TN,Organic,True
C004954,2022-03-16,SMB,DJ,Referral,True
C004955,2024-07-22,SMB,LK,Referral,True
C004956,2024-04-21,SMB,PE,Paid Ads,True
C004957,2022-08-29,Mid-Market,JO,Paid Ads,True
C004958,2023-12-04,SMB,SO,Referral,False
C004959,2023-01-13,Enterprise,ML,Organic,True
C004960,2022-04-05,Mid-Market,GY,Paid Ads,True
C004961,2023-08-16,SMB,CD,Partner,False
C004962,2023-12-21,SMB,SM,Referral,True
C004963,2024-02-09,SMB,MW,Partner,True
C004964,2022-07-16,SMB,MM,Organic,True
C004965,2024-03-15,Mid-Market,GH,Referral,True
C004966,2024-03-02,Mid-Market,PK,Partner,True
C004967,2022-10-15,SMB,IN,Partner,True
C004968,2024-11-14,Enterprise,ST,Paid Ads,True
C004969,2024-08-14,SMB,AG,Organic,True
C004970,2023-05-20,SMB,AR,Partner,True
C004971,2024-01-06,SMB,JP,Organic,True
C004972,2023-06-17,SMB,VU,Organic,True
C004973,2024-04-15,Enterprise,ER,Organic,True
C004974,2023-10-13,SMB,TN,Organic,True
C004975,2024-04-17,SMB,FM,Referral,True
C004976,2023-08-25,Enterprise,AG,Paid Ads,True
C004977,2022-06-21,SMB,MX,Referral,False
C004978,2023-08-16,Enterprise,KW,Organic,False
C004979,2023-10-03,SMB,GH,Paid Ads,False
C004980,2024-11-05,SMB,PY,Paid Ads,True
C004981,2024-09-23,SMB,NO,Organic,False
C004982,2023-02-03,Mid-Market,FI,Paid Ads,True
C004983,2024-09-18,SMB,FJ,Organic,True
C004984,2022-04-19,SMB,CY,Paid Ads,True
C004985,2023-05-06,SMB,GQ,Organic,False
C004986,2022-04-30,Enterprise,PH,Paid Ads,True
C004987,2023-08-16,SMB,NR,Paid Ads,True
C004988,2022-04-05,Mid-Market,JO,Paid Ads,True
C004989,2022-02-03,SMB,GH,Paid Ads,True
C004990,2024-07-15,Enterprise,KM,Paid Ads,True
C004991,2024-07-31,Enterprise,GT,Partner,True
C004992,2023-05-16,Enterprise,BD,Organic,True
C004993,2022-04-20,Mid-Market,LC,Paid Ads,True
C004994,2022-07-18,SMB,PE,Referral,False
C004995,2024-04-20,Mid-Market,NP,Partner,True
C004996,2022-09-19,SMB,US,Referral,False
C004997,2023-09-14,SMB,TG,Paid Ads,True
C004998,2023-01-31,SMB,CZ,Referral,True
C004999,2022-05-13,SMB,MZ,Partner,True
C005000,2024-02-23,Mid-Market,PH,Paid Ads,True
C005001,2024-11-29,SMB,LT,Paid Ads,True
C005002,2022-01-28,SMB,UY,Partner,True
C005003,2024-06-04,Mid-Market,NA,Partner,True
C005004,2023-04-13,Mid-Market,ZA,Referral,True
C005005,2023-05-09,SMB,JM,Paid Ads,False
C005006,2023-09-21,Enterprise,CD,Organic,True
C005007,2024-08-21,SMB,GT,Organic,True
C005008,2022-03-25,SMB,BW,Paid Ads,False
C005009,2023-04-26,SMB,SL,Paid Ads,True
C005010,2022-08-23,SMB,MG,Referral,False
C005011,2024-07-31,SMB,VC,Paid Ads,True
C005012,2023-11-15,Enterprise,AE,Paid Ads,True
C005013,2022-05-04,Enterprise,MH,Referral,True
C005014,2022-09-07,Mid-Market,SE,Paid Ads,True
C005015,2023-08-31,SMB,JP,Partner,False
C005016,2023-03-01,SMB,KZ,Paid Ads,False
C005017,2024-09-22,SMB,AG,Referral,True
C005018,2024-03-25,Enterprise,IS,Referral,True
C005019,2023-06-17,Mid-Market,AT,Partner,True
C005020,2024-08-10,Mid-Market,SG,Paid Ads,True
C005021,2022-01-17,SMB,UZ,Referral,True
C005022,2023-12-11,SMB,NO,Organic,True
C005023,2024-02-11,Enterprise,ES,Referral,True
C005024,2024-04-20,SMB,CL,Organic,True
C005025,2024-08-08,Enterprise,CR,Organic,True
C005026,2024-01-11,Enterprise,BH,Referral,True
C005027,2023-10-04,SMB,DE,Organic,False
C005028,2023-07-08,SMB,CA,Paid Ads,True
C005029,2024-10-28,SMB,CI,Partner,False
C005030,2023-10-29,Mid-Market,SD,Partner,True
C005031,2024-12-14,SMB,DZ,Referral,True
C005032,2024-10-01,Enterprise,TG,Referral,True
C005033,2023-04-02,SMB,MX,Referral,True
C005034,2024-06-18,SMB,MY,Referral,False
C005035,2024-06-13,SMB,BT,Referral,True
C005036,2023-03-11,Mid-Market,TJ,Partner,True
C005037,2024-05-22,Enterprise,BR,Paid Ads,True
C005038,2023-11-14,SMB,ME,Paid Ads,True
C005039,2022-04-29,SMB,AD,Partner,True
C005040,2023-02-01,SMB,GE,Paid Ads,True
C005041,2023-05-19,SMB,KM,Partner,True
C005042,2023-04-15,SMB,SV,Partner,False
C005043,2024-03-23,SMB,OM,Paid Ads,True
C005044,2023-12-15,SMB,PS,Partner,True
C005045,2022-02-13,SMB,SA,Partner,True
C005046,2023-05-13,SMB,DZ,Organic,True
C005047,2024-03-20,SMB,IS,Organic,True
C005048,2023-10-28,Enterprise,SZ,Organic,True
C005049,2024-03-14,Enterprise,MR,Organic,True
C005050,2024-09-30,Mid-Market,AM,Referral,True
C005051,2024-10-08,Mid-Market,BH,Organic,True
C005052,2022-11-26,Mid-Market,SD,Partner,True
C005053,2023-02-20,Enterprise,CY,Paid Ads,True
C005054,2023-01-24,Mid-Market,VU,Partner,True
C005055,2022-12-13,Enterprise,GA,Organic,True
C005056,2022-04-10,Enterprise,CG,Partner,True
C005057,2022-10-04,SMB,EG,Organic,True
C005058,2024-08-30,SMB,KG,Partner,True
C005059,2022-12-14,SMB,PE,Referral,True
C005060,2024-08-21,SMB,US,Paid Ads,True
C005061,2022-07-20,SMB,IN,Organic,True
C005062,2024-11-08,SMB,LV,Referral,True
C005063,2023-06-18,Mid-Market,JP,Organic,True
C005064,2022-10-17,SMB,SA,Partner,True
C005065,2022-04-26,SMB,VE,Organic,False
C005066,2023-04-25,SMB,ER,Organic,True
C005067,2023-04-04,Mid-Market,BT,Paid Ads,True
C005068,2023-02-17,SMB,ET,Organic,True
C005069,2022-01-22,Mid-Market,CM,Referral,False
C005070,2024-06-23,SMB,SK,Paid Ads,True
C005071,2023-03-23,SMB,GA,Partner,True
C005072,2022-03-06,SMB,IR,Organic,True
C005073,2022-10-15,SMB,SM,Referral,False
C005074,2023-03-19,SMB,GW,Paid Ads,True
C005075,2023-06-06,SMB,BH,Organic,True
C005076,2023-02-15,Enterprise,DZ,Partner,True
C005077,2022-07-10,SMB,NO,Organic,False
C005078,2023-03-18,SMB,NE,Partner,True
C005079,2022-08-13,SMB,BR,Referral,True
C005080,2023-01-15,SMB,ES,Paid Ads,False
C005081,2024-11-25,SMB,AR,Paid Ads,False
C005082,2023-11-26,SMB,IS,Partner,True
C005083,2024-12-08,SMB,AM,Paid Ads,False
C005084,2024-09-06,SMB,MM,Referral,False
C005085,2022-12-16,SMB,LU,Organic,True
C005086,2024-04-16,Enterprise,HR,Paid Ads,True
C005087,2022-07-06,Mid-Market,AT,Organic,False
C005088,2024-04-17,SMB,MW,Paid Ads,True
C005089,2024-02-12,Mid-Market,TH,Organic,False
C005090,2022-02-10,SMB,MX,Partner,False
C005091,2024-06-15,SMB,RS,Paid Ads,False
C005092,2023-05-03,SMB,LV,Organic,True
C005093,2023-08-01,SMB,KZ,Partner,False
C005094,2023-05-01,SMB,DJ,Partner,False
C005095,2023-02-15,Enterprise,VE,Referral,True
C005096,2022-11-22,SMB,NR,Organic,True
C005097,2024-02-05,SMB,BT,Partner,True
C005098,2024-03-04,Enterprise,LB,Organic,True
C005099,2022-07-01,SMB,FM,Organic,False
C005100,2024-10-05,Mid-Market,SA,Referral,True
C005101,2024-01-12,SMB,FJ,Organic,True
C005102,2023-02-18,Enterprise,LA,Paid Ads,True
C005103,2022-12-21,SMB,SO,Referral,True
C005104,2022-12-23,Mid-Market,AZ,Organic,True
C005105,2024-08-30,Enterprise,KG,Partner,True
C005106,2023-08-13,Mid-Market,FR,Paid Ads,True
C005107,2023-01-24,Mid-Market,EG,Referral,False
C005108,2023-02-08,SMB,CV,Paid Ads,True
C005109,2023-07-07,Enterprise,GA,Referral,True
C005110,2022-08-01,SMB,GH,Partner,True
C005111,2022-04-04,SMB,GT,Paid Ads,True
C005112,2023-02-04,Mid-Market,MH,Paid Ads,True
C005113,2024-06-24,Mid-Market,ME,Partner,True
C005114,2024-05-24,SMB,JO,Referral,True
C005115,2023-02-17,Mid-Market,PA,Organic,True
C005116,2024-10-10,Enterprise,NP,Organic,True
C005117,2023-02-11,SMB,VA,Organic,True
C005118,2024-01-20,SMB,GR,Organic,True
C005119,2022-01-22,Mid-Market,VC,Paid Ads,True
C005120,2022-11-18,Mid-Market,MA,Partner,True
C005121,2024-03-17,Mid-Market,AL,Partner,True
C005122,2024-04-10,SMB,KG,Organic,False
C005123,2023-10-13,SMB,PS,Paid Ads,True
C005124,2022-04-21,Enterprise,TH,Partner,True
C005125,2023-02-15,Mid-Market,SK,Partner,True
C005126,2022-02-24,Mid-Market,BJ,Referral,True
C005127,2023-09-18,SMB,NL,Referral,False
C005128,2022-11-03,Enterprise,CG,Referral,True
C005129,2024-09-14,Mid-Market,BZ,Partner,True
C005130,2023-12-03,Mid-Market,IL,Referral,True
C005131,2024-09-15,Mid-Market,CL,Organic,True
C005132,2023-02-02,SMB,KN,Paid Ads,False
C005133,2022-12-27,SMB,LR,Partner,False
C005134,2022-02-10,SMB,FJ,Referral,True
C005135,2024-08-17,SMB,DO,Referral,True
C005136,2022-11-06,Enterprise,OM,Partner,True
C005137,2023-11-26,SMB,SD,Paid Ads,False
C005138,2023-01-16,SMB,VC,Partner,True
C005139,2023-12-31,Mid-Market,BN,Referral,True
C005140,2023-11-25,Enterprise,CZ,Partner,True
C005141,2023-11-01,SMB,SZ,Referral,False
C005142,2022-02-21,Enterprise,VC,Referral,True
C005143,2022-06-27,SMB,IL,Partner,True
C005144,2022-07-23,Enterprise,MK,Organic,True
C005145,2022-09-06,SMB,CL,Referral,True
C005146,2022-04-04,Mid-Market,TL,Paid Ads,True
C005147,2023-01-17,SMB,CH,Organic,True
C005148,2024-03-04,SMB,TD,Paid Ads,True
C005149,2022-01-01,Enterprise,TN,Paid Ads,True
C005150,2023-06-15,SMB,MZ,Organic,True
C005151,2022-02-20,Enterprise,US,Partner,True
C005152,2024-01-25,Mid-Market,NL,Partner,True
C005153,2022-07-21,SMB,KN,Partner,True
C005154,2022-05-21,Mid-Market,GR,Referral,True
C005155,2023-09-07,Mid-Market,SM,Paid Ads,True
C005156,2024-04-13,SMB,NL,Paid Ads,False
C005157,2024-07-23,SMB,LV,Organic,True
C005158,2023-03-19,Mid-Market,NG,Partner,True
C005159,2022-02-07,SMB,FJ,Partner,False
C005160,2024-10-15,SMB,EC,Organic,True
C005161,2024-05-30,Enterprise,GW,Paid Ads,False
C005162,2024-01-19,SMB,BA,Partner,True
C005163,2023-01-23,SMB,SO,Partner,True
C005164,2022-03-11,SMB,JP,Partner,False
C005165,2022-06-18,SMB,CO,Referral,True
C005166,2024-02-16,Enterprise,SV,Paid Ads,True
C005167,2023-10-22,Mid-Market,CD,Referral,False
C005168,2022-03-16,SMB,AD,Organic,False
C005169,2022-05-05,SMB,BW,Organic,True
C005170,2022-01-03,SMB,ET,Organic,True
C005171,2023-12-12,SMB,AO,Organic,True
C005172,2022-01-12,SMB,DZ,Partner,False
C005173,2023-08-31,SMB,UY,Referral,False
C005174,2024-03-21,SMB,US,Organic,True
C005175,2024-12-22,Enterprise,RW,Paid Ads,True
C005176,2024-09-20,Enterprise,AO,Organic,True
C005177,2024-12-07,SMB,CG,Referral,False
C005178,2023-01-25,SMB,BR,Referral,True
C005179,2024-10-14,SMB,PS,Paid Ads,True
C005180,2022-06-04,Enterprise,GM,Referral,True
C005181,2022-01-04,SMB,CF,Paid Ads,True
C005182,2024-08-31,SMB,NI,Organic,False
C005183,2023-07-26,Enterprise,ID,Partner,True
C005184,2023-02-15,Mid-Market,SN,Referral,True
C005185,2023-03-12,Mid-Market,TT,Organic,True
C005186,2023-07-17,Enterprise,GH,Paid Ads,True
C005187,2024-07-21,SMB,SB,Partner,True
C005188,2024-08-03,SMB,CA,Paid Ads,True
C005189,2022-07-13,Enterprise,TM,Organic,True
C005190,2023-01-05,Mid-Market,PT,Paid Ads,True
C005191,2023-09-26,Enterprise,TZ,Paid Ads,True
C005192,2023-09-13,Mid-Market,IT,Referral,True
C005193,2024-06-13,Mid-Market,LK,Organic,True
C005194,2024-03-28,SMB,MV,Organic,False
C005195,2023-05-18,SMB,IT,Paid Ads,True
C005196,2022-02-22,Mid-Market,UA,Organic,True
C005197,2022-10-31,Enterprise,BS,Paid Ads,False
C005198,2022-03-17,SMB,CU,Organic,True
C005199,2024-02-27,SMB,PK,Paid Ads,True
C005200,2024-10-22,Enterprise,SN,Paid Ads,True
C005201,2024-08-20,SMB,PG,Partner,True
C005202,2022-11-12,Enterprise,SN,Referral,True
C005203,2024-08-03,Mid-Market,ME,Organic,True
C005204,2023-02-22,SMB,KH,Partner,True
C005205,2022-04-22,Mid-Market,CM,Partner,True
C005206,2023-08-06,SMB,CO,Referral,True
C005207,2024-11-12,Mid-Market,LB,Paid Ads,True
C005208,2024-02-01,Enterprise,QA,Referral,True
C005209,2022-02-19,SMB,SO,Paid Ads,False
C005210,2024-10-19,SMB,MH,Referral,True
C005211,2022-04-13,Mid-Market,GM,Paid Ads,True
C005212,2022-01-19,SMB,HU,Organic,True
C005213,2023-04-17,Mid-Market,NL,Referral,True
C005214,2024-04-13,Mid-Market,MD,Partner,True
C005215,2022-10-23,SMB,VC,Referral,True
C005216,2022-03-18,Enterprise,IL,Referral,True
C005217,2023-08-27,Enterprise,VA,Partner,True
C005218,2022-09-29,SMB,BW,Partner,False
C005219,2023-09-29,SMB,AU,Partner,False
C005220,2022-08-06,SMB,PH,Referral,True
C005221,2022-07-03,SMB,WS,Organic,True
C005222,2024-02-19,SMB,US,Partner,False
C005223,2023-06-13,SMB,AZ,Partner,True
C005224,2022-08-29,SMB,CF,Partner,True
C005225,2022-11-14,Enterprise,SC,Paid Ads,False
C005226,2023-04-03,SMB,KH,Partner,True
C005227,2024-12-14,Mid-Market,ES,Partner,True
C005228,2023-09-25,Mid-Market,VU,Partner,True
C005229,2024-06-12,Mid-Market,VU,Referral,True
C005230,2022-06-22,SMB,KZ,Organic,True
C005231,2022-12-19,SMB,TO,Partner,True
C005232,2023-05-01,SMB,AD,Organic,True
C005233,2022-05-04,SMB,TG,Organic,True
C005234,2022-12-08,SMB,EC,Partner,True
C005235,2023-11-28,SMB,NR,Organic,False
C005236,2022-11-14,Enterprise,AM,Organic,True
C005237,2023-03-07,SMB,BE,Referral,True
C005238,2023-08-28,SMB,UG,Paid Ads,False
C005239,2023-01-18,SMB,BA,Partner,True
C005240,2023-07-15,SMB,MA,Referral,True
C005241,2023-03-25,SMB,MY,Paid Ads,True
C005242,2023-09-12,Enterprise,BE,Organic,True
C005243,2023-06-24,SMB,ET,Paid Ads,True
C005244,2024-08-07,Enterprise,VA,Paid Ads,True
C005245,2023-02-07,Mid-Market,GH,Paid Ads,True
C005246,2024-10-25,Mid-Market,SN,Organic,True
C005247,2022-09-12,Enterprise,AF,Paid Ads,True
C005248,2024-03-04,Mid-Market,TG,Referral,True
C005249,2023-10-01,SMB,CN,Referral,True
C005250,2023-07-18,Enterprise,TM,Partner,True
C005251,2024-08-02,Enterprise,NG,Referral,True
C005252,2024-05-16,SMB,GA,Referral,True
C005253,2023-12-08,Enterprise,SK,Organic,True
C005254,2023-05-09,SMB,AM,Referral,True
C005255,2024-06-03,Enterprise,PT,Paid Ads,True
C005256,2024-06-26,Mid-Market,VC,Paid Ads,False
C005257,2024-02-05,SMB,LI,Partner,True
C005258,2022-12-02,SMB,LU,Organic,True
C005259,2024-07-15,SMB,BY,Referral,True
C005260,2024-12-25,Mid-Market,ID,Referral,True
C005261,2024-06-18,SMB,KM,Paid Ads,True
C005262,2022-08-21,Mid-Market,AZ,Partner,True
C005263,2024-11-26,Mid-Market,NL,Referral,False
C005264,2024-09-14,Mid-Market,PE,Organic,True
C005265,2022-12-02,Enterprise,MN,Paid Ads,True
C005266,2022-02-20,SMB,BI,Partner,True
C005267,2024-10-21,SMB,MU,Referral,True
C005268,2024-04-28,SMB,TV,Partner,True
C005269,2022-01-29,SMB,FR,Organic,True
C005270,2022-04-19,Mid-Market,GH,Partner,True
C005271,2024-04-21,SMB,SB,Paid Ads,False
C005272,2022-12-04,SMB,CI,Partner,True
C005273,2024-07-09,SMB,SI,Organic,True
C005274,2023-04-29,Enterprise,AD,Partner,True
C005275,2022-09-18,SMB,MV,Partner,False
C005276,2023-05-06,SMB,KH,Partner,False
C005277,2023-01-23,SMB,ML,Partner,True
C005278,2024-03-09,SMB,TJ,Referral,True
C005279,2024-06-21,SMB,KE,Partner,True
C005280,2023-07-31,Mid-Market,BN,Organic,True
C005281,2024-10-22,Mid-Market,CV,Paid Ads,True
C005282,2023-04-01,SMB,ZW,Paid Ads,False
C005283,2023-05-25,SMB,CL,Referral,True
C005284,2023-06-28,SMB,KP,Partner,True
C005285,2024-10-22,SMB,DM,Organic,True
C005286,2023-09-05,SMB,GA,Paid Ads,True
C005287,2023-07-08,SMB,BD,Referral,False
C005288,2023-07-25,SMB,FI,Partner,False
C005289,2022-09-17,SMB,FR,Paid Ads,True
C005290,2022-03-29,SMB,LC,Partner,True
C005291,2024-01-10,SMB,TZ,Referral,False
C005292,2022-05-17,SMB,CL,Partner,False
C005293,2022-10-18,SMB,TT,Organic,False
C005294,2022-07-16,Mid-Market,NE,Referral,True
C005295,2023-08-02,SMB,ID,Partner,False
C005296,2023-10-24,Enterprise,MZ,Organic,True
C005297,2024-12-05,Mid-Market,NG,Partner,True
C005298,2022-08-22,SMB,DJ,Organic,True
C005299,2022-04-12,Enterprise,BI,Referral,False
C005300,2022-07-15,SMB,IQ,Partner,True
C005301,2023-01-10,SMB,KP,Paid Ads,False
C005302,2022-06-19,Enterprise,KG,Partner,True
C005303,2024-01-10,Mid-Market,GH,Partner,True
C005304,2022-09-28,SMB,SO,Paid Ads,True
C005305,2023-01-13,SMB,CU,Paid Ads,True
C005306,2023-12-12,SMB,BH,Partner,True
C005307,2023-11-02,Enterprise,AT,Paid Ads,True
C005308,2022-12-22,SMB,CH,Partner,True
C005309,2024-11-07,SMB,CL,Partner,True
C005310,2022-04-19,SMB,MW,Partner,True
C005311,2024-01-10,SMB,MW,Organic,True
C005312,2022-10-09,SMB,SG,Organic,True
C005313,2023-05-03,Mid-Market,MR,Organic,True
C005314,2022-09-14,SMB,MN,Organic,True
C005315,2022-09-16,SMB,KI,Referral,True
C005316,2024-02-13,SMB,AT,Referral,True
C005317,2022-02-24,Mid-Market,IE,Organic,True
C005318,2022-09-21,SMB,MC,Organic,False
C005319,2022-04-01,SMB,CR,Referral,True
C005320,2024-09-01,Enterprise,TM,Referral,True
C005321,2022-06-16,SMB,MG,Partner,True
C005322,2024-01-25,SMB,JM,Partner,True
C005323,2024-05-13,SMB,EE,Partner,True
C005324,2022-03-13,SMB,EE,Paid Ads,False
C005325,2022-05-05,SMB,EE,Referral,True
C005326,2024-08-11,SMB,LU,Paid Ads,False
C005327,2023-03-16,SMB,MN,Organic,False
C005328,2024-02-24,SMB,MC,Partner,True
C005329,2022-08-16,SMB,AD,Paid Ads,True
C005330,2023-01-31,SMB,GA,Referral,True
C005331,2022-10-10,SMB,LK,Paid Ads,True
C005332,2023-02-15,Enterprise,MH,Organic,True
C005333,2023-09-18,SMB,PT,Partner,True
C005334,2024-07-18,SMB,VE,Organic,True
C005335,2022-03-20,SMB,SD,Partner,True
C005336,2022-08-17,Enterprise,LT,Referral,True
C005337,2022-06-10,SMB,ZW,Referral,True
C005338,2024-08-29,SMB,CZ,Referral,True
C005339,2022-12-15,SMB,DM,Organic,False
C005340,2023-12-08,SMB,CA,Referral,True
C005341,2024-02-18,Mid-Market,PG,Partner,True
C005342,2024-08-18,SMB,BN,Organic,False
C005343,2024-11-13,Enterprise,LC,Partner,True
C005344,2022-04-02,SMB,CN,Paid Ads,True
C005345,2024-07-29,Mid-Market,GA,Referral,True
C005346,2024-07-01,SMB,MC,Referral,False
C005347,2024-06-07,SMB,AR,Partner,True
C005348,2024-10-01,Enterprise,MA,Organic,True
C005349,2024-10-06,SMB,PH,Paid Ads,True
C005350,2024-09-30,SMB,PY,Partner,True
C005351,2024-01-23,SMB,VC,Partner,True
C005352,2024-06-13,SMB,MG,Paid Ads,True
C005353,2022-03-04,SMB,NI,Partner,True
C005354,2023-09-16,SMB,LS,Partner,True
C005355,2023-10-04,Mid-Market,GT,Organic,True
C005356,2023-08-11,SMB,VN,Organic,False
C005357,2022-06-06,SMB,MA,Referral,True
C005358,2022-05-20,Enterprise,TH,Organic,True
C005359,2023-09-09,Mid-Market,BH,Partner,True
C005360,2022-04-12,SMB,LS,Partner,True
C005361,2022-10-20,Mid-Market,TV,Organic,True
C005362,2023-07-04,Mid-Market,UZ,Partner,True
C005363,2023-10-23,Mid-Market,NR,Referral,True
C005364,2022-12-17,SMB,SZ,Organic,True
C005365,2024-02-08,Enterprise,VU,Organic,True
C005366,2023-06-20,Mid-Market,LV,Referral,True
C005367,2024-06-01,Mid-Market,GQ,Referral,True
C005368,2024-08-17,SMB,NE,Referral,True
C005369,2022-08-23,Enterprise,NP,Paid Ads,True
C005370,2022-10-12,SMB,CV,Organic,True
C005371,2022-04-21,SMB,AZ,Paid Ads,True
C005372,2022-07-26,SMB,ES,Organic,True
C005373,2023-10-02,SMB,GB,Organic,True
C005374,2023-12-07,Enterprise,BO,Paid Ads,True
C005375,2024-12-26,Mid-Market,TV,Paid Ads,True
C005376,2024-12-05,Mid-Market,SO,Partner,True
C005377,2023-11-03,SMB,TD,Organic,True
C005378,2022-09-19,SMB,KG,Paid Ads,True
C005379,2022-01-01,Enterprise,LV,Paid Ads,True
C005380,2024-07-28,Enterprise,RW,Partner,True
C005381,2022-04-27,Enterprise,SC,Partner,True
C005382,2022-10-30,SMB,DK,Partner,True
C005383,2023-02-19,Mid-Market,LK,Paid Ads,False
C005384,2022-11-03,SMB,MH,Paid Ads,True
C005385,2022-02-07,Mid-Market,TO,Referral,True
C005386,2023-07-04,Mid-Market,NP,Referral,True
C005387,2022-09-10,Enterprise,MG,Referral,True
C005388,2023-10-02,SMB,LR,Paid Ads,True
C005389,2022-08-03,SMB,TZ,Paid Ads,True
C005390,2024-03-03,SMB,AR,Organic,False
C005391,2023-06-26,Enterprise,SI,Referral,True
C005392,2024-03-13,Mid-Market,VE,Paid Ads,True
C005393,2024-12-16,SMB,FJ,Organic,True
C005394,2022-10-15,Enterprise,MG,Referral,True
C005395,2024-09-07,Enterprise,HU,Organic,True
C005396,2023-02-12,SMB,CA,Partner,False
C005397,2023-08-30,SMB,CU,Paid Ads,True
C005398,2024-02-09,SMB,KW,Referral,True
C005399,2022-03-01,Mid-Market,VU,Paid Ads,True
C005400,2023-04-16,SMB,BB,Paid Ads,False
C005401,2022-02-07,SMB,KI,Referral,True
C005402,2024-01-24,Mid-Market,NG,Partner,True
C005403,2024-03-08,SMB,AR,Paid Ads,False
C005404,2022-07-15,SMB,SY,Organic,True
C005405,2023-04-02,SMB,TJ,Partner,True
C005406,2022-01-25,SMB,SK,Paid Ads,True
C005407,2023-06-16,SMB,TG,Partner,True
C005408,2022-02-10,SMB,CY,Paid Ads,True
C005409,2023-11-27,SMB,AM,Paid Ads,True
C005410,2024-04-30,SMB,QA,Paid Ads,True
C005411,2024-11-19,Mid-Market,MK,Paid Ads,True
C005412,2022-09-06,SMB,GQ,Organic,True
C005413,2022-12-16,SMB,TT,Referral,False
C005414,2024-01-16,SMB,SV,Referral,False
C005415,2022-01-16,Mid-Market,BI,Referral,True
C005416,2023-12-21,SMB,DO,Partner,True
C005417,2023-07-03,Mid-Market,SM,Referral,True
C005418,2022-02-25,SMB,BF,Organic,True
C005419,2022-02-23,SMB,MY,Referral,True
C005420,2023-02-19,SMB,PG,Referral,False
C005421,2024-03-12,SMB,ET,Organic,True
C005422,2023-05-18,SMB,LT,Partner,True
C005423,2023-01-30,SMB,ZW,Partner,True
C005424,2022-09-16,SMB,ID,Organic,True
C005425,2022-06-29,SMB,SE,Partner,True
C005426,2023-10-06,Mid-Market,NO,Referral,True
C005427,2022-04-17,SMB,HN,Partner,False
C005428,2023-05-25,SMB,ML,Referral,True
C005429,2022-12-22,Enterprise,ET,Partner,True
C005430,2023-12-21,SMB,BI,Organic,True
C005431,2024-02-13,SMB,PY,Organic,False
C005432,2024-08-31,SMB,YE,Referral,True
C005433,2022-06-08,SMB,PW,Partner,False
C005434,2023-01-04,SMB,CY,Paid Ads,True
C005435,2022-06-15,SMB,KP,Referral,True
C005436,2022-06-17,SMB,AF,Partner,False
C005437,2022-08-04,SMB,AZ,Organic,True
C005438,2024-12-05,SMB,DE,Paid Ads,False
C005439,2022-12-03,SMB,PE,Paid Ads,True
C005440,2024-04-27,Mid-Market,VU,Paid Ads,True
C005441,2022-10-14,SMB,CU,Partner,False
C005442,2023-06-10,SMB,NP,Paid Ads,False
C005443,2023-03-29,SMB,SI,Organic,True
C005444,2024-11-05,SMB,UG,Partner,False
C005445,2024-05-28,SMB,NI,Paid Ads,False
C005446,2022-12-15,SMB,VN,Partner,True
C005447,2023-05-01,SMB,KE,Partner,True
C005448,2022-09-17,Mid-Market,EG,Partner,True
C005449,2022-06-13,Mid-Market,AU,Organic,False
C005450,2024-12-30,Mid-Market,KE,Organic,True
C005451,2023-08-15,SMB,SM,Partner,False
C005452,2024-10-24,SMB,SO,Referral,False
C005453,2024-10-09,Mid-Market,DO,Paid Ads,True
C005454,2024-05-09,SMB,JM,Organic,True
C005455,2023-07-21,Enterprise,SN,Partner,True
C005456,2023-09-22,SMB,KG,Referral,True
C005457,2022-09-13,SMB,AU,Organic,True
C005458,2023-01-15,Enterprise,MN,Referral,True
C005459,2023-04-01,Enterprise,MH,Referral,True
C005460,2023-08-19,SMB,SE,Organic,True
C005461,2023-01-24,Mid-Market,MY,Paid Ads,True
C005462,2022-06-29,Enterprise,RU,Organic,False
C005463,2023-04-30,Mid-Market,DM,Referral,True
C005464,2024-03-18,Mid-Market,IS,Partner,True
C005465,2024-11-04,SMB,LV,Partner,True
C005466,2024-06-29,SMB,SD,Referral,True
C005467,2023-08-08,SMB,TJ,Referral,True
C005468,2023-04-24,SMB,BF,Paid Ads,True
C005469,2023-04-02,SMB,TH,Referral,True
C005470,2022-03-23,SMB,FI,Referral,True
C005471,2024-07-19,SMB,KG,Organic,True
C005472,2022-04-10,SMB,GT,Referral,False
C005473,2023-07-12,SMB,SE,Partner,True
C005474,2023-05-08,SMB,BZ,Partner,False
C005475,2022-08-30,Mid-Market,LR,Partner,True
C005476,2024-11-23,Mid-Market,UZ,Partner,True
C005477,2024-06-03,Mid-Market,BT,Paid Ads,True
C005478,2022-12-23,SMB,CV,Organic,True
C005479,2024-06-08,Mid-Market,ML,Referral,True
C005480,2024-07-25,SMB,LI,Organic,True
C005481,2022-01-14,Enterprise,LU,Partner,True
C005482,2022-12-28,SMB,GQ,Paid Ads,True
C005483,2023-01-21,SMB,FM,Paid Ads,True
C005484,2023-02-14,SMB,BD,Referral,True
C005485,2023-02-22,Mid-Market,GY,Organic,True
C005486,2022-01-08,SMB,MN,Paid Ads,False
C005487,2023-11-10,Mid-Market,CL,Partner,True
C005488,2023-07-30,Enterprise,TR,Referral,True
C005489,2023-09-28,SMB,CV,Referral,True
C005490,2023-08-04,SMB,AU,Organic,False
C005491,2023-10-31,SMB,BH,Organic,True
C005492,2024-04-11,SMB,TR,Referral,True
C005493,2023-09-07,SMB,MZ,Organic,True
C005494,2024-07-05,SMB,CZ,Partner,True
C005495,2022-12-21,SMB,LA,Partner,True
C005496,2022-09-28,SMB,RU,Partner,True
C005497,2024-06-05,Mid-Market,MU,Paid Ads,True
C005498,2024-08-15,SMB,NG,Paid Ads,True
C005499,2023-10-25,SMB,NE,Paid Ads,True
C005500,2023-12-12,Mid-Market,PW,Partner,True
C005501,2023-06-18,Mid-Market,HU,Paid Ads,False
C005502,2022-05-20,SMB,PL,Referral,False
C005503,2024-12-29,SMB,PH,Partner,True
C005504,2024-04-26,Mid-Market,MH,Paid Ads,True
C005505,2024-04-06,SMB,TO,Partner,False
C005506,2024-10-25,SMB,DO,Paid Ads,True
C005507,2023-12-24,SMB,LT,Organic,True
C005508,2022-06-28,Mid-Market,MY,Paid Ads,True
C005509,2022-07-28,Mid-Market,LC,Partner,True
C005510,2024-05-18,SMB,ER,Partner,False
C005511,2023-07-30,Mid-Market,CA,Organic,True
C005512,2022-01-07,SMB,AF,Referral,True
C005513,2024-01-02,Enterprise,ET,Partner,True
C005514,2022-07-28,Enterprise,BF,Paid Ads,True
C005515,2022-03-31,SMB,IR,Organic,True
C005516,2022-02-02,Enterprise,SL,Organic,True
C005517,2024-09-14,SMB,KI,Partner,True
C005518,2022-04-17,SMB,CH,Partner,False
C005519,2022-06-28,SMB,UG,Paid Ads,True
C005520,2024-10-14,Enterprise,SK,Partner,True
C005521,2024-02-18,SMB,IE,Organic,True
C005522,2024-12-15,SMB,KN,Organic,True
C005523,2023-12-30,Mid-Market,LV,Paid Ads,True
C005524,2022-04-11,SMB,MX,Referral,True
C005525,2024-03-19,SMB,CF,Partner,False
C005526,2024-06-28,SMB,AD,Organic,True
C005527,2023-03-22,SMB,NP,Paid Ads,False
C005528,2024-10-13,SMB,LU,Organic,True
C005529,2022-05-27,Mid-Market,TN,Partner,True
C005530,2024-09-01,SMB,MD,Paid Ads,True
C005531,2024-09-25,SMB,KZ,Referral,False
C005532,2023-04-20,Mid-Market,ES,Partner,True
C005533,2023-04-21,SMB,YE,Organic,True
C005534,2024-11-12,SMB,ZA,Partner,False
C005535,2023-10-16,Mid-Market,MK,Referral,False
C005536,2023-07-26,Enterprise,ZW,Partner,True
C005537,2024-10-20,SMB,BT,Organic,True
C005538,2022-08-26,SMB,BR,Referral,True
C005539,2023-09-29,Mid-Market,NZ,Paid Ads,True
C005540,2022-08-12,SMB,MA,Paid Ads,False
C005541,2024-02-13,SMB,MY,Organic,True
C005542,2024-11-26,SMB,AZ,Paid Ads,True
C005543,2024-01-31,SMB,FM,Organic,True
C005544,2023-07-05,Mid-Market,BO,Paid Ads,True
C005545,2024-05-20,Mid-Market,AU,Partner,False
C005546,2022-11-01,Enterprise,SC,Referral,True
C005547,2022-10-30,SMB,PY,Organic,False
C005548,2022-03-19,Mid-Market,IR,Referral,True
C005549,2023-12-24,Mid-Market,BN,Paid Ads,False
C005550,2023-02-11,SMB,IQ,Partner,True
C005551,2024-11-24,SMB,PH,Partner,True
C005552,2024-11-12,SMB,LR,Referral,True
C005553,2022-08-20,SMB,CL,Paid Ads,True
C005554,2023-08-20,Mid-Market,CO,Referral,True
C005555,2024-08-26,Mid-Market,UZ,Organic,True
C005556,2022-01-09,SMB,BZ,Referral,False
C005557,2023-08-23,SMB,KZ,Partner,True
C005558,2024-07-13,Mid-Market,UY,Organic,True
C005559,2023-01-14,SMB,BB,Organic,True
C005560,2023-07-29,SMB,BD,Referral,True
C005561,2023-07-10,SMB,HT,Organic,True
C005562,2024-04-15,SMB,BR,Organic,True
C005563,2023-03-29,Mid-Market,LY,Partner,True
C005564,2022-03-03,SMB,SY,Organic,True
C005565,2023-10-10,SMB,GE,Partner,False
C005566,2022-05-17,Enterprise,LS,Paid Ads,True
C005567,2022-04-08,SMB,US,Organic,True
C005568,2023-03-16,SMB,HU,Partner,True
C005569,2023-02-09,SMB,CO,Partner,True
C005570,2023-09-16,SMB,BD,Referral,True
C005571,2022-12-08,Mid-Market,VA,Organic,False
C005572,2023-05-30,SMB,PW,Paid Ads,True
C005573,2022-06-18,Mid-Market,ER,Organic,True
C005574,2024-04-27,SMB,VN,Organic,True
C005575,2022-11-03,SMB,BR,Organic,False
C005576,2024-03-26,SMB,GD,Partner,True
C005577,2022-04-07,SMB,LV,Referral,True
C005578,2023-10-22,Mid-Market,JO,Partner,True
C005579,2023-02-12,SMB,KW,Paid Ads,True
C005580,2023-09-08,Mid-Market,UY,Organic,False
C005581,2023-09-19,SMB,KM,Partner,True
C005582,2022-02-23,Enterprise,SV,Partner,True
C005583,2024-10-16,Enterprise,DO,Referral,True
C005584,2022-01-26,SMB,LV,Paid Ads,True
C005585,2024-01-30,SMB,ZA,Referral,False
C005586,2023-03-07,SMB,TL,Paid Ads,True
C005587,2022-08-18,SMB,TM,Referral,True
C005588,2022-06-03,Enterprise,CU,Partner,True
C005589,2022-05-31,SMB,MN,Organic,True
C005590,2023-02-20,Mid-Market,SZ,Partner,True
C005591,2023-08-01,Enterprise,NR,Organic,True
C005592,2023-01-20,SMB,ZW,Organic,False
C005593,2023-04-20,Mid-Market,BE,Organic,True
C005594,2022-08-29,SMB,LY,Partner,True
C005595,2023-12-08,SMB,KN,Partner,True
C005596,2024-07-15,SMB,MH,Partner,True
C005597,2022-12-26,SMB,CL,Partner,True
C005598,2022-06-28,SMB,IN,Referral,True
C005599,2022-04-07,SMB,BJ,Paid Ads,True
C005600,2022-10-01,SMB,CU,Organic,True
C005601,2023-08-01,Mid-Market,SN,Referral,True
C005602,2023-01-28,Mid-Market,TV,Paid Ads,False
C005603,2024-07-08,SMB,SE,Partner,True
C005604,2024-11-09,Enterprise,SZ,Partner,False
C005605,2022-09-29,SMB,VN,Paid Ads,True
C005606,2022-10-16,Mid-Market,CR,Referral,True
C005607,2022-11-06,Mid-Market,ZW,Paid Ads,True
C005608,2024-07-06,SMB,SC,Partner,True
C005609,2022-09-15,Enterprise,IL,Organic,True
C005610,2022-05-21,Mid-Market,TT,Referral,False
C005611,2023-08-12,SMB,SG,Partner,True
C005612,2023-02-05,Mid-Market,CO,Organic,True
C005613,2023-10-07,SMB,SI,Partner,False
C005614,2024-10-24,SMB,AO,Referral,True
C005615,2024-02-15,Enterprise,MN,Referral,True
C005616,2024-05-02,SMB,JM,Referral,True
C005617,2024-01-25,SMB,DJ,Referral,False
C005618,2023-09-26,SMB,BW,Organic,True
C005619,2022-11-05,SMB,AR,Paid Ads,False
C005620,2023-05-06,SMB,SN,Partner,False
C005621,2023-06-08,SMB,WS,Partner,True
C005622,2024-03-11,Enterprise,AL,Referral,True
C005623,2022-11-22,Enterprise,TN,Paid Ads,True
C005624,2023-08-21,Mid-Market,TJ,Organic,False
C005625,2024-12-12,Enterprise,GY,Referral,True
C005626,2022-02-17,SMB,CO,Paid Ads,True
C005627,2024-07-17,SMB,GR,Paid Ads,True
C005628,2023-09-07,Mid-Market,SZ,Partner,True
C005629,2024-03-09,Enterprise,MV,Partner,True
C005630,2022-11-01,Enterprise,EG,Paid Ads,True
C005631,2022-01-12,Mid-Market,ID,Organic,True
C005632,2024-06-06,Enterprise,PG,Paid Ads,True
C005633,2024-02-06,Mid-Market,KN,Paid Ads,True
C005634,2024-08-27,SMB,NI,Paid Ads,False
C005635,2024-02-05,SMB,MU,Partner,False
C005636,2022-04-14,Mid-Market,TZ,Paid Ads,True
C005637,2023-05-21,SMB,DE,Partner,True
C005638,2024-02-19,SMB,LV,Paid Ads,False
C005639,2024-07-14,SMB,BY,Organic,False
C005640,2022-12-12,Mid-Market,DJ,Paid Ads,True
C005641,2022-07-29,Mid-Market,TM,Organic,True
C005642,2024-05-26,SMB,ET,Organic,True
C005643,2023-02-24,SMB,KE,Referral,True
C005644,2024-09-28,Mid-Market,FM,Referral,True
C005645,2024-06-18,SMB,EE,Organic,True
C005646,2022-07-29,Mid-Market,MV,Paid Ads,False
C005647,2024-01-15,SMB,MX,Partner,True
C005648,2023-10-21,Mid-Market,SL,Organic,True
C005649,2022-06-06,SMB,US,Partner,True
C005650,2022-07-01,SMB,DZ,Partner,True
C005651,2023-05-30,Mid-Market,SE,Organic,True
C005652,2023-02-03,SMB,AL,Referral,False
C005653,2024-12-25,SMB,VN,Organic,True
C005654,2024-03-02,SMB,TJ,Organic,False
C005655,2023-01-03,SMB,GM,Organic,False
C005656,2024-05-07,SMB,RO,Referral,True
C005657,2022-10-05,SMB,SZ,Organic,True
C005658,2022-03-05,SMB,GE,Partner,True
C005659,2022-04-10,Mid-Market,IR,Referral,True
C005660,2023-03-22,Mid-Market,AM,Referral,True
C005661,2023-03-24,SMB,GR,Organic,False
C005662,2022-10-02,Enterprise,KZ,Organic,True
C005663,2022-05-21,Mid-Market,AO,Paid Ads,True
C005664,2022-12-14,Enterprise,BG,Organic,True
C005665,2023-06-15,SMB,VC,Paid Ads,True
C005666,2024-04-25,SMB,BZ,Partner,True
C005667,2022-03-17,SMB,TG,Referral,True
C005668,2024-06-20,Enterprise,SD,Referral,False
C005669,2022-02-03,SMB,AR,Organic,True
C005670,2024-02-19,SMB,HR,Partner,True
C005671,2024-12-23,Enterprise,AO,Partner,True
C005672,2022-06-27,Mid-Market,GT,Partner,True
C005673,2023-06-17,SMB,SB,Partner,True
C005674,2023-12-26,SMB,SG,Paid Ads,True
C005675,2022-06-01,SMB,ES,Organic,False
C005676,2024-10-20,SMB,TH,Referral,True
C005677,2022-07-01,SMB,ZM,Paid Ads,False
C005678,2022-12-22,Mid-Market,KI,Organic,True
C005679,2022-05-20,SMB,CM,Paid Ads,False
C005680,2024-04-08,Mid-Market,UA,Referral,True
C005681,2024-06-21,Mid-Market,CD,Organic,True
C005682,2022-05-24,Mid-Market,RO,Partner,True
C005683,2023-09-26,Mid-Market,MV,Organic,True
C005684,2023-10-10,SMB,GM,Organic,False
C005685,2023-10-06,SMB,LI,Paid Ads,True
C005686,2023-05-03,Enterprise,PY,Paid Ads,True
C005687,2022-02-17,SMB,CI,Referral,True
C005688,2022-07-07,SMB,SZ,Referral,False
C005689,2023-08-03,Mid-Market,MH,Referral,True
C005690,2022-04-02,SMB,BZ,Partner,False
C005691,2024-07-19,SMB,AU,Organic,False
C005692,2024-04-07,SMB,ZW,Paid Ads,True
C005693,2023-10-21,Mid-Market,IE,Paid Ads,True
C005694,2023-10-31,Enterprise,LT,Referral,True
C005695,2022-08-24,SMB,TJ,Paid Ads,True
C005696,2023-06-01,SMB,KP,Referral,True
C005697,2024-08-13,SMB,SV,Partner,True
C005698,2024-02-14,SMB,FJ,Paid Ads,True
C005699,2024-06-13,SMB,CL,Paid Ads,True
C005700,2022-06-10,SMB,MW,Paid Ads,True
C005701,2023-01-18,SMB,ES,Partner,True
C005702,2024-10-10,SMB,FI,Referral,True
C005703,2024-10-06,SMB,YE,Organic,True
C005704,2024-05-01,SMB,BI,Partner,True
C005705,2023-09-06,Enterprise,BJ,Paid Ads,True
C005706,2022-12-27,Mid-Market,CM,Partner,True
C005707,2023-12-14,Mid-Market,AE,Referral,False
C005708,2023-11-11,SMB,PY,Partner,True
C005709,2022-09-03,Enterprise,NA,Organic,True
C005710,2022-12-10,Mid-Market,HU,Organic,True
C005711,2023-10-18,SMB,JM,Referral,True
C005712,2023-03-17,SMB,LV,Partner,True
C005713,2022-10-26,SMB,MW,Organic,True
C005714,2024-01-24,SMB,CL,Referral,True
C005715,2022-10-25,SMB,PW,Organic,True
C005716,2024-10-23,Mid-Market,SY,Paid Ads,True
C005717,2023-05-25,Enterprise,SR,Referral,True
C005718,2023-06-08,SMB,NG,Organic,False
C005719,2022-01-28,Enterprise,ET,Partner,True
C005720,2024-07-10,SMB,RU,Referral,False
C005721,2023-09-05,SMB,KM,Partner,True
C005722,2024-04-21,Mid-Market,CZ,Paid Ads,True
C005723,2023-04-15,Enterprise,KR,Partner,True
C005724,2023-12-31,SMB,HT,Referral,False
C005725,2024-10-19,SMB,SZ,Paid Ads,True
C005726,2023-12-14,Mid-Market,AZ,Referral,True
C005727,2023-12-26,SMB,ET,Organic,False
C005728,2024-05-31,SMB,DZ,Partner,False
C005729,2023-10-30,SMB,US,Organic,True
C005730,2022-06-25,Enterprise,NZ,Referral,True
C005731,2024-11-13,SMB,TM,Referral,True
C005732,2024-06-12,SMB,MW,Referral,True
C005733,2022-01-23,Mid-Market,AG,Referral,True
C005734,2022-07-01,Enterprise,BI,Referral,True
C005735,2024-02-06,SMB,PT,Partner,True
C005736,2023-08-21,Mid-Market,TV,Partner,True
C005737,2024-12-28,Mid-Market,CH,Organic,True
C005738,2022-02-25,SMB,EG,Organic,False
C005739,2023-01-04,SMB,GE,Organic,True
C005740,2024-12-18,SMB,TH,Organic,True
C005741,2023-07-18,SMB,JP,Organic,True
C005742,2023-01-31,Mid-Market,SD,Organic,True
C005743,2022-02-10,SMB,NI,Partner,True
C005744,2023-08-08,SMB,NZ,Partner,False
C005745,2023-09-04,SMB,KM,Partner,True
C005746,2024-02-07,SMB,SC,Partner,True
C005747,2024-10-16,SMB,FI,Referral,True
C005748,2024-09-04,Enterprise,UY,Organic,True
C005749,2022-04-30,SMB,TL,Referral,True
C005750,2022-01-19,SMB,BG,Organic,False
C005751,2022-02-06,SMB,GA,Organic,True
C005752,2024-04-23,SMB,TN,Partner,False
C005753,2022-08-22,Mid-Market,SK,Organic,True
C005754,2024-03-16,SMB,EE,Referral,True
C005755,2024-03-31,Mid-Market,LU,Partner,True
C005756,2022-12-15,Enterprise,IT,Paid Ads,True
C005757,2023-02-11,SMB,EC,Referral,True
C005758,2024-12-24,SMB,MM,Partner,True
C005759,2024-04-21,Enterprise,ML,Partner,True
C005760,2022-11-09,Enterprise,SM,Paid Ads,True
C005761,2022-05-13,Mid-Market,SN,Partner,True
C005762,2023-01-02,Mid-Market,BB,Partner,True
C005763,2023-01-24,SMB,IE,Partner,False
C005764,2023-01-22,SMB,AO,Paid Ads,True
C005765,2022-08-31,Mid-Market,SE,Organic,True
C005766,2024-02-10,SMB,KZ,Partner,True
C005767,2024-06-17,Enterprise,FR,Paid Ads,False
C005768,2022-03-23,SMB,MT,Paid Ads,True
C005769,2023-07-29,SMB,TG,Partner,True
C005770,2022-09-20,Mid-Market,CU,Referral,True
C005771,2024-03-18,SMB,NL,Referral,True
C005772,2024-08-28,SMB,AL,Partner,True
C005773,2022-04-13,SMB,PW,Organic,True
C005774,2023-08-10,SMB,VU,Organic,False
C005775,2022-10-02,Mid-Market,SV,Referral,True
C005776,2024-08-10,Mid-Market,MW,Paid Ads,True
C005777,2024-01-30,Enterprise,EG,Organic,True
C005778,2023-08-31,Enterprise,CG,Organic,True
C005779,2024-06-16,Enterprise,CZ,Partner,True
C005780,2024-06-25,Mid-Market,KG,Referral,True
C005781,2024-10-05,SMB,BT,Partner,True
C005782,2023-05-20,SMB,SO,Organic,True
C005783,2024-01-10,SMB,SR,Organic,False
C005784,2024-02-10,SMB,EG,Paid Ads,False
C005785,2024-09-17,SMB,ES,Partner,True
C005786,2024-04-04,SMB,TO,Partner,True
C005787,2022-07-03,Mid-Market,BI,Paid Ads,True
C005788,2023-01-05,Enterprise,BS,Organic,True
C005789,2022-02-10,SMB,BB,Partner,False
C005790,2023-05-28,Enterprise,LC,Organic,True
C005791,2022-01-28,Mid-Market,LI,Partner,True
C005792,2024-07-06,SMB,GQ,Organic,True
C005793,2022-04-15,Mid-Market,TJ,Paid Ads,True
C005794,2023-04-21,SMB,UA,Paid Ads,True
C005795,2022-09-07,SMB,MM,Paid Ads,True
C005796,2023-11-22,SMB,CN,Partner,False
C005797,2023-05-21,Mid-Market,LT,Referral,True
C005798,2022-11-20,Mid-Market,ST,Partner,True
C005799,2023-08-11,Mid-Market,FM,Partner,True
C005800,2022-10-21,SMB,KE,Referral,True
C005801,2024-05-04,Mid-Market,SO,Paid Ads,False
C005802,2022-03-10,SMB,BF,Organic,True
C005803,2022-07-26,SMB,TR,Partner,True
C005804,2022-02-20,Enterprise,EC,Partner,True
C005805,2023-04-29,SMB,BE,Paid Ads,False
C005806,2023-06-11,Mid-Market,DE,Partner,True
C005807,2023-11-02,SMB,DE,Referral,True
C005808,2024-03-07,SMB,LV,Referral,True
C005809,2022-07-18,SMB,LT,Referral,True
C005810,2023-09-11,SMB,AZ,Organic,False
C005811,2024-04-08,SMB,TZ,Referral,True
C005812,2024-09-24,Mid-Market,KZ,Organic,True
C005813,2023-01-14,Enterprise,ME,Referral,True
C005814,2022-02-03,SMB,AO,Referral,False
C005815,2024-03-26,SMB,CO,Referral,False
C005816,2022-02-03,SMB,DM,Paid Ads,False
C005817,2022-05-13,Mid-Market,AO,Organic,True
C005818,2023-10-03,Enterprise,EC,Organic,True
C005819,2023-08-10,Enterprise,GE,Referral,True
C005820,2022-11-28,Mid-Market,GQ,Referral,True
C005821,2023-11-11,SMB,NL,Partner,True
C005822,2023-07-30,Enterprise,LS,Referral,True
C005823,2022-06-08,Enterprise,NG,Referral,True
C005824,2024-04-21,Mid-Market,TM,Paid Ads,True
C005825,2023-12-22,SMB,KE,Partner,True
C005826,2023-02-13,SMB,KP,Partner,True
C005827,2023-04-18,SMB,LK,Referral,False
C005828,2024-06-22,SMB,TT,Partner,True
C005829,2023-09-15,SMB,FM,Referral,True
C005830,2023-02-09,SMB,TZ,Partner,True
C005831,2022-06-24,SMB,PG,Paid Ads,True
C005832,2024-02-06,SMB,LI,Referral,True
C005833,2024-04-17,SMB,SC,Paid Ads,True
C005834,2022-08-31,SMB,NI,Referral,True
C005835,2022-07-09,SMB,MN,Partner,True
C005836,2024-10-03,Mid-Market,TN,Organic,True
C005837,2022-05-21,Mid-Market,BF,Organic,True
C005838,2022-11-20,SMB,PE,Referral,True
C005839,2024-01-14,Enterprise,GY,Organic,True
C005840,2023-10-14,SMB,GD,Paid Ads,True
C005841,2024-03-05,Enterprise,DE,Paid Ads,True
C005842,2022-10-30,SMB,IT,Partner,False
C005843,2022-04-19,SMB,ET,Paid Ads,False
C005844,2023-07-08,SMB,DE,Organic,True
C005845,2022-05-16,Mid-Market,BY,Partner,True
C005846,2023-11-23,Enterprise,KG,Organic,True
C005847,2022-03-01,SMB,SL,Paid Ads,True
C005848,2024-07-31,Mid-Market,LU,Partner,True
C005849,2024-01-30,Enterprise,AT,Paid Ads,True
C005850,2023-11-21,Enterprise,SG,Organic,True
C005851,2023-02-14,Mid-Market,NG,Organic,True
C005852,2024-04-10,SMB,AZ,Referral,True
C005853,2023-08-27,SMB,SE,Paid Ads,True
C005854,2023-04-08,SMB,CZ,Referral,True
C005855,2024-02-03,SMB,GM,Partner,True
C005856,2023-07-20,Mid-Market,KM,Paid Ads,False
C005857,2024-11-02,SMB,SM,Referral,False
C005858,2024-10-03,Enterprise,ST,Organic,False
C005859,2023-07-20,SMB,VE,Partner,True
C005860,2023-03-30,Mid-Market,IQ,Partner,True
C005861,2023-03-12,SMB,GR,Referral,True
C005862,2022-12-21,Mid-Market,US,Referral,False
C005863,2023-07-18,SMB,GW,Paid Ads,True
C005864,2024-10-12,Mid-Market,AD,Paid Ads,True
C005865,2022-09-24,SMB,LK,Organic,True
C005866,2022-11-02,SMB,SN,Organic,True
C005867,2022-01-26,Enterprise,NA,Organic,True
C005868,2022-05-25,Mid-Market,OM,Paid Ads,True
C005869,2022-06-02,Mid-Market,KR,Organic,True
C005870,2022-01-31,SMB,RO,Partner,False
C005871,2024-07-31,SMB,TD,Referral,False
C005872,2023-08-23,Enterprise,MT,Paid Ads,True
C005873,2023-02-24,SMB,CA,Referral,True
C005874,2023-05-11,SMB,GR,Paid Ads,True
C005875,2023-06-19,SMB,AF,Referral,True
C005876,2024-07-12,SMB,BI,Paid Ads,True
C005877,2022-09-22,SMB,GA,Partner,True
C005878,2022-08-13,SMB,SY,Partner,True
C005879,2023-05-27,Enterprise,SM,Partner,True
C005880,2022-10-01,SMB,MA,Paid Ads,False
C005881,2024-10-08,SMB,GR,Partner,True
C005882,2024-09-25,Enterprise,ML,Organic,True
C005883,2022-11-26,SMB,KP,Organic,True
C005884,2024-11-20,Enterprise,PT,Paid Ads,True
C005885,2023-06-17,SMB,VU,Referral,True
C005886,2024-09-22,SMB,MH,Referral,True
C005887,2024-06-21,Mid-Market,BZ,Referral,True
C005888,2022-02-26,SMB,KM,Paid Ads,True
C005889,2023-11-18,Mid-Market,TJ,Partner,True
C005890,2022-06-08,SMB,HN,Paid Ads,True
C005891,2023-01-17,SMB,GM,Organic,True
C005892,2022-02-18,SMB,AD,Organic,True
C005893,2023-03-14,SMB,EE,Partner,False
C005894,2023-12-27,Mid-Market,BI,Organic,True
C005895,2022-01-18,Mid-Market,IT,Referral,True
C005896,2023-08-09,SMB,HT,Organic,True
C005897,2023-06-23,Mid-Market,LB,Paid Ads,True
C005898,2022-05-12,Mid-Market,DZ,Partner,True
C005899,2022-04-08,Mid-Market,SI,Referral,True
C005900,2023-09-30,Enterprise,FJ,Paid Ads,True
C005901,2022-09-28,SMB,MY,Paid Ads,True
C005902,2023-04-18,Mid-Market,BW,Referral,False
C005903,2022-01-23,SMB,CO,Organic,True
C005904,2022-03-26,SMB,CO,Partner,False
C005905,2023-01-19,SMB,CF,Organic,True
C005906,2023-01-15,SMB,GH,Partner,True
C005907,2022-06-29,SMB,SB,Referral,True
C005908,2023-05-04,SMB,AU,Organic,False
C005909,2024-07-21,SMB,TL,Paid Ads,False
C005910,2022-11-05,Mid-Market,KZ,Organic,True
C005911,2022-08-12,SMB,PW,Referral,True
C005912,2023-09-17,SMB,BD,Partner,True
C005913,2024-03-13,Mid-Market,GM,Partner,True
C005914,2024-02-12,Mid-Market,AO,Organic,True
C005915,2024-07-15,Mid-Market,WS,Organic,False
C005916,2022-01-26,SMB,LT,Organic,True
C005917,2022-02-04,SMB,CL,Paid Ads,True
C005918,2023-03-15,Enterprise,OM,Referral,True
C005919,2022-01-04,SMB,TT,Partner,True
C005920,2023-04-11,Mid-Market,LB,Paid Ads,False
C005921,2023-01-25,SMB,CD,Organic,True
C005922,2022-05-11,SMB,RS,Organic,False
C005923,2022-06-26,SMB,BW,Partner,True
C005924,2022-04-11,SMB,JO,Paid Ads,False
C005925,2022-06-07,Enterprise,IS,Referral,True
C005926,2024-04-30,SMB,UA,Referral,True
C005927,2022-10-15,SMB,MH,Referral,True
C005928,2022-07-06,Mid-Market,FR,Referral,True
C005929,2022-11-11,Mid-Market,TR,Organic,True
C005930,2023-06-15,SMB,SG,Referral,False
C005931,2022-04-24,SMB,ME,Paid Ads,True
C005932,2024-08-06,Mid-Market,CM,Organic,True
C005933,2022-08-14,SMB,MX,Referral,True
C005934,2024-03-12,SMB,NR,Paid Ads,True
C005935,2024-11-18,Mid-Market,LS,Referral,True
C005936,2022-04-10,Mid-Market,ER,Referral,True
C005937,2022-10-10,SMB,MD,Partner,False
C005938,2023-01-18,Enterprise,ZA,Organic,True
C005939,2023-05-20,SMB,ID,Partner,True
C005940,2022-05-27,SMB,KI,Partner,True
C005941,2024-09-08,Enterprise,BF,Partner,True
C005942,2022-03-28,SMB,RW,Organic,False
C005943,2022-05-22,SMB,GQ,Organic,True
C005944,2024-08-29,Mid-Market,VN,Organic,True
C005945,2023-08-12,SMB,US,Paid Ads,True
C005946,2023-05-06,SMB,AR,Partner,True
C005947,2022-11-22,SMB,NI,Partner,False
C005948,2023-08-15,Mid-Market,DJ,Referral,True
C005949,2022-04-25,SMB,LT,Referral,True
C005950,2022-06-07,Mid-Market,LU,Partner,False
C005951,2023-06-01,SMB,ML,Referral,False
C005952,2024-04-16,Mid-Market,MW,Paid Ads,True
C005953,2022-03-31,SMB,PG,Organic,True
C005954,2024-07-21,SMB,JM,Partner,False
C005955,2022-05-28,SMB,VN,Referral,True
C005956,2023-05-29,SMB,MN,Referral,True
C005957,2024-10-13,Mid-Market,AT,Organic,True
C005958,2024-01-12,SMB,ST,Paid Ads,True
C005959,2024-10-23,SMB,CU,Paid Ads,True
C005960,2024-03-05,Mid-Market,NP,Partner,True
C005961,2022-10-25,SMB,KG,Partner,True
C005962,2022-08-13,SMB,VU,Paid Ads,True
C005963,2022-08-18,SMB,GT,Partner,True
C005964,2024-11-02,SMB,ID,Organic,True
C005965,2022-03-25,Enterprise,BF,Paid Ads,True
C005966,2023-03-10,SMB,KG,Organic,True
C005967,2024-06-27,SMB,PH,Partner,False
C005968,2022-12-21,SMB,JM,Referral,True
C005969,2023-04-05,Enterprise,SL,Partner,True
C005970,2024-12-03,Mid-Market,IL,Referral,True
C005971,2022-12-10,SMB,NZ,Paid Ads,False
C005972,2024-04-18,Enterprise,PG,Organic,True
C005973,2024-04-19,SMB,JP,Partner,True
C005974,2022-06-17,Mid-Market,LT,Partner,True
C005975,2024-09-24,SMB,GD,Paid Ads,True
C005976,2023-10-25,Enterprise,LV,Organic,False
C005977,2022-12-30,Mid-Market,CR,Organic,False
C005978,2024-01-14,Enterprise,TV,Organic,True
C005979,2023-04-01,SMB,BB,Organic,True
C005980,2024-04-03,Enterprise,JP,Paid Ads,True
C005981,2024-07-13,SMB,BG,Partner,False
C005982,2022-10-28,SMB,ET,Partner,True
C005983,2022-02-21,SMB,IN,Partner,False
C005984,2024-02-17,Mid-Market,KH,Paid Ads,False
C005985,2024-04-21,Enterprise,FI,Partner,False
C005986,2022-03-26,SMB,MV,Partner,True
C005987,2022-05-30,Mid-Market,UY,Partner,True
C005988,2022-04-26,SMB,SV,Paid Ads,True
C005989,2023-08-19,SMB,ML,Paid Ads,True
C005990,2023-10-13,SMB,NL,Paid Ads,False
C005991,2023-05-24,Enterprise,JP,Referral,True
C005992,2023-06-24,SMB,CI,Partner,True
C005993,2023-08-27,Mid-Market,GM,Paid Ads,True
C005994,2023-05-16,SMB,CD,Partner,False
C005995,2024-04-10,Enterprise,BN,Paid Ads,True
C005996,2024-06-25,Enterprise,AU,Partner,True
C005997,2022-09-26,Mid-Market,MK,Paid Ads,True
C005998,2022-10-17,SMB,SC,Referral,True
C005999,2024-11-12,SMB,GT,Organic,False
C006000,2023-10-04,SMB,TZ,Partner,True
C006001,2023-07-29,Mid-Market,TW,Partner,True
C006002,2022-01-11,Mid-Market,SN,Organic,True
C006003,2024-02-15,SMB,DJ,Organic,True
C006004,2023-10-11,SMB,LK,Referral,False
C006005,2023-11-15,SMB,BR,Paid Ads,True
C006006,2022-04-30,SMB,MM,Organic,True
C006007,2022-07-21,Mid-Market,AU,Referral,False
C006008,2022-09-28,SMB,NG,Organic,True
C006009,2024-12-17,Mid-Market,BJ,Organic,True
C006010,2022-05-02,Mid-Market,CU,Referral,True
C006011,2023-09-15,Mid-Market,CM,Paid Ads,True
C006012,2024-07-09,SMB,AL,Referral,True
C006013,2024-02-27,SMB,CM,Organic,True
C006014,2024-08-25,SMB,BA,Paid Ads,True
C006015,2024-02-04,Mid-Market,EE,Organic,True
C006016,2024-01-11,Mid-Market,QA,Referral,False
C006017,2022-12-21,Mid-Market,IT,Referral,True
C006018,2024-01-19,SMB,BD,Partner,True
C006019,2024-10-11,SMB,GA,Partner,False
C006020,2024-10-02,Enterprise,CZ,Referral,True
C006021,2024-05-30,Enterprise,NR,Organic,True
C006022,2024-07-07,SMB,GA,Referral,True
C006023,2024-08-05,SMB,NI,Organic,False
C006024,2022-03-04,Mid-Market,ID,Referral,False
C006025,2023-01-29,SMB,TW,Paid Ads,True
C006026,2024-08-15,SMB,NA,Paid Ads,True
C006027,2023-07-14,Mid-Market,SK,Partner,False
C006028,2023-05-12,Enterprise,OM,Referral,True
C006029,2022-07-16,Mid-Market,IR,Organic,False
C006030,2024-08-25,SMB,BZ,Partner,True
C006031,2022-05-07,SMB,AM,Organic,True
C006032,2023-06-01,Mid-Market,DJ,Paid Ads,True
C006033,2024-07-12,SMB,GH,Referral,False
C006034,2024-08-05,SMB,VE,Paid Ads,True
C006035,2024-05-11,SMB,BY,Referral,False
C006036,2024-03-17,Mid-Market,TR,Organic,True
C006037,2024-10-26,SMB,JP,Referral,True
C006038,2023-11-09,Mid-Market,NI,Referral,False
C006039,2023-02-15,SMB,KR,Referral,True
C006040,2024-11-08,SMB,LC,Referral,True
C006041,2023-05-15,SMB,SK,Organic,False
C006042,2022-06-22,SMB,VU,Paid Ads,True
C006043,2023-06-15,Enterprise,PA,Partner,True
C006044,2024-12-02,Mid-Market,GT,Partner,True
C006045,2024-10-14,SMB,LS,Referral,True
C006046,2024-01-16,SMB,ZW,Partner,False
C006047,2024-08-21,Mid-Market,PL,Partner,True
C006048,2022-02-23,Mid-Market,AO,Organic,True
C006049,2023-07-04,Mid-Market,PA,Organic,True
C006050,2023-08-24,SMB,EE,Organic,True
C006051,2023-01-08,Enterprise,CO,Referral,True
C006052,2023-10-10,SMB,CG,Organic,True
C006053,2024-05-28,SMB,AR,Referral,True
C006054,2024-10-03,SMB,VN,Referral,True
C006055,2022-02-01,Mid-Market,MN,Referral,True
C006056,2023-08-12,SMB,BY,Partner,True
C006057,2023-06-01,SMB,GM,Paid Ads,True
C006058,2024-04-22,Mid-Market,ER,Referral,True
C006059,2023-01-22,Mid-Market,SC,Referral,True
C006060,2022-11-07,SMB,PY,Paid Ads,True
C006061,2023-01-13,SMB,PT,Partner,True
C006062,2023-02-18,SMB,SI,Partner,True
C006063,2023-06-05,SMB,VN,Referral,True
C006064,2024-04-12,SMB,GE,Partner,False
C006065,2023-08-12,SMB,ET,Paid Ads,True
C006066,2023-12-30,Enterprise,SV,Partner,True
C006067,2024-01-07,Enterprise,MW,Referral,True
C006068,2024-01-29,SMB,LB,Organic,False
C006069,2022-08-27,SMB,PG,Organic,False
C006070,2023-03-06,SMB,UY,Paid Ads,True
C006071,2023-10-07,Mid-Market,FJ,Partner,True
C006072,2022-12-31,SMB,CV,Referral,False
C006073,2024-04-19,Enterprise,BT,Referral,True
C006074,2023-06-24,Mid-Market,KG,Organic,True
C006075,2022-08-25,SMB,SG,Organic,False
C006076,2022-08-13,SMB,CD,Partner,True
C006077,2023-03-21,SMB,PK,Organic,True
C006078,2022-09-20,Enterprise,CG,Paid Ads,True
C006079,2022-07-25,Mid-Market,CL,Organic,True
C006080,2022-07-02,SMB,NP,Paid Ads,True
C006081,2024-03-02,Mid-Market,TD,Partner,True
C006082,2023-07-15,Mid-Market,DE,Referral,True
C006083,2024-03-21,SMB,AL,Referral,True
C006084,2024-08-12,Mid-Market,BS,Paid Ads,True
C006085,2024-09-02,Mid-Market,BE,Partner,True
C006086,2022-10-21,Mid-Market,CN,Organic,True
C006087,2024-04-30,SMB,KI,Partner,False
C006088,2023-06-19,SMB,BW,Partner,True
C006089,2024-03-31,Mid-Market,GM,Partner,False
C006090,2024-11-22,Mid-Market,PK,Referral,True
C006091,2022-12-10,Mid-Market,BG,Referral,True
C006092,2022-03-14,SMB,MY,Organic,True
C006093,2022-12-25,SMB,CD,Partner,True
C006094,2024-09-07,Enterprise,CV,Partner,True
C006095,2024-09-22,SMB,SA,Organic,True
C006096,2023-09-09,SMB,ES,Referral,False
C006097,2024-07-05,SMB,SZ,Paid Ads,True
C006098,2024-04-14,SMB,ZW,Paid Ads,False
C006099,2022-01-06,SMB,RO,Paid Ads,True
C006100,2024-07-31,Enterprise,NR,Paid Ads,True
C006101,2024-05-08,Enterprise,BF,Paid Ads,True
C006102,2022-02-24,Mid-Market,AG,Paid Ads,True
C006103,2022-05-01,SMB,GB,Paid Ads,True
C006104,2024-08-03,SMB,PL,Partner,False
C006105,2024-02-13,SMB,MM,Organic,False
C006106,2023-05-28,Enterprise,BD,Referral,True
C006107,2024-08-04,SMB,TN,Partner,False
C006108,2024-08-10,SMB,TJ,Referral,False
C006109,2022-06-15,Enterprise,CZ,Paid Ads,True
C006110,2023-01-06,Enterprise,NR,Referral,True
C006111,2023-11-25,SMB,PA,Referral,True
C006112,2024-08-26,Enterprise,DK,Referral,True
C006113,2024-05-11,SMB,PE,Partner,True
C006114,2022-10-24,SMB,TD,Paid Ads,True
C006115,2024-03-09,Enterprise,GB,Paid Ads,True
C006116,2023-03-24,Mid-Market,SL,Organic,True
C006117,2022-05-05,Enterprise,PG,Paid Ads,True
C006118,2023-09-27,SMB,LU,Referral,True
C006119,2022-10-06,SMB,CL,Referral,True
C006120,2022-11-22,Enterprise,JO,Partner,False
C006121,2024-07-20,SMB,HR,Referral,False
C006122,2023-08-29,Enterprise,BZ,Organic,False
C006123,2024-11-21,Enterprise,AU,Partner,True
C006124,2023-08-05,Mid-Market,IE,Paid Ads,True
C006125,2024-07-10,Mid-Market,TN,Paid Ads,True
C006126,2022-01-13,SMB,SB,Organic,True
C006127,2022-08-18,SMB,PK,Partner,True
C006128,2022-08-20,SMB,LV,Partner,False
C006129,2023-02-12,SMB,BR,Paid Ads,True
C006130,2024-06-29,Enterprise,BO,Partner,True
C006131,2024-01-19,Mid-Market,BR,Paid Ads,True
C006132,2023-03-06,Mid-Market,KZ,Paid Ads,True
C006133,2024-03-02,Mid-Market,GR,Organic,False
C006134,2022-07-15,Enterprise,AR,Partner,False
C006135,2024-03-14,Mid-Market,TZ,Referral,False
C006136,2022-04-25,SMB,ER,Referral,True
C006137,2023-01-30,SMB,RS,Referral,True
C006138,2023-01-25,SMB,RS,Partner,True
C006139,2024-12-21,SMB,ES,Partner,True
C006140,2024-03-03,SMB,SK,Paid Ads,True
C006141,2023-08-05,SMB,KM,Organic,True
C006142,2022-12-14,SMB,DZ,Partner,False
C006143,2023-01-17,SMB,BD,Organic,True
C006144,2024-05-07,Mid-Market,GY,Paid Ads,True
C006145,2022-12-11,SMB,MC,Paid Ads,False
C006146,2024-05-30,SMB,BT,Paid Ads,True
C006147,2022-08-05,SMB,JP,Referral,True
C006148,2023-04-10,Mid-Market,VE,Paid Ads,True
C006149,2023-12-14,SMB,SK,Paid Ads,True
C006150,2024-08-01,Enterprise,KW,Partner,True
C006151,2023-04-23,SMB,MV,Paid Ads,True
C006152,2024-05-29,Mid-Market,ME,Partner,False
C006153,2024-09-03,Mid-Market,HN,Referral,False
C006154,2023-11-30,SMB,BR,Paid Ads,False
C006155,2024-11-27,Enterprise,ER,Paid Ads,False
C006156,2023-12-13,SMB,MX,Referral,True
C006157,2024-12-30,Enterprise,PA,Organic,True
C006158,2022-03-11,SMB,HT,Referral,False
C006159,2022-03-02,SMB,US,Paid Ads,True
C006160,2023-04-17,SMB,KR,Partner,False
C006161,2023-11-28,SMB,SL,Paid Ads,True
C006162,2024-06-29,Enterprise,TV,Paid Ads,True
C006163,2022-02-10,Enterprise,CD,Organic,True
C006164,2023-11-18,Enterprise,TG,Partner,True
C006165,2023-10-09,Mid-Market,LK,Organic,True
C006166,2022-03-17,Enterprise,BO,Partner,True
C006167,2022-09-01,SMB,TG,Referral,True
C006168,2023-05-11,SMB,MZ,Organic,False
C006169,2024-10-07,Enterprise,PG,Partner,True
C006170,2022-10-21,Mid-Market,TT,Organic,False
C006171,2022-01-28,SMB,GE,Organic,True
C006172,2024-05-20,SMB,US,Paid Ads,False
C006173,2022-06-18,SMB,KP,Partner,True
C006174,2024-12-04,SMB,IR,Referral,True
C006175,2022-11-23,Mid-Market,BR,Partner,True
C006176,2023-04-14,SMB,QA,Paid Ads,True
C006177,2022-08-15,Mid-Market,CA,Partner,True
C006178,2024-02-29,SMB,GA,Partner,False
C006179,2022-10-12,SMB,KH,Referral,True
C006180,2022-03-09,SMB,NR,Paid Ads,True
C006181,2022-05-03,SMB,IS,Partner,False
C006182,2023-09-26,SMB,MZ,Organic,False
C006183,2022-08-26,SMB,ZA,Organic,True
C006184,2022-06-11,Enterprise,MM,Partner,False
C006185,2023-07-16,SMB,RO,Organic,True
C006186,2023-05-06,SMB,EG,Organic,True
C006187,2023-07-13,SMB,GM,Paid Ads,True
C006188,2023-08-13,SMB,MU,Referral,False
C006189,2024-05-26,Enterprise,DM,Partner,True
C006190,2024-07-28,SMB,QA,Paid Ads,True
C006191,2024-03-14,SMB,KE,Paid Ads,True
C006192,2023-10-12,SMB,TZ,Paid Ads,True
C006193,2022-02-16,Mid-Market,NG,Referral,True
C006194,2023-07-12,SMB,JM,Paid Ads,True
C006195,2022-11-03,SMB,UZ,Organic,False
C006196,2023-04-06,SMB,AU,Referral,False
C006197,2022-07-30,SMB,UY,Paid Ads,True
C006198,2024-11-21,Mid-Market,MW,Referral,True
C006199,2024-12-20,Mid-Market,VC,Organic,False
C006200,2023-08-18,SMB,MX,Paid Ads,True
C006201,2023-11-10,Enterprise,NL,Organic,True
C006202,2022-09-18,Enterprise,CO,Organic,True
C006203,2022-08-13,Enterprise,TZ,Organic,True
C006204,2022-08-23,SMB,LV,Paid Ads,False
C006205,2022-09-11,SMB,BF,Referral,True
C006206,2024-10-14,Enterprise,PE,Paid Ads,True
C006207,2023-03-27,SMB,HR,Referral,True
C006208,2022-12-03,SMB,IL,Partner,True
C006209,2024-03-23,SMB,TV,Partner,False
C006210,2023-07-17,SMB,SY,Referral,True
C006211,2024-12-26,Mid-Market,SG,Organic,False
C006212,2023-03-23,SMB,CA,Referral,True
C006213,2022-12-01,SMB,ID,Organic,True
C006214,2022-03-30,SMB,TM,Paid Ads,True
C006215,2022-11-10,SMB,MW,Paid Ads,True
C006216,2024-06-06,Mid-Market,US,Referral,True
C006217,2023-10-23,Mid-Market,AE,Organic,True
C006218,2023-05-07,SMB,ZW,Referral,True
C006219,2024-11-24,Enterprise,KH,Referral,True
C006220,2024-02-21,SMB,MM,Paid Ads,True
C006221,2022-12-20,SMB,ID,Partner,True
C006222,2023-05-14,Mid-Market,SI,Paid Ads,True
C006223,2022-12-12,Enterprise,SG,Paid Ads,True
C006224,2022-10-21,SMB,PW,Paid Ads,False
C006225,2022-04-24,SMB,MG,Partner,True
C006226,2023-03-11,Enterprise,MY,Partner,True
C006227,2024-11-10,SMB,DM,Partner,True
C006228,2022-11-02,SMB,SK,Referral,True
C006229,2022-03-02,Mid-Market,GD,Organic,True
C006230,2024-08-24,SMB,GN,Partner,True
C006231,2022-08-30,SMB,KH,Referral,True
C006232,2023-09-05,SMB,KG,Organic,True
C006233,2022-10-17,SMB,HR,Organic,False
C006234,2023-03-01,Mid-Market,SO,Referral,True
C006235,2022-09-25,Enterprise,LB,Partner,True
C006236,2024-07-23,Enterprise,SK,Referral,True
C006237,2024-05-27,SMB,SM,Paid Ads,True
C006238,2023-01-02,SMB,UA,Organic,True
C006239,2022-02-06,SMB,SZ,Partner,True
C006240,2024-02-17,SMB,KI,Referral,True
C006241,2022-02-16,Enterprise,PE,Referral,True
C006242,2023-02-01,Mid-Market,AT,Organic,True
C006243,2022-01-10,SMB,HT,Partner,True
C006244,2024-03-19,SMB,GH,Partner,True
C006245,2024-05-18,SMB,KH,Partner,True
C006246,2022-03-28,SMB,GR,Partner,False
C006247,2023-12-20,SMB,IQ,Organic,True
C006248,2022-02-11,SMB,IR,Partner,True
C006249,2023-01-06,SMB,UY,Referral,False
C006250,2024-05-23,SMB,CY,Referral,True
C006251,2022-09-16,SMB,ID,Organic,False
C006252,2024-07-12,Enterprise,TJ,Partner,True
C006253,2024-12-03,SMB,MX,Organic,False
C006254,2023-09-25,SMB,PH,Referral,True
C006255,2022-06-10,SMB,TG,Partner,True
C006256,2024-12-28,SMB,NI,Partner,True
C006257,2022-01-08,SMB,TH,Referral,True
C006258,2024-07-03,SMB,EC,Referral,True
C006259,2022-11-30,Mid-Market,LC,Partner,True
C006260,2024-07-04,SMB,SN,Partner,False
C006261,2022-01-21,SMB,GN,Referral,True
C006262,2024-10-26,SMB,UZ,Referral,False
C006263,2022-06-11,SMB,VU,Referral,True
C006264,2024-11-13,Mid-Market,BB,Referral,True
C006265,2022-09-23,SMB,KW,Organic,True
C006266,2024-11-06,SMB,FR,Referral,True
C006267,2023-07-25,Mid-Market,PW,Partner,False
C006268,2023-04-28,SMB,SO,Paid Ads,True
C006269,2023-08-08,Mid-Market,IT,Paid Ads,True
C006270,2023-11-24,SMB,SV,Paid Ads,True
C006271,2022-02-17,Enterprise,KM,Paid Ads,True
C006272,2023-04-30,SMB,PW,Paid Ads,False
C006273,2024-10-27,SMB,NZ,Organic,True
C006274,2022-08-27,SMB,BZ,Referral,True
C006275,2023-09-16,Enterprise,AT,Organic,True
C006276,2022-11-20,Mid-Market,CY,Organic,True
C006277,2023-05-04,Mid-Market,IS,Organic,True
C006278,2023-08-20,SMB,MR,Partner,True
C006279,2023-01-27,SMB,RS,Referral,False
C006280,2023-10-15,SMB,EE,Paid Ads,True
C006281,2024-03-07,Mid-Market,CF,Referral,True
C006282,2024-07-16,Enterprise,CO,Referral,True
C006283,2024-06-07,SMB,FJ,Paid Ads,True
C006284,2023-08-19,SMB,DO,Partner,False
C006285,2022-05-11,SMB,NP,Partner,True
C006286,2024-03-07,Mid-Market,MK,Organic,True
C006287,2024-10-26,Mid-Market,MN,Referral,True
C006288,2022-02-22,Enterprise,NG,Referral,True
C006289,2022-01-05,Enterprise,IL,Paid Ads,True
C006290,2022-04-18,Mid-Market,IT,Referral,False
C006291,2024-12-25,Enterprise,IL,Partner,True
C006292,2023-03-27,SMB,CU,Referral,True
C006293,2024-06-16,Mid-Market,AD,Organic,True
C006294,2023-07-10,Enterprise,TL,Referral,True
C006295,2024-05-31,SMB,IS,Paid Ads,True
C006296,2022-11-12,Enterprise,PA,Organic,True
C006297,2022-11-15,Enterprise,CA,Paid Ads,True
C006298,2024-03-07,Enterprise,TD,Paid Ads,True
C006299,2022-02-06,SMB,CG,Organic,True
C006300,2024-06-06,Mid-Market,ZA,Referral,True
C006301,2023-04-17,SMB,LB,Referral,True
C006302,2022-06-05,Enterprise,GM,Organic,True
C006303,2023-12-02,SMB,GE,Paid Ads,True
C006304,2023-02-09,SMB,PY,Partner,True
C006305,2023-12-04,SMB,VN,Partner,True
C006306,2023-02-09,Enterprise,BB,Organic,True
C006307,2023-12-24,Enterprise,ST,Referral,True
C006308,2022-10-23,SMB,CR,Paid Ads,True
C006309,2023-06-22,SMB,TM,Referral,True
C006310,2024-08-11,SMB,LI,Referral,True
C006311,2023-09-30,Mid-Market,SM,Organic,True
C006312,2022-05-31,SMB,RU,Partner,True
C006313,2023-05-04,SMB,MV,Organic,True
C006314,2023-07-07,Mid-Market,NR,Partner,True
C006315,2023-11-15,Mid-Market,SD,Organic,True
C006316,2022-04-09,SMB,IQ,Referral,True
C006317,2023-09-23,Enterprise,AL,Paid Ads,True
C006318,2022-04-02,Mid-Market,PS,Paid Ads,True
C006319,2022-01-25,SMB,PA,Referral,False
C006320,2023-04-08,Enterprise,TH,Partner,True
C006321,2022-03-30,SMB,BF,Organic,True
C006322,2024-08-24,Mid-Market,NI,Organic,True
C006323,2022-04-21,SMB,MR,Partner,True
C006324,2023-03-22,SMB,VE,Organic,False
C006325,2022-09-08,SMB,JM,Organic,False
C006326,2022-07-30,Mid-Market,NE,Referral,True
C006327,2024-12-27,SMB,RW,Organic,True
C006328,2024-08-29,SMB,NZ,Partner,True
C006329,2022-02-21,Enterprise,LA,Paid Ads,False
C006330,2024-01-01,Mid-Market,AZ,Organic,False
C006331,2022-01-14,Enterprise,KP,Paid Ads,True
C006332,2024-08-02,SMB,MV,Referral,True
C006333,2023-07-01,Mid-Market,CV,Paid Ads,True
C006334,2023-05-11,SMB,UA,Referral,False
C006335,2023-09-05,SMB,LA,Referral,True
C006336,2022-12-10,SMB,BD,Referral,False
C006337,2023-04-27,Mid-Market,RW,Paid Ads,True
C006338,2023-02-27,SMB,KN,Paid Ads,True
C006339,2023-08-14,Mid-Market,ME,Organic,True
C006340,2023-03-07,Enterprise,CD,Paid Ads,True
C006341,2022-02-09,SMB,AD,Partner,True
C006342,2024-11-16,Mid-Market,KP,Organic,True
C006343,2022-08-25,Mid-Market,VN,Paid Ads,True
C006344,2023-12-27,Mid-Market,KR,Paid Ads,True
C006345,2022-12-10,Mid-Market,JP,Referral,False
C006346,2022-09-26,Enterprise,TH,Paid Ads,True
C006347,2022-08-25,SMB,LK,Paid Ads,True
C006348,2023-04-25,SMB,KR,Referral,True
C006349,2024-10-19,SMB,DO,Paid Ads,True
C006350,2022-08-07,SMB,CO,Referral,False
C006351,2022-05-30,SMB,CU,Referral,True
C006352,2024-01-10,Mid-Market,MW,Partner,False
C006353,2022-07-01,Mid-Market,KH,Referral,True
C006354,2024-01-02,SMB,TW,Paid Ads,True
C006355,2023-11-17,SMB,SB,Paid Ads,True
C006356,2023-12-10,SMB,CH,Referral,True
C006357,2023-01-04,SMB,LY,Referral,True
C006358,2023-10-28,Mid-Market,GN,Paid Ads,True
C006359,2022-03-09,SMB,RO,Organic,True
C006360,2023-04-27,Mid-Market,JM,Referral,False
C006361,2022-04-26,SMB,UZ,Organic,True
C006362,2024-01-26,Mid-Market,PG,Organic,True
C006363,2023-04-24,SMB,YE,Organic,True
C006364,2022-11-21,Mid-Market,TZ,Referral,True
C006365,2023-06-07,SMB,BG,Organic,True
C006366,2023-09-28,SMB,CF,Referral,True
C006367,2022-07-30,SMB,CU,Paid Ads,False
C006368,2022-06-04,SMB,MR,Paid Ads,True
C006369,2024-12-28,Mid-Market,MC,Partner,True
C006370,2024-04-04,SMB,ME,Partner,True
C006371,2023-01-20,SMB,BR,Paid Ads,True
C006372,2022-07-06,SMB,IN,Organic,True
C006373,2024-04-14,Mid-Market,NA,Paid Ads,True
C006374,2022-04-03,SMB,MK,Organic,False
C006375,2022-04-15,SMB,BW,Partner,False
C006376,2022-01-27,SMB,NA,Organic,True
C006377,2022-07-24,Mid-Market,FR,Organic,True
C006378,2023-02-03,SMB,BA,Referral,True
C006379,2023-08-07,SMB,DE,Referral,True
C006380,2024-03-01,SMB,SR,Organic,True
C006381,2024-02-21,SMB,PT,Partner,True
C006382,2023-01-02,SMB,MT,Partner,False
C006383,2023-07-01,SMB,NZ,Partner,False
C006384,2023-08-10,SMB,MU,Referral,True
C006385,2024-05-19,Mid-Market,DK,Partner,True
C006386,2023-11-28,SMB,BZ,Paid Ads,True
C006387,2023-05-28,Enterprise,KG,Organic,True
C006388,2022-06-06,SMB,LB,Referral,True
C006389,2022-05-31,SMB,KE,Paid Ads,True
C006390,2023-06-19,SMB,JM,Referral,False
C006391,2024-11-06,SMB,CZ,Referral,True
C006392,2024-06-16,SMB,LT,Paid Ads,True
C006393,2024-11-05,SMB,VA,Referral,True
C006394,2024-05-01,SMB,EC,Referral,True
C006395,2022-03-01,SMB,DE,Partner,True
C006396,2023-04-17,SMB,CN,Organic,True
C006397,2023-08-14,SMB,PA,Partner,True
C006398,2022-02-16,Mid-Market,US,Partner,True
C006399,2024-03-21,SMB,RW,Referral,True
C006400,2023-09-16,SMB,MT,Paid Ads,True
C006401,2023-05-10,SMB,MG,Paid Ads,True
C006402,2024-06-17,SMB,KP,Organic,False
C006403,2024-12-17,Mid-Market,BT,Organic,True
C006404,2022-05-30,SMB,AE,Partner,False
C006405,2024-03-31,Mid-Market,SZ,Partner,True
C006406,2022-09-15,SMB,KR,Organic,True
C006407,2024-10-26,Mid-Market,ZM,Organic,True
C006408,2022-02-10,Mid-Market,PG,Partner,True
C006409,2023-11-18,Mid-Market,CH,Referral,True
C006410,2022-06-02,SMB,AO,Organic,False
C006411,2024-07-15,Mid-Market,NP,Referral,True
C006412,2024-12-12,SMB,FM,Partner,True
C006413,2024-10-15,SMB,MK,Partner,True
C006414,2023-12-18,SMB,QA,Referral,False
C006415,2024-05-06,SMB,BR,Organic,True
C006416,2023-09-18,Mid-Market,ES,Organic,True
C006417,2023-05-17,Mid-Market,CZ,Partner,True
C006418,2024-11-17,Mid-Market,YE,Organic,True
C006419,2022-09-26,SMB,CF,Organic,True
C006420,2024-10-25,Mid-Market,SN,Referral,True
C006421,2022-11-29,Enterprise,BW,Referral,True
C006422,2023-07-26,Mid-Market,BZ,Referral,False
C006423,2023-03-20,Mid-Market,MD,Referral,True
C006424,2024-06-15,SMB,DJ,Partner,True
C006425,2023-11-02,Enterprise,VC,Organic,True
C006426,2023-08-12,SMB,AE,Paid Ads,True
C006427,2024-12-23,SMB,SM,Referral,True
C006428,2022-05-02,Mid-Market,UY,Paid Ads,True
C006429,2023-12-04,SMB,CR,Partner,True
C006430,2022-01-20,Mid-Market,HR,Organic,True
C006431,2022-05-03,SMB,HN,Partner,True
C006432,2023-12-23,Mid-Market,SY,Organic,True
C006433,2023-12-30,Mid-Market,FM,Organic,True
C006434,2024-03-15,Mid-Market,LK,Paid Ads,True
C006435,2022-07-04,SMB,CM,Referral,True
C006436,2023-11-26,Mid-Market,RS,Organic,True
C006437,2024-09-28,SMB,MV,Partner,False
C006438,2022-07-06,SMB,EG,Organic,False
C006439,2022-06-21,Enterprise,BI,Partner,True
C006440,2024-09-05,Enterprise,PG,Referral,True
C006441,2022-12-22,Mid-Market,FR,Referral,False
C006442,2023-03-11,Enterprise,ID,Paid Ads,True
C006443,2022-05-27,SMB,UG,Paid Ads,False
C006444,2022-05-10,Mid-Market,DE,Referral,True
C006445,2024-02-23,SMB,ME,Organic,True
C006446,2022-01-10,SMB,PS,Partner,True
C006447,2024-09-23,SMB,IL,Paid Ads,True
C006448,2022-10-08,SMB,RS,Referral,False
C006449,2024-08-28,SMB,AD,Paid Ads,True
C006450,2022-06-05,SMB,RS,Partner,True
C006451,2022-08-08,SMB,SR,Partner,True
C006452,2024-06-11,Mid-Market,NL,Referral,True
C006453,2023-08-03,SMB,KM,Partner,True
C006454,2024-04-10,SMB,PK,Partner,True
C006455,2022-12-11,Mid-Market,VN,Paid Ads,True
C006456,2022-03-26,Enterprise,LY,Partner,True
C006457,2024-01-02,SMB,AG,Partner,True
C006458,2022-06-11,SMB,CA,Referral,False
C006459,2023-09-22,SMB,BD,Paid Ads,True
C006460,2023-07-29,SMB,MH,Organic,True
C006461,2022-08-30,SMB,TZ,Organic,True
C006462,2024-03-13,SMB,MA,Partner,True
C006463,2023-10-25,SMB,AG,Partner,True
C006464,2023-07-09,Mid-Market,AT,Partner,True
C006465,2024-11-11,SMB,LI,Paid Ads,False
C006466,2023-10-26,Mid-Market,LB,Organic,True
C006467,2024-04-08,SMB,MK,Paid Ads,False
C006468,2022-10-11,Enterprise,MK,Paid Ads,True
C006469,2022-06-20,Mid-Market,VC,Referral,True
C006470,2024-04-02,SMB,FJ,Paid Ads,True
C006471,2024-02-02,SMB,NO,Paid Ads,True
C006472,2024-12-29,SMB,IN,Referral,True
C006473,2023-12-17,SMB,TN,Organic,True
C006474,2022-11-23,Enterprise,BD,Organic,True
C006475,2023-01-05,SMB,ES,Organic,True
C006476,2023-08-07,Mid-Market,TW,Partner,True
C006477,2022-12-24,SMB,IQ,Paid Ads,False
C006478,2022-02-27,SMB,HT,Partner,True
C006479,2022-11-09,Mid-Market,MC,Paid Ads,False
C006480,2024-01-10,Mid-Market,PH,Partner,True
C006481,2024-09-07,SMB,PG,Organic,True
C006482,2023-08-25,SMB,CM,Paid Ads,True
C006483,2024-08-01,Mid-Market,MG,Paid Ads,False
C006484,2023-06-22,SMB,PL,Referral,False
C006485,2024-01-28,SMB,NL,Paid Ads,True
C006486,2024-12-16,SMB,TG,Referral,True
C006487,2022-05-21,Enterprise,PK,Referral,True
C006488,2024-09-12,SMB,SK,Organic,True
C006489,2024-10-17,SMB,TG,Partner,True
C006490,2022-11-25,SMB,AR,Organic,True
C006491,2024-11-22,SMB,AU,Partner,True
C006492,2024-05-26,SMB,BG,Paid Ads,True
C006493,2022-10-11,SMB,TM,Paid Ads,False
C006494,2023-05-25,SMB,BN,Partner,True
C006495,2022-10-03,SMB,SE,Paid Ads,False
C006496,2022-11-16,SMB,ID,Organic,True
C006497,2023-07-12,SMB,CH,Referral,False
C006498,2022-07-15,SMB,GQ,Referral,False
C006499,2023-07-27,SMB,AL,Organic,True
C006500,2022-06-30,SMB,IE,Organic,False
C006501,2022-04-28,SMB,NE,Referral,False
C006502,2024-10-05,Mid-Market,DO,Organic,True
C006503,2024-01-05,SMB,NO,Organic,False
C006504,2024-05-07,Enterprise,CI,Partner,True
C006505,2023-09-26,SMB,BY,Organic,True
C006506,2023-04-09,SMB,GY,Partner,True
C006507,2023-03-10,Mid-Market,DO,Partner,True
C006508,2022-06-15,SMB,TL,Paid Ads,True
C006509,2023-06-05,SMB,TZ,Paid Ads,True
C006510,2024-02-03,Mid-Market,NO,Referral,False
C006511,2024-07-07,SMB,PE,Organic,True
C006512,2024-10-28,Mid-Market,UY,Referral,True
C006513,2023-02-10,Enterprise,KR,Organic,True
C006514,2023-05-22,SMB,FM,Paid Ads,True
C006515,2024-02-13,Mid-Market,EC,Referral,True
C006516,2022-08-01,SMB,LT,Organic,True
C006517,2022-04-20,SMB,RW,Paid Ads,True
C006518,2022-12-31,SMB,GR,Referral,True
C006519,2024-09-17,Mid-Market,DJ,Organic,True
C006520,2023-08-30,SMB,VA,Partner,False
C006521,2024-02-18,Mid-Market,ML,Partner,True
C006522,2022-04-04,Enterprise,NR,Referral,True
C006523,2022-10-13,Enterprise,SB,Partner,True
C006524,2024-06-14,SMB,PT,Organic,False
C006525,2024-11-19,Mid-Market,ZW,Referral,True
C006526,2024-10-13,SMB,RW,Paid Ads,False
C006527,2023-04-26,Enterprise,WS,Paid Ads,True
C006528,2024-03-09,Mid-Market,TN,Paid Ads,True
C006529,2024-05-07,Enterprise,CO,Paid Ads,True
C006530,2024-08-08,SMB,LK,Partner,True
C006531,2023-08-28,Mid-Market,JO,Referral,True
C006532,2022-06-15,SMB,AU,Organic,True
C006533,2022-09-10,SMB,ZW,Referral,False
C006534,2022-05-29,Enterprise,WS,Organic,True
C006535,2023-11-30,SMB,SA,Partner,True
C006536,2023-04-28,Mid-Market,LK,Organic,True
C006537,2023-11-01,Mid-Market,TT,Paid Ads,True
C006538,2024-10-03,SMB,SO,Organic,True
C006539,2023-03-21,SMB,KP,Referral,True
C006540,2023-09-17,SMB,MZ,Paid Ads,False
C006541,2023-02-09,Enterprise,TH,Partner,True
C006542,2022-07-07,SMB,FR,Paid Ads,True
C006543,2022-04-29,SMB,BY,Referral,True
C006544,2022-12-28,SMB,PY,Organic,True
C006545,2024-05-26,SMB,EG,Partner,False
C006546,2024-08-11,SMB,AD,Referral,True
C006547,2023-07-26,SMB,KM,Partner,True
C006548,2022-11-04,Mid-Market,KG,Paid Ads,False
C006549,2022-07-06,SMB,BH,Partner,True
C006550,2024-03-24,Mid-Market,AU,Partner,True
C006551,2023-07-19,SMB,KG,Paid Ads,True
C006552,2022-12-19,SMB,PK,Paid Ads,True
C006553,2023-05-18,Mid-Market,SG,Organic,False
C006554,2024-09-04,Mid-Market,LK,Partner,True
C006555,2022-01-07,SMB,NR,Organic,True
C006556,2023-04-19,SMB,PA,Organic,True
C006557,2022-01-27,Enterprise,DO,Referral,False
C006558,2024-04-04,SMB,TZ,Partner,True
C006559,2022-06-07,Mid-Market,LB,Paid Ads,True
C006560,2024-07-28,Enterprise,CI,Partner,True
C006561,2022-06-23,SMB,FM,Partner,True
C006562,2023-04-07,Mid-Market,CH,Paid Ads,True
C006563,2024-10-02,SMB,SO,Paid Ads,True
C006564,2022-12-02,SMB,NO,Partner,False
C006565,2023-06-04,Mid-Market,SO,Referral,True
C006566,2023-10-20,SMB,AO,Organic,True
C006567,2024-01-20,Mid-Market,NA,Referral,True
C006568,2022-10-21,SMB,FM,Organic,True
C006569,2023-05-29,SMB,LB,Partner,True
C006570,2022-12-10,SMB,GH,Organic,True
C006571,2022-05-10,Mid-Market,AF,Referral,False
C006572,2023-06-06,Mid-Market,GM,Partner,False
C006573,2022-11-10,Mid-Market,BR,Partner,True
C006574,2024-09-07,SMB,MK,Partner,False
C006575,2024-04-20,SMB,GD,Organic,True
C006576,2024-11-19,Enterprise,DK,Organic,True
C006577,2022-06-04,Enterprise,LY,Partner,True
C006578,2023-03-06,SMB,SV,Referral,True
C006579,2023-01-17,Enterprise,CV,Organic,True
C006580,2024-07-16,SMB,OM,Referral,True
C006581,2022-11-22,SMB,TG,Referral,True
C006582,2022-03-31,Enterprise,AR,Referral,True
C006583,2022-06-10,Enterprise,BE,Referral,True
C006584,2022-11-25,Mid-Market,GQ,Partner,True
C006585,2022-01-15,SMB,SB,Partner,True
C006586,2023-09-13,Enterprise,AU,Paid Ads,True
C006587,2024-11-11,SMB,MK,Paid Ads,False
C006588,2024-05-28,SMB,PL,Referral,False
C006589,2022-08-12,Mid-Market,CU,Organic,True
C006590,2024-08-29,SMB,TV,Organic,True
C006591,2024-08-04,Mid-Market,RS,Organic,True
C006592,2024-04-30,SMB,KM,Partner,True
C006593,2022-11-17,SMB,SI,Partner,True
C006594,2022-12-05,SMB,SL,Organic,True
C006595,2023-08-09,Mid-Market,KM,Paid Ads,True
C006596,2023-10-17,SMB,ML,Partner,False
C006597,2024-03-14,SMB,TN,Referral,True
C006598,2022-03-21,Mid-Market,ZW,Paid Ads,True
C006599,2022-07-11,SMB,FM,Paid Ads,True
C006600,2023-04-11,Mid-Market,AR,Organic,True
C006601,2023-12-17,SMB,KP,Partner,True
C006602,2024-07-09,SMB,PK,Referral,True
C006603,2022-09-29,SMB,BY,Paid Ads,True
C006604,2023-09-08,Enterprise,MW,Referral,True
C006605,2023-05-07,SMB,TZ,Paid Ads,False
C006606,2023-12-12,SMB,ML,Referral,False
C006607,2023-08-17,SMB,KG,Paid Ads,True
C006608,2022-05-26,SMB,LT,Partner,True
C006609,2024-08-09,Enterprise,TV,Partner,True
C006610,2024-09-30,Enterprise,TG,Partner,True
C006611,2022-11-04,SMB,AG,Organic,True
C006612,2024-02-05,SMB,BI,Organic,False
C006613,2024-08-18,SMB,PT,Partner,False
C006614,2024-03-02,Mid-Market,SB,Partner,False
C006615,2024-07-06,Mid-Market,PT,Paid Ads,True
C006616,2022-06-08,Mid-Market,KP,Paid Ads,True
C006617,2022-10-19,SMB,LB,Organic,True
C006618,2024-07-12,SMB,CG,Partner,True
C006619,2023-07-13,Enterprise,JM,Partner,True
C006620,2023-04-19,Mid-Market,MZ,Paid Ads,False
C006621,2023-01-09,SMB,JO,Organic,True
C006622,2022-08-16,Enterprise,LK,Partner,True
C006623,2024-10-30,Enterprise,BE,Partner,True
C006624,2024-07-23,SMB,MR,Partner,True
C006625,2023-01-20,Mid-Market,UZ,Paid Ads,True
C006626,2024-02-27,SMB,ML,Paid Ads,True
C006627,2023-11-14,SMB,PT,Paid Ads,True
C006628,2024-11-10,SMB,CN,Organic,True
C006629,2024-06-05,SMB,RW,Partner,True
C006630,2022-04-15,SMB,PS,Organic,True
C006631,2024-10-29,SMB,AO,Partner,False
C006632,2024-08-26,SMB,MZ,Partner,True
C006633,2024-03-28,SMB,DJ,Referral,True
C006634,2023-03-06,SMB,TR,Paid Ads,True
C006635,2024-03-15,Enterprise,DM,Partner,True
C006636,2023-02-14,SMB,TV,Referral,True
C006637,2022-12-01,SMB,CA,Partner,True
C006638,2022-10-12,Mid-Market,BS,Paid Ads,False
C006639,2024-02-19,SMB,LC,Paid Ads,True
C006640,2024-11-12,Mid-Market,GD,Partner,True
C006641,2022-08-18,SMB,GT,Partner,True
C006642,2024-05-04,SMB,CO,Referral,True
C006643,2023-03-22,SMB,MN,Organic,True
C006644,2024-05-16,SMB,MW,Referral,True
C006645,2022-12-22,Enterprise,BF,Paid Ads,True
C006646,2023-08-26,SMB,CY,Partner,True
C006647,2022-04-10,SMB,GB,Partner,True
C006648,2022-04-23,Mid-Market,KZ,Referral,True
C006649,2023-07-04,Mid-Market,AZ,Paid Ads,True
C006650,2022-06-15,SMB,BI,Referral,False
C006651,2022-12-07,SMB,BY,Partner,True
C006652,2024-07-26,SMB,LA,Partner,True
C006653,2024-12-24,Mid-Market,YE,Paid Ads,True
C006654,2024-04-29,SMB,PL,Referral,False
C006655,2024-03-26,SMB,DZ,Paid Ads,True
C006656,2022-06-28,SMB,GD,Organic,True
C006657,2023-11-08,Mid-Market,RU,Partner,True
C006658,2024-07-05,SMB,TR,Organic,False
C006659,2022-06-07,Mid-Market,AF,Paid Ads,True
C006660,2023-11-15,SMB,AO,Paid Ads,True
C006661,2023-07-01,SMB,PS,Partner,True
C006662,2022-04-08,SMB,SR,Paid Ads,True
C006663,2022-03-10,SMB,BA,Organic,True
C006664,2022-02-03,SMB,MW,Referral,True
C006665,2024-01-03,Enterprise,CV,Referral,True
C006666,2023-06-26,SMB,CN,Referral,True
C006667,2023-10-01,SMB,TW,Referral,True
C006668,2023-01-09,Mid-Market,AM,Partner,True
C006669,2024-04-17,Mid-Market,NL,Organic,False
C006670,2024-09-25,SMB,RO,Partner,True
C006671,2024-12-18,SMB,IL,Referral,True
C006672,2023-11-23,SMB,GE,Paid Ads,False
C006673,2023-12-27,SMB,BB,Referral,False
C006674,2024-06-09,SMB,NP,Organic,False
C006675,2023-10-18,SMB,BA,Partner,True
C006676,2024-11-13,SMB,MH,Paid Ads,True
C006677,2022-03-11,SMB,BS,Paid Ads,True
C006678,2023-12-29,SMB,MX,Organic,True
C006679,2022-08-02,SMB,NE,Paid Ads,True
C006680,2022-03-18,SMB,MH,Referral,True
C006681,2022-10-21,SMB,MR,Referral,False
C006682,2024-03-20,Enterprise,BY,Referral,True
C006683,2023-11-30,SMB,EC,Partner,True
C006684,2023-08-30,SMB,PS,Referral,True
C006685,2024-03-11,SMB,ZA,Partner,False
C006686,2023-06-18,SMB,LV,Paid Ads,True
C006687,2022-12-17,SMB,PE,Referral,True
C006688,2024-07-26,Enterprise,CI,Referral,True
C006689,2023-01-17,Enterprise,CU,Paid Ads,True
C006690,2024-08-31,SMB,KI,Paid Ads,True
C006691,2022-12-09,SMB,CZ,Referral,False
C006692,2023-11-09,Mid-Market,AM,Partner,True
C006693,2024-10-04,Mid-Market,MN,Organic,True
C006694,2024-08-22,Enterprise,VE,Organic,True
C006695,2024-04-06,SMB,BE,Partner,True
C006696,2023-05-17,SMB,CN,Organic,True
C006697,2024-10-20,Mid-Market,PA,Paid Ads,True
C006698,2023-11-14,SMB,PL,Organic,True
C006699,2024-06-15,SMB,ML,Referral,True
C006700,2024-04-15,Mid-Market,IR,Referral,True
C006701,2024-03-04,SMB,SA,Partner,True
C006702,2023-09-02,Mid-Market,NR,Referral,True
C006703,2022-12-06,SMB,PT,Organic,True
C006704,2024-09-03,SMB,ME,Paid Ads,True
C006705,2024-04-04,SMB,PK,Paid Ads,True
C006706,2022-09-20,SMB,FR,Paid Ads,True
C006707,2024-04-27,Mid-Market,AE,Referral,True
C006708,2023-01-31,Mid-Market,AZ,Paid Ads,True
C006709,2022-08-02,SMB,ET,Partner,True
C006710,2023-08-21,SMB,BF,Organic,False
C006711,2022-03-29,SMB,LC,Organic,False
C006712,2024-07-22,Enterprise,TL,Partner,True
C006713,2022-09-28,SMB,MC,Partner,True
C006714,2024-03-19,Mid-Market,IR,Referral,True
C006715,2023-09-20,SMB,FJ,Paid Ads,True
C006716,2023-10-26,Mid-Market,NE,Organic,False
C006717,2023-10-30,SMB,ET,Paid Ads,True
C006718,2024-07-19,SMB,VA,Organic,False
C006719,2023-05-17,Enterprise,MC,Organic,True
C006720,2024-07-18,SMB,KZ,Referral,True
C006721,2023-05-27,SMB,SD,Organic,False
C006722,2024-07-20,Enterprise,GR,Referral,True
C006723,2024-03-12,SMB,AF,Organic,True
C006724,2024-02-18,SMB,NR,Organic,True
C006725,2022-08-18,SMB,SE,Partner,False
C006726,2023-07-19,SMB,PS,Partner,True
C006727,2022-12-21,Mid-Market,SE,Referral,False
C006728,2023-04-21,Mid-Market,UZ,Referral,True
C006729,2024-10-10,Mid-Market,TV,Organic,True
C006730,2023-08-11,SMB,CY,Organic,True
C006731,2024-01-22,Mid-Market,AL,Organic,True
C006732,2023-07-03,SMB,WS,Partner,True
C006733,2024-05-15,SMB,SN,Referral,True
C006734,2022-07-14,SMB,GM,Organic,False
C006735,2024-09-28,Mid-Market,AU,Referral,True
C006736,2024-10-11,SMB,NG,Organic,True
C006737,2024-12-10,SMB,ME,Partner,False
C006738,2023-01-13,SMB,NE,Partner,False
C006739,2024-06-21,SMB,UA,Organic,True
C006740,2022-01-01,Enterprise,BG,Partner,True
C006741,2022-07-27,SMB,SY,Referral,False
C006742,2023-12-13,SMB,TL,Paid Ads,True
C006743,2023-06-05,SMB,LA,Partner,True
C006744,2024-06-22,Mid-Market,AT,Partner,True
C006745,2023-03-06,SMB,BE,Referral,True
C006746,2022-12-09,Mid-Market,CR,Organic,True
C006747,2023-12-31,Enterprise,BT,Partner,True
C006748,2023-08-15,Enterprise,BO,Organic,True
C006749,2022-07-06,SMB,SZ,Partner,True
C006750,2023-12-19,SMB,NR,Paid Ads,True
C006751,2022-05-30,Enterprise,DE,Partner,True
C006752,2023-05-19,SMB,CL,Partner,True
C006753,2022-01-01,SMB,KH,Organic,False
C006754,2024-02-28,SMB,CU,Referral,False
C006755,2022-02-17,SMB,MR,Paid Ads,True
C006756,2023-05-21,SMB,ZA,Paid Ads,True
C006757,2024-12-03,SMB,CM,Organic,True
C006758,2024-05-26,SMB,IE,Paid Ads,True
C006759,2022-11-05,Enterprise,TG,Partner,True
C006760,2023-04-17,SMB,GH,Paid Ads,True
C006761,2023-11-10,SMB,MX,Organic,False
C006762,2023-02-27,Enterprise,FI,Organic,True
C006763,2024-06-11,SMB,HU,Referral,True
C006764,2024-11-26,SMB,CR,Organic,True
C006765,2022-01-04,Enterprise,GE,Organic,True
C006766,2022-01-14,Mid-Market,ID,Referral,True
C006767,2023-08-13,SMB,BI,Organic,False
C006768,2022-05-27,Mid-Market,PA,Referral,True
C006769,2022-09-03,Mid-Market,BS,Partner,True
C006770,2022-06-03,SMB,KN,Paid Ads,False
C006771,2023-02-11,Enterprise,MZ,Paid Ads,True
C006772,2022-08-10,SMB,TJ,Organic,True
C006773,2023-10-15,Mid-Market,KR,Paid Ads,True
C006774,2023-02-08,SMB,EG,Partner,True
C006775,2022-02-15,SMB,LB,Partner,True
C006776,2023-10-01,Mid-Market,CA,Referral,True
C006777,2023-11-15,Enterprise,NG,Organic,True
C006778,2024-08-31,SMB,AO,Referral,True
C006779,2023-03-04,Mid-Market,NE,Partner,False
C006780,2023-09-10,SMB,KI,Partner,True
C006781,2023-09-28,SMB,GA,Referral,True
C006782,2023-11-10,SMB,PK,Paid Ads,True
C006783,2022-03-29,SMB,WS,Partner,True
C006784,2024-08-30,SMB,SM,Partner,True
C006785,2022-03-13,Enterprise,HN,Partner,True
C006786,2022-04-20,SMB,KN,Organic,True
C006787,2023-01-06,SMB,KN,Partner,True
C006788,2024-09-20,SMB,CM,Organic,True
C006789,2022-07-19,SMB,IE,Partner,True
C006790,2024-04-23,SMB,CH,Partner,True
C006791,2022-10-22,Mid-Market,VA,Referral,True
C006792,2022-11-17,SMB,CH,Paid Ads,True
C006793,2023-11-02,Mid-Market,NE,Partner,True
C006794,2023-02-27,SMB,KM,Partner,True
C006795,2022-11-30,SMB,UZ,Organic,True
C006796,2024-10-12,SMB,KI,Organic,True
C006797,2022-07-20,SMB,MR,Organic,True
C006798,2024-08-07,Enterprise,DM,Partner,True
C006799,2024-10-02,Mid-Market,ST,Partner,True
C006800,2023-09-10,Enterprise,MU,Referral,False
C006801,2023-03-11,Mid-Market,PL,Paid Ads,False
C006802,2023-07-29,SMB,CU,Paid Ads,False
C006803,2023-01-12,SMB,BH,Organic,True
C006804,2022-05-07,SMB,SD,Paid Ads,True
C006805,2024-04-13,SMB,VA,Partner,True
C006806,2024-07-16,Enterprise,NR,Paid Ads,True
C006807,2024-01-26,SMB,NO,Organic,True
C006808,2024-09-10,SMB,GN,Organic,True
C006809,2024-09-27,Enterprise,LB,Organic,True
C006810,2024-10-12,SMB,CL,Referral,True
C006811,2024-01-23,SMB,AU,Referral,False
C006812,2022-01-28,Mid-Market,AT,Partner,False
C006813,2023-10-31,SMB,IR,Referral,True
C006814,2023-04-06,SMB,ER,Referral,True
C006815,2022-06-10,SMB,TT,Paid Ads,False
C006816,2024-02-29,SMB,DM,Organic,False
C006817,2023-09-26,SMB,AE,Organic,True
C006818,2022-08-27,SMB,PA,Partner,True
C006819,2022-10-24,SMB,CZ,Referral,True
C006820,2022-12-15,SMB,NI,Organic,True
C006821,2024-05-09,SMB,GR,Paid Ads,True
C006822,2022-02-07,SMB,VU,Paid Ads,True
C006823,2022-07-27,Mid-Market,MW,Referral,True
C006824,2023-05-20,SMB,IS,Partner,False
C006825,2023-08-31,Enterprise,KR,Referral,True
C006826,2024-02-15,SMB,AU,Referral,False
C006827,2023-04-27,Mid-Market,HU,Paid Ads,True
C006828,2024-02-07,SMB,TZ,Paid Ads,True
C006829,2022-02-20,SMB,DK,Referral,True
C006830,2024-01-14,SMB,MC,Partner,True
C006831,2024-05-07,SMB,LV,Organic,False
C006832,2022-12-20,Mid-Market,AL,Referral,True
C006833,2023-08-26,SMB,LY,Referral,True
C006834,2024-06-15,SMB,BT,Paid Ads,True
C006835,2022-03-18,SMB,TW,Referral,False
C006836,2024-10-11,Mid-Market,UZ,Paid Ads,True
C006837,2024-01-15,SMB,MD,Paid Ads,True
C006838,2023-08-06,SMB,SB,Referral,False
C006839,2024-03-31,SMB,EE,Referral,True
C006840,2023-03-30,Mid-Market,ER,Referral,True
C006841,2024-09-20,Enterprise,UA,Organic,True
C006842,2022-04-09,SMB,KE,Organic,False
C006843,2022-04-30,SMB,EE,Partner,False
C006844,2022-08-14,SMB,JP,Paid Ads,True
C006845,2024-07-02,Mid-Market,ML,Referral,True
C006846,2022-02-04,Mid-Market,DK,Paid Ads,True
C006847,2023-12-13,SMB,BO,Partner,True
C006848,2022-11-26,SMB,NZ,Organic,True
C006849,2024-11-17,SMB,IR,Partner,False
C006850,2024-04-17,Mid-Market,KG,Partner,True
C006851,2024-09-08,SMB,NI,Partner,True
C006852,2024-01-24,Enterprise,PW,Partner,True
C006853,2023-12-10,Enterprise,TG,Organic,True
C006854,2024-04-29,Mid-Market,GH,Partner,False
C006855,2022-02-17,Mid-Market,KR,Partner,True
C006856,2023-08-28,SMB,BO,Partner,True
C006857,2022-04-11,SMB,PT,Paid Ads,True
C006858,2022-03-11,SMB,HR,Organic,True
C006859,2024-12-25,Mid-Market,FI,Paid Ads,True
C006860,2023-04-04,Mid-Market,UZ,Partner,False
C006861,2022-10-13,SMB,IN,Organic,True
C006862,2024-04-05,SMB,MD,Organic,True
C006863,2023-05-14,SMB,ST,Paid Ads,False
C006864,2024-01-19,SMB,IE,Referral,True
C006865,2022-05-17,SMB,AL,Referral,True
C006866,2022-02-27,Mid-Market,AZ,Organic,True
C006867,2023-12-31,SMB,CV,Referral,False
C006868,2024-02-12,SMB,PW,Referral,True
C006869,2023-09-28,Enterprise,DM,Organic,True
C006870,2024-04-20,SMB,PT,Partner,True
C006871,2022-11-14,Mid-Market,SY,Organic,False
C006872,2022-04-08,Enterprise,NZ,Partner,True
C006873,2022-08-23,SMB,TJ,Paid Ads,True
C006874,2022-01-19,SMB,FM,Referral,True
C006875,2024-07-13,Enterprise,LS,Paid Ads,True
C006876,2022-05-14,SMB,AM,Paid Ads,False
C006877,2022-10-02,SMB,IR,Partner,False
C006878,2023-06-29,Enterprise,LV,Partner,True
C006879,2022-08-17,SMB,OM,Organic,True
C006880,2023-04-08,SMB,BO,Partner,True
C006881,2023-10-13,SMB,KN,Partner,False
C006882,2022-10-25,SMB,CD,Organic,True
C006883,2022-03-23,SMB,RS,Referral,True
C006884,2022-07-01,SMB,PE,Paid Ads,True
C006885,2024-03-19,SMB,NR,Organic,True
C006886,2024-11-10,SMB,BT,Referral,False
C006887,2022-04-09,Mid-Market,PS,Organic,True
C006888,2024-01-06,SMB,AR,Partner,False
C006889,2023-05-15,SMB,ID,Partner,True
C006890,2023-05-27,SMB,JP,Organic,True
C006891,2022-12-23,SMB,ZM,Paid Ads,True
C006892,2023-06-25,Mid-Market,LC,Paid Ads,True
C006893,2023-12-27,Enterprise,CG,Partner,True
C006894,2024-09-15,SMB,SC,Paid Ads,True
C006895,2022-12-06,Mid-Market,AM,Paid Ads,True
C006896,2022-10-08,Enterprise,LU,Referral,True
C006897,2023-10-22,Enterprise,ZA,Partner,False
C006898,2023-05-28,SMB,MD,Partner,True
C006899,2023-03-27,Mid-Market,MX,Organic,True
C006900,2022-07-29,SMB,IQ,Referral,False
C006901,2022-08-07,SMB,PH,Partner,False
C006902,2022-09-07,SMB,VA,Referral,False
C006903,2023-08-15,SMB,GR,Organic,True
C006904,2022-10-16,SMB,GB,Referral,True
C006905,2024-11-19,SMB,BW,Referral,False
C006906,2022-02-03,SMB,AU,Referral,False
C006907,2023-09-11,SMB,AT,Organic,True
C006908,2022-11-11,Enterprise,ER,Referral,True
C006909,2023-02-25,SMB,BA,Paid Ads,True
C006910,2024-11-10,SMB,NR,Paid Ads,True
C006911,2022-03-09,SMB,DZ,Partner,True
C006912,2023-10-19,Mid-Market,TH,Referral,True
C006913,2024-02-10,SMB,SA,Referral,False
C006914,2024-09-11,Enterprise,BT,Partner,True
C006915,2023-09-05,SMB,AL,Partner,False
C006916,2022-02-28,Mid-Market,IN,Organic,True
C006917,2024-12-13,Mid-Market,NO,Organic,True
C006918,2022-02-28,Enterprise,SV,Organic,True
C006919,2022-04-16,SMB,MU,Organic,True
C006920,2023-10-09,Mid-Market,GW,Organic,True
C006921,2023-05-01,SMB,TW,Organic,False
C006922,2024-12-09,Mid-Market,UZ,Referral,True
C006923,2022-05-04,SMB,NL,Paid Ads,True
C006924,2022-06-03,SMB,EG,Organic,True
C006925,2023-10-15,SMB,KN,Organic,False
C006926,2022-07-02,SMB,LI,Partner,True
C006927,2023-03-10,SMB,ML,Organic,True
C006928,2024-05-31,Mid-Market,NE,Organic,True
C006929,2022-07-21,SMB,IR,Referral,True
C006930,2024-08-20,SMB,SM,Referral,True
C006931,2024-02-20,Enterprise,AT,Referral,True
C006932,2024-04-11,SMB,VN,Referral,True
C006933,2024-05-18,Enterprise,PA,Organic,True
C006934,2022-01-04,SMB,BS,Partner,True
C006935,2022-02-11,SMB,BZ,Organic,True
C006936,2022-04-30,SMB,PT,Referral,True
C006937,2023-10-26,SMB,DE,Partner,True
C006938,2023-01-16,Enterprise,ST,Paid Ads,True
C006939,2023-07-10,Mid-Market,TR,Paid Ads,True
C006940,2023-03-09,SMB,TV,Partner,True
C006941,2023-04-08,SMB,ET,Partner,True
C006942,2022-04-03,Enterprise,MD,Organic,True
C006943,2023-12-16,Enterprise,JO,Paid Ads,False
C006944,2024-01-21,SMB,RU,Partner,True
C006945,2024-12-11,Enterprise,PG,Partner,True
C006946,2022-10-09,Enterprise,LB,Partner,True
C006947,2022-10-07,SMB,VE,Partner,False
C006948,2024-02-06,SMB,FI,Referral,True
C006949,2023-08-18,SMB,TN,Referral,False
C006950,2023-11-17,SMB,PW,Organic,True
C006951,2024-04-19,SMB,EE,Paid Ads,True
C006952,2022-08-28,SMB,NE,Paid Ads,True
C006953,2023-10-28,Mid-Market,SD,Paid Ads,False
C006954,2024-02-28,SMB,FM,Partner,True
C006955,2022-08-11,SMB,NL,Paid Ads,True
C006956,2022-03-29,Enterprise,PT,Referral,True
C006957,2024-04-07,Enterprise,TN,Paid Ads,True
C006958,2024-12-25,SMB,GY,Paid Ads,True
C006959,2023-03-15,SMB,MZ,Organic,True
C006960,2023-08-25,Mid-Market,MN,Organic,True
C006961,2022-12-29,Mid-Market,KE,Paid Ads,True
C006962,2024-12-16,SMB,GH,Organic,True
C006963,2022-05-28,SMB,SI,Paid Ads,True
C006964,2024-07-28,Enterprise,BG,Paid Ads,True
C006965,2024-03-02,Enterprise,SE,Paid Ads,True
C006966,2023-11-09,Mid-Market,BR,Referral,True
C006967,2023-09-11,Mid-Market,KE,Partner,True
C006968,2022-02-17,Mid-Market,CZ,Partner,True
C006969,2022-06-10,SMB,KR,Organic,True
C006970,2022-07-26,Mid-Market,ET,Paid Ads,True
C006971,2023-11-22,Mid-Market,LS,Organic,True
C006972,2023-03-26,SMB,KI,Partner,False
C006973,2024-11-27,Mid-Market,BG,Organic,True
C006974,2024-01-09,SMB,TJ,Paid Ads,True
C006975,2023-03-07,SMB,LK,Referral,True
C006976,2024-11-10,Mid-Market,GT,Paid Ads,True
C006977,2024-03-21,SMB,IS,Organic,True
C006978,2023-02-20,Mid-Market,JP,Partner,True
C006979,2023-01-20,Mid-Market,BY,Organic,False
C006980,2023-11-24,Enterprise,SK,Organic,True
C006981,2024-05-06,SMB,NZ,Partner,True
C006982,2022-01-21,SMB,CD,Referral,True
C006983,2024-01-15,Mid-Market,LY,Organic,True
C006984,2024-09-29,Mid-Market,LC,Referral,True
C006985,2022-03-24,SMB,TD,Referral,True
C006986,2024-06-30,Mid-Market,ML,Paid Ads,True
C006987,2023-01-08,SMB,MA,Paid Ads,True
C006988,2023-07-31,SMB,NA,Partner,False
C006989,2022-05-20,SMB,GD,Paid Ads,False
C006990,2024-04-04,SMB,IR,Organic,True
C006991,2024-09-01,Mid-Market,NL,Referral,True
C006992,2022-03-07,Mid-Market,IT,Partner,True
C006993,2024-12-22,SMB,MV,Organic,False
C006994,2023-01-29,Enterprise,BO,Referral,True
C006995,2022-02-02,Enterprise,DZ,Paid Ads,True
C006996,2022-11-19,SMB,TR,Partner,True
C006997,2022-09-03,SMB,EE,Paid Ads,True
C006998,2023-12-11,SMB,KN,Organic,True
C006999,2023-05-24,SMB,FR,Partner,True
C007000,2023-03-10,SMB,IR,Partner,False
C007001,2024-02-10,Mid-Market,KM,Organic,True
C007002,2022-07-30,SMB,DZ,Organic,True
C007003,2024-07-30,Mid-Market,PE,Partner,True
C007004,2024-08-30,Mid-Market,KI,Referral,True
C007005,2024-03-17,SMB,HR,Referral,True
C007006,2022-10-23,Enterprise,KW,Partner,True
C007007,2023-03-15,SMB,GA,Organic,False
C007008,2023-02-24,SMB,MN,Referral,False
C007009,2022-05-13,SMB,ZA,Partner,False
C007010,2022-01-13,Enterprise,BA,Referral,True
C007011,2023-07-16,Mid-Market,HR,Partner,True
C007012,2022-09-06,SMB,TM,Paid Ads,True
C007013,2022-01-01,Mid-Market,DM,Organic,True
C007014,2022-06-09,Mid-Market,CV,Organic,True
C007015,2024-02-22,SMB,PA,Paid Ads,True
C007016,2023-04-11,SMB,CL,Referral,False
C007017,2024-06-27,SMB,MM,Organic,False
C007018,2024-10-31,Mid-Market,CY,Organic,True
C007019,2023-05-29,SMB,MZ,Referral,True
C007020,2022-11-16,SMB,CY,Paid Ads,True
C007021,2022-01-09,SMB,RW,Organic,True
C007022,2022-03-01,SMB,MA,Partner,True
C007023,2022-09-08,SMB,EG,Organic,True
C007024,2024-03-12,SMB,HU,Paid Ads,True
C007025,2023-08-17,SMB,HN,Partner,True
C007026,2023-11-13,Enterprise,LV,Referral,False
C007027,2024-08-28,Enterprise,BF,Referral,True
C007028,2023-03-03,SMB,FJ,Organic,True
C007029,2023-08-02,Enterprise,MZ,Paid Ads,True
C007030,2024-06-02,Mid-Market,CH,Organic,True
C007031,2022-03-25,SMB,KZ,Paid Ads,True
C007032,2023-07-31,SMB,LI,Paid Ads,True
C007033,2022-10-28,SMB,CD,Partner,True
C007034,2022-11-26,SMB,GH,Paid Ads,True
C007035,2024-07-11,SMB,LR,Paid Ads,True
C007036,2022-01-05,Mid-Market,KP,Organic,True
C007037,2024-06-05,SMB,CI,Partner,True
C007038,2024-03-08,SMB,CU,Organic,True
C007039,2023-10-11,Mid-Market,NI,Paid Ads,True
C007040,2022-03-29,SMB,VN,Referral,True
C007041,2023-07-02,SMB,LV,Organic,True
C007042,2023-01-31,Mid-Market,AL,Referral,True
C007043,2023-09-29,Enterprise,MX,Partner,True
C007044,2024-03-13,SMB,PK,Organic,True
C007045,2022-01-14,SMB,UZ,Referral,True
C007046,2024-12-26,SMB,BS,Partner,True
C007047,2022-03-03,SMB,WS,Referral,False
C007048,2023-07-05,Enterprise,PW,Paid Ads,True
C007049,2022-10-13,SMB,SI,Organic,True
C007050,2023-03-27,SMB,PK,Organic,True
C007051,2023-12-02,Mid-Market,EC,Partner,True
C007052,2023-08-13,SMB,MA,Partner,True
C007053,2024-08-18,SMB,FI,Referral,True
C007054,2022-04-01,SMB,ME,Organic,True
C007055,2022-05-08,SMB,CV,Paid Ads,False
C007056,2023-03-30,SMB,GB,Referral,True
C007057,2022-01-02,Enterprise,IT,Paid Ads,True
C007058,2024-03-29,Enterprise,TR,Paid Ads,True
C007059,2024-12-30,Mid-Market,EG,Organic,True
C007060,2022-11-13,Enterprise,MY,Paid Ads,True
C007061,2024-05-27,Mid-Market,MT,Organic,True
C007062,2023-03-08,SMB,IN,Partner,True
C007063,2024-05-08,SMB,NR,Partner,True
C007064,2023-08-07,Mid-Market,NL,Organic,False
C007065,2022-01-27,Mid-Market,BO,Organic,True
C007066,2023-12-17,Mid-Market,AO,Organic,False
C007067,2024-07-01,SMB,GE,Referral,True
C007068,2023-03-29,SMB,HN,Organic,False
C007069,2024-02-05,Mid-Market,CF,Paid Ads,True
C007070,2023-01-17,Enterprise,GB,Referral,True
C007071,2023-08-01,SMB,SI,Referral,True
C007072,2023-04-16,SMB,TL,Referral,True
C007073,2024-07-29,SMB,AF,Organic,False
C007074,2024-11-28,SMB,CO,Partner,True
C007075,2023-01-04,Mid-Market,KZ,Partner,True
C007076,2022-08-23,SMB,IN,Partner,True
C007077,2024-06-22,SMB,VN,Referral,True
C007078,2024-05-05,Mid-Market,AL,Partner,True
C007079,2023-08-20,Mid-Market,SK,Paid Ads,True
C007080,2023-11-11,Enterprise,BI,Referral,True
C007081,2023-08-02,Mid-Market,MK,Partner,True
C007082,2022-07-26,SMB,JM,Partner,True
C007083,2024-04-21,SMB,VU,Organic,True
C007084,2022-10-20,SMB,SY,Paid Ads,True
C007085,2022-07-11,SMB,AZ,Referral,False
C007086,2023-06-03,SMB,MA,Organic,True
C007087,2022-12-25,SMB,BO,Organic,True
C007088,2023-07-14,Mid-Market,CU,Partner,True
C007089,2022-09-19,Mid-Market,SN,Paid Ads,False
C007090,2022-10-22,Enterprise,BG,Partner,True
C007091,2023-11-20,SMB,IT,Paid Ads,True
C007092,2023-01-24,SMB,SC,Paid Ads,True
C007093,2022-12-25,SMB,MZ,Partner,False
C007094,2023-08-05,SMB,ME,Organic,True
C007095,2024-01-10,SMB,CU,Paid Ads,True
C007096,2024-03-08,Mid-Market,GT,Organic,True
C007097,2022-07-26,SMB,TJ,Partner,False
C007098,2023-04-25,SMB,RW,Paid Ads,False
C007099,2024-06-22,SMB,AL,Organic,True
C007100,2022-11-15,Mid-Market,BN,Referral,False
C007101,2024-12-10,Mid-Market,SD,Partner,True
C007102,2023-10-13,Enterprise,KH,Organic,True
C007103,2023-01-07,SMB,BJ,Partner,True
C007104,2022-03-29,Enterprise,NG,Organic,True
C007105,2024-12-23,SMB,KG,Organic,False
C007106,2024-02-12,Mid-Market,SA,Partner,False
C007107,2023-05-16,SMB,SL,Organic,False
C007108,2022-03-19,SMB,GD,Paid Ads,True
C007109,2023-03-23,Enterprise,SM,Paid Ads,True
C007110,2022-03-19,SMB,FI,Paid Ads,True
C007111,2024-12-11,Enterprise,IT,Organic,True
C007112,2024-09-17,SMB,NO,Paid Ads,True
C007113,2023-10-06,SMB,HU,Referral,False
C007114,2022-02-18,SMB,CO,Paid Ads,True
C007115,2022-09-28,SMB,EG,Organic,True
C007116,2023-07-01,SMB,OM,Paid Ads,True
C007117,2022-05-10,Mid-Market,BF,Organic,False
C007118,2024-01-08,Enterprise,NL,Organic,True
C007119,2022-06-07,SMB,TM,Partner,True
C007120,2023-06-01,Mid-Market,SC,Paid Ads,True
C007121,2022-09-26,SMB,KP,Partner,False
C007122,2023-04-30,SMB,ET,Organic,True
C007123,2023-07-06,SMB,TR,Paid Ads,True
C007124,2024-07-03,SMB,UZ,Paid Ads,True
C007125,2022-09-08,Enterprise,GM,Paid Ads,True
C007126,2022-12-18,SMB,AO,Partner,False
C007127,2022-02-11,SMB,UG,Organic,True
C007128,2023-04-17,SMB,CD,Paid Ads,True
C007129,2024-01-08,SMB,SL,Referral,True
C007130,2022-01-26,SMB,PL,Referral,True
C007131,2022-09-28,SMB,ZA,Paid Ads,True
C007132,2024-05-31,Mid-Market,MU,Paid Ads,True
C007133,2024-08-27,SMB,MT,Referral,False
C007134,2022-04-21,SMB,CM,Referral,True
C007135,2022-05-24,Enterprise,CO,Paid Ads,True
C007136,2022-01-02,Mid-Market,BO,Organic,True
C007137,2023-05-24,SMB,GE,Referral,True
C007138,2022-03-13,SMB,MR,Referral,True
C007139,2022-01-07,SMB,KG,Referral,False
C007140,2023-10-29,Mid-Market,TZ,Partner,True
C007141,2023-12-22,SMB,VC,Organic,False
C007142,2023-10-12,SMB,IR,Partner,True
C007143,2024-12-29,Enterprise,SD,Partner,True
C007144,2022-08-06,Enterprise,NI,Organic,True
C007145,2024-08-26,SMB,RS,Paid Ads,True
C007146,2024-05-30,Mid-Market,MK,Organic,True
C007147,2024-09-24,Mid-Market,MM,Partner,True
C007148,2024-02-04,SMB,WS,Paid Ads,True
C007149,2022-01-24,SMB,UY,Referral,True
C007150,2022-05-07,Mid-Market,CH,Referral,True
C007151,2022-07-24,SMB,PH,Paid Ads,False
C007152,2023-01-19,Enterprise,LR,Referral,True
C007153,2022-03-11,SMB,AF,Paid Ads,True
C007154,2022-01-13,SMB,MC,Referral,True
C007155,2024-11-11,Mid-Market,FM,Paid Ads,True
C007156,2024-09-12,Mid-Market,PA,Referral,True
C007157,2024-02-17,Enterprise,MW,Organic,True
C007158,2022-08-22,Enterprise,CZ,Paid Ads,True
C007159,2022-06-21,Mid-Market,CI,Paid Ads,True
C007160,2023-03-04,Mid-Market,CL,Paid Ads,True
C007161,2023-03-21,SMB,VA,Organic,True
C007162,2022-08-15,SMB,LA,Referral,True
C007163,2023-02-08,SMB,JM,Paid Ads,True
C007164,2024-05-13,Enterprise,DK,Organic,True
C007165,2024-02-27,Enterprise,CV,Partner,False
C007166,2022-08-18,Mid-Market,BD,Organic,True
C007167,2024-09-28,SMB,MR,Referral,True
C007168,2023-09-09,Enterprise,IT,Referral,True
C007169,2024-05-10,SMB,BD,Organic,False
C007170,2024-10-25,SMB,DM,Referral,True
C007171,2022-02-17,SMB,HT,Organic,True
C007172,2023-04-05,SMB,MT,Organic,True
C007173,2023-08-02,SMB,LB,Partner,True
C007174,2022-05-13,SMB,NG,Paid Ads,False
C007175,2022-04-14,Mid-Market,MG,Organic,True
C007176,2023-03-03,SMB,MU,Paid Ads,True
C007177,2024-06-03,Enterprise,CR,Referral,True
C007178,2023-08-30,SMB,CO,Referral,False
C007179,2024-12-19,SMB,RW,Paid Ads,True
C007180,2023-11-29,SMB,FJ,Paid Ads,False
C007181,2022-06-25,SMB,EG,Organic,True
C007182,2023-11-13,SMB,VE,Referral,True
C007183,2022-06-29,SMB,PY,Organic,True
C007184,2023-06-15,Mid-Market,AO,Partner,True
C007185,2023-01-15,SMB,BG,Partner,True
C007186,2024-02-29,SMB,MX,Referral,True
C007187,2023-07-20,SMB,IE,Referral,True
C007188,2022-11-25,Mid-Market,JP,Partner,True
C007189,2023-05-27,SMB,RU,Referral,True
C007190,2023-05-11,SMB,GW,Organic,True
C007191,2023-02-27,SMB,IQ,Paid Ads,True
C007192,2022-08-22,SMB,AF,Organic,True
C007193,2023-10-17,Mid-Market,IL,Paid Ads,True
C007194,2023-08-12,SMB,TR,Paid Ads,True
C007195,2024-06-20,SMB,MC,Organic,True
C007196,2024-04-09,SMB,LY,Referral,False
C007197,2022-05-15,Mid-Market,TL,Referral,True
C007198,2023-05-10,Mid-Market,ML,Paid Ads,True
C007199,2024-06-22,SMB,NR,Paid Ads,True
C007200,2024-05-05,SMB,SA,Partner,True
C007201,2024-04-27,SMB,CZ,Paid Ads,False
C007202,2022-10-11,SMB,NR,Referral,True
C007203,2024-01-05,SMB,IN,Organic,False
C007204,2024-07-25,Mid-Market,CV,Partner,True
C007205,2024-12-03,SMB,PT,Organic,False
C007206,2022-11-14,SMB,BF,Partner,True
C007207,2024-07-20,Mid-Market,GA,Organic,True
C007208,2023-03-27,SMB,CO,Partner,True
C007209,2023-03-31,Mid-Market,CZ,Referral,True
C007210,2023-07-12,SMB,US,Organic,True
C007211,2023-03-18,SMB,KZ,Referral,False
C007212,2024-07-23,SMB,ET,Partner,True
C007213,2022-04-11,SMB,MX,Paid Ads,True
C007214,2024-07-12,Mid-Market,KZ,Paid Ads,False
C007215,2022-12-14,SMB,RO,Referral,True
C007216,2022-07-10,SMB,CV,Paid Ads,True
C007217,2022-05-19,SMB,SY,Partner,True
C007218,2022-09-26,SMB,HR,Paid Ads,True
C007219,2022-04-01,SMB,RS,Partner,True
C007220,2022-04-18,Mid-Market,CL,Referral,True
C007221,2022-07-27,Mid-Market,SE,Referral,True
C007222,2022-04-19,SMB,NE,Paid Ads,False
C007223,2022-11-27,SMB,SA,Partner,True
C007224,2023-06-02,SMB,HU,Organic,True
C007225,2022-12-09,Mid-Market,LR,Partner,True
C007226,2022-05-22,Enterprise,AR,Paid Ads,True
C007227,2022-07-10,SMB,MC,Referral,False
C007228,2023-03-06,Mid-Market,NO,Paid Ads,True
C007229,2023-02-13,Mid-Market,AG,Referral,True
C007230,2022-04-12,SMB,KM,Organic,False
C007231,2023-01-11,SMB,PY,Paid Ads,True
C007232,2023-06-06,Enterprise,MY,Partner,False
C007233,2024-04-30,Mid-Market,GQ,Referral,True
C007234,2022-05-10,Mid-Market,AD,Organic,True
C007235,2023-12-23,SMB,PG,Referral,True
C007236,2023-09-08,Enterprise,PE,Organic,True
C007237,2024-07-18,SMB,PH,Organic,True
C007238,2022-07-31,Enterprise,KR,Partner,True
C007239,2024-11-17,SMB,MU,Referral,True
C007240,2022-02-14,SMB,US,Paid Ads,True
C007241,2022-11-02,Enterprise,UG,Paid Ads,True
C007242,2023-05-18,Mid-Market,SN,Referral,False
C007243,2024-06-30,SMB,CV,Referral,True
C007244,2023-08-10,SMB,AM,Paid Ads,True
C007245,2023-05-02,Mid-Market,VE,Referral,False
C007246,2024-09-13,Mid-Market,BZ,Referral,True
C007247,2024-08-12,SMB,WS,Partner,True
C007248,2024-07-30,SMB,MX,Partner,False
C007249,2024-11-27,SMB,DE,Referral,True
C007250,2023-10-25,SMB,CA,Referral,True
C007251,2023-12-24,SMB,NP,Organic,True
C007252,2022-01-24,Mid-Market,HN,Partner,True
C007253,2022-12-03,SMB,US,Paid Ads,True
C007254,2024-05-20,Mid-Market,IL,Referral,True
C007255,2022-04-25,SMB,DJ,Paid Ads,True
C007256,2023-02-21,SMB,BF,Paid Ads,False
C007257,2022-11-17,SMB,BZ,Partner,False
C007258,2022-07-08,SMB,AL,Referral,True
C007259,2024-01-10,SMB,BZ,Referral,True
C007260,2023-09-13,SMB,DJ,Partner,True
C007261,2022-04-03,SMB,CD,Referral,False
C007262,2024-05-20,SMB,TV,Organic,True
C007263,2023-02-24,Enterprise,MT,Referral,False
C007264,2024-02-24,Mid-Market,SR,Referral,True
C007265,2024-12-30,Enterprise,GW,Partner,True
C007266,2022-05-19,SMB,AZ,Partner,False
C007267,2022-05-22,SMB,VA,Organic,True
C007268,2022-04-05,Mid-Market,CA,Paid Ads,True
C007269,2023-07-19,SMB,LY,Organic,True
C007270,2022-10-03,SMB,CD,Partner,True
C007271,2023-05-23,Enterprise,IR,Paid Ads,True
C007272,2022-08-13,Mid-Market,HR,Referral,True
C007273,2022-08-27,Enterprise,SG,Referral,False
C007274,2023-04-15,Mid-Market,ES,Paid Ads,True
C007275,2022-12-23,SMB,DJ,Partner,True
C007276,2023-05-31,Enterprise,LB,Referral,True
C007277,2024-06-14,SMB,BD,Referral,False
C007278,2022-01-08,SMB,PK,Referral,True
C007279,2022-06-28,Mid-Market,CM,Referral,True
C007280,2022-05-15,Enterprise,BI,Paid Ads,True
C007281,2022-12-14,SMB,IT,Paid Ads,False
C007282,2024-03-30,SMB,SI,Paid Ads,False
C007283,2023-10-01,SMB,MR,Organic,True
C007284,2022-08-03,SMB,BT,Referral,False
C007285,2024-04-29,SMB,LC,Partner,True
C007286,2023-02-17,Enterprise,AG,Referral,True
C007287,2022-09-06,SMB,IN,Referral,True
C007288,2024-02-11,Mid-Market,FJ,Paid Ads,True
C007289,2024-11-11,SMB,MG,Partner,True
C007290,2023-05-03,SMB,FR,Paid Ads,True
C007291,2022-07-27,Mid-Market,MR,Organic,False
C007292,2022-01-30,SMB,RU,Organic,False
C007293,2024-11-26,Enterprise,IN,Organic,True
C007294,2024-02-09,SMB,WS,Paid Ads,False
C007295,2022-05-03,Mid-Market,CI,Paid Ads,True
C007296,2023-03-15,Enterprise,LS,Paid Ads,True
C007297,2022-11-13,SMB,LA,Referral,True
C007298,2024-03-27,Mid-Market,RO,Paid Ads,True
C007299,2024-12-06,SMB,MM,Referral,True
C007300,2022-04-14,SMB,KW,Paid Ads,False
C007301,2023-05-19,SMB,TH,Organic,True
C007302,2024-04-24,SMB,ER,Paid Ads,True
C007303,2024-12-20,Mid-Market,AM,Organic,True
C007304,2024-02-09,SMB,DE,Paid Ads,False
C007305,2024-03-14,Mid-Market,LU,Organic,True
C007306,2022-03-12,Mid-Market,LV,Organic,True
C007307,2022-03-26,SMB,RU,Referral,True
C007308,2023-04-06,Mid-Market,GA,Partner,True
C007309,2023-04-03,SMB,PA,Paid Ads,False
C007310,2023-12-12,SMB,GA,Organic,True
C007311,2024-06-20,SMB,PE,Paid Ads,True
C007312,2024-11-28,SMB,IL,Partner,True
C007313,2024-03-27,SMB,BG,Partner,True
C007314,2022-04-10,SMB,DZ,Paid Ads,False
C007315,2023-01-30,SMB,QA,Paid Ads,True
C007316,2022-10-11,Mid-Market,AM,Referral,False
C007317,2024-06-07,SMB,BN,Organic,True
C007318,2022-05-01,SMB,NZ,Organic,True
C007319,2024-04-25,SMB,KE,Partner,True
C007320,2022-05-13,SMB,TO,Paid Ads,False
C007321,2022-03-10,SMB,UA,Referral,True
C007322,2023-04-27,Mid-Market,ME,Referral,True
C007323,2023-04-15,Enterprise,GT,Organic,True
C007324,2022-05-01,Mid-Market,PA,Organic,False
C007325,2022-05-03,SMB,TJ,Referral,False
C007326,2023-09-25,Mid-Market,GW,Partner,True
C007327,2022-05-22,Mid-Market,EG,Paid Ads,True
C007328,2022-05-19,Mid-Market,TJ,Paid Ads,True
C007329,2022-11-04,SMB,BS,Referral,True
C007330,2022-09-10,SMB,JP,Partner,False
C007331,2023-08-15,Mid-Market,CO,Paid Ads,True
C007332,2022-01-02,Mid-Market,DJ,Referral,True
C007333,2024-12-04,SMB,BO,Paid Ads,True
C007334,2023-10-21,SMB,LR,Paid Ads,True
C007335,2024-09-26,Enterprise,AM,Partner,True
C007336,2022-06-20,SMB,HT,Paid Ads,False
C007337,2023-01-22,Enterprise,SB,Paid Ads,True
C007338,2024-10-01,SMB,UZ,Organic,True
C007339,2022-12-29,Enterprise,MR,Referral,True
C007340,2022-05-12,SMB,TJ,Partner,True
C007341,2023-04-14,SMB,GY,Referral,True
C007342,2024-01-09,SMB,LC,Partner,True
C007343,2023-04-04,Mid-Market,ZW,Referral,True
C007344,2024-01-18,SMB,FR,Paid Ads,True
C007345,2023-02-28,SMB,TJ,Referral,True
C007346,2022-10-31,SMB,GR,Paid Ads,True
C007347,2022-09-04,SMB,EG,Partner,True
C007348,2023-11-20,Mid-Market,NP,Organic,True
C007349,2022-07-28,Mid-Market,SC,Organic,True
C007350,2022-05-10,SMB,KG,Referral,True
C007351,2024-01-06,SMB,NI,Partner,False
C007352,2024-06-17,Mid-Market,TT,Referral,True
C007353,2023-02-01,SMB,BS,Partner,True
C007354,2022-06-21,SMB,EC,Organic,False
C007355,2022-12-02,Enterprise,TG,Organic,True
C007356,2022-12-28,SMB,CY,Paid Ads,True
C007357,2022-04-01,Mid-Market,BO,Organic,True
C007358,2022-01-09,Enterprise,VC,Partner,True
C007359,2022-04-19,SMB,TN,Organic,True
C007360,2023-09-07,Mid-Market,SI,Paid Ads,True
C007361,2022-11-03,SMB,IE,Referral,True
C007362,2022-12-31,Mid-Market,ML,Organic,True
C007363,2022-01-12,SMB,IS,Referral,True
C007364,2022-09-20,SMB,SY,Paid Ads,True
C007365,2023-03-26,Mid-Market,MU,Partner,True
C007366,2022-07-13,SMB,CV,Partner,True
C007367,2024-11-27,Mid-Market,LA,Organic,True
C007368,2024-02-26,SMB,MU,Paid Ads,False
C007369,2022-08-02,Mid-Market,MA,Paid Ads,True
C007370,2023-06-25,SMB,PT,Referral,True
C007371,2023-10-13,Mid-Market,MV,Organic,True
C007372,2024-09-28,SMB,GE,Referral,False
C007373,2022-03-26,SMB,ET,Paid Ads,True
C007374,2023-04-23,Mid-Market,LU,Organic,False
C007375,2022-10-17,SMB,IL,Paid Ads,False
C007376,2024-01-08,Enterprise,AM,Organic,True
C007377,2024-02-04,SMB,TN,Referral,True
C007378,2024-09-29,SMB,NL,Organic,True
C007379,2022-11-15,SMB,ER,Organic,False
C007380,2024-01-14,SMB,CN,Paid Ads,True
C007381,2022-03-04,SMB,LT,Referral,False
C007382,2022-06-03,Mid-Market,NG,Paid Ads,True
C007383,2022-04-26,SMB,IT,Partner,True
C007384,2022-11-25,SMB,CY,Paid Ads,True
C007385,2024-07-09,SMB,GE,Referral,True
C007386,2024-07-29,SMB,ST,Paid Ads,False
C007387,2023-11-10,Mid-Market,CD,Referral,True
C007388,2023-06-09,SMB,SK,Referral,True
C007389,2022-11-17,SMB,VC,Organic,True
C007390,2022-09-23,Enterprise,SG,Paid Ads,True
C007391,2022-05-01,Enterprise,PG,Paid Ads,False
C007392,2023-04-10,Mid-Market,DJ,Paid Ads,True
C007393,2024-07-15,Enterprise,NO,Partner,True
C007394,2024-04-12,Mid-Market,ES,Organic,True
C007395,2024-03-25,Enterprise,QA,Paid Ads,False
C007396,2023-09-30,SMB,SC,Partner,False
C007397,2022-11-17,Mid-Market,CU,Paid Ads,True
C007398,2022-01-06,SMB,AG,Referral,True
C007399,2024-04-07,SMB,LC,Paid Ads,False
C007400,2022-02-23,Enterprise,MV,Paid Ads,False
C007401,2022-02-17,SMB,UY,Organic,True
C007402,2024-11-07,Mid-Market,MK,Paid Ads,True
C007403,2022-07-08,SMB,SY,Paid Ads,True
C007404,2022-03-06,SMB,SR,Partner,True
C007405,2023-09-09,SMB,LC,Partner,False
C007406,2022-07-01,SMB,TJ,Organic,True
C007407,2022-02-25,Mid-Market,FJ,Paid Ads,True
C007408,2023-12-23,Enterprise,BF,Partner,True
C007409,2022-12-15,Enterprise,WS,Referral,True
C007410,2022-09-10,SMB,AU,Organic,True
C007411,2023-03-17,SMB,BR,Paid Ads,True
C007412,2022-05-09,SMB,HU,Paid Ads,True
C007413,2024-01-30,Mid-Market,LA,Organic,True
C007414,2024-08-16,SMB,AT,Organic,True
C007415,2023-03-08,SMB,RO,Partner,True
C007416,2022-03-10,SMB,SN,Organic,True
C007417,2022-04-07,Mid-Market,QA,Referral,True
C007418,2024-05-06,Mid-Market,NI,Partner,False
C007419,2023-04-03,SMB,GQ,Referral,True
C007420,2023-11-28,Enterprise,BW,Referral,True
C007421,2024-08-24,SMB,AR,Partner,True
C007422,2022-04-19,SMB,SB,Organic,True
C007423,2022-03-22,SMB,TG,Paid Ads,True
C007424,2022-09-18,SMB,LA,Paid Ads,True
C007425,2022-04-04,Mid-Market,MD,Organic,True
C007426,2023-08-16,SMB,AF,Partner,False
C007427,2024-08-14,Enterprise,AZ,Paid Ads,True
C007428,2023-03-02,Mid-Market,ES,Paid Ads,True
C007429,2022-04-09,Mid-Market,MH,Organic,True
C007430,2023-06-27,SMB,TO,Partner,True
C007431,2024-04-28,SMB,AO,Paid Ads,True
C007432,2024-08-13,SMB,JM,Paid Ads,False
C007433,2024-11-28,SMB,CU,Referral,False
C007434,2023-08-08,SMB,TJ,Paid Ads,False
C007435,2022-04-18,Enterprise,SM,Referral,True
C007436,2024-02-10,Enterprise,KN,Paid Ads,True
C007437,2023-01-14,SMB,CV,Referral,False
C007438,2024-12-27,SMB,IL,Partner,True
C007439,2022-07-31,Enterprise,CL,Paid Ads,True
C007440,2022-01-04,Mid-Market,SD,Paid Ads,True
C007441,2023-10-13,SMB,UZ,Partner,False
C007442,2022-09-17,SMB,VE,Referral,False
C007443,2024-09-05,SMB,RW,Referral,True
C007444,2023-08-25,Mid-Market,CV,Organic,True
C007445,2022-10-15,Enterprise,ER,Organic,True
C007446,2024-01-08,SMB,BB,Partner,True
C007447,2024-12-22,SMB,MC,Referral,True
C007448,2022-09-15,SMB,TT,Paid Ads,True
C007449,2023-04-20,SMB,SN,Partner,False
C007450,2022-08-20,SMB,ID,Referral,True
C007451,2023-12-22,Mid-Market,KP,Organic,True
C007452,2023-02-24,SMB,KR,Paid Ads,True
C007453,2022-08-28,SMB,LU,Organic,True
C007454,2023-02-21,Enterprise,TH,Paid Ads,True
C007455,2023-11-20,Mid-Market,CD,Partner,True
C007456,2023-10-11,Mid-Market,JO,Organic,True
C007457,2023-02-22,SMB,DE,Partner,True
C007458,2022-06-07,Enterprise,GR,Referral,True
C007459,2023-02-10,SMB,TO,Referral,True
C007460,2022-01-04,SMB,CV,Organic,True
C007461,2024-01-12,Mid-Market,MG,Paid Ads,True
C007462,2024-01-10,SMB,JM,Organic,True
C007463,2024-09-08,SMB,TD,Paid Ads,True
C007464,2023-01-09,Mid-Market,TD,Paid Ads,True
C007465,2022-12-07,SMB,CY,Paid Ads,True
C007466,2023-11-04,Mid-Market,LI,Organic,True
C007467,2024-11-16,SMB,SB,Paid Ads,True
C007468,2024-02-04,Mid-Market,MR,Partner,True
C007469,2023-10-11,Enterprise,DJ,Referral,True
C007470,2023-07-06,SMB,KH,Partner,True
C007471,2023-11-28,Mid-Market,ML,Partner,False
C007472,2024-01-06,Enterprise,NZ,Organic,True
C007473,2022-04-19,Mid-Market,CU,Partner,True
C007474,2024-09-11,SMB,ML,Organic,True
C007475,2023-05-21,SMB,CI,Organic,True
C007476,2023-01-13,SMB,AG,Referral,True
C007477,2024-03-10,SMB,TH,Paid Ads,False
C007478,2023-10-22,SMB,TG,Organic,True
C007479,2024-11-20,SMB,LY,Referral,True
C007480,2023-08-25,Enterprise,KR,Referral,True
C007481,2022-08-06,SMB,CO,Referral,False
C007482,2024-02-25,SMB,SC,Referral,True
C007483,2024-04-04,Mid-Market,IQ,Partner,True
C007484,2023-12-03,SMB,UA,Paid Ads,True
C007485,2024-10-23,SMB,JO,Paid Ads,True
C007486,2023-04-16,Enterprise,ID,Partner,True
C007487,2022-05-10,SMB,CA,Paid Ads,True
C007488,2022-10-30,SMB,WS,Partner,True
C007489,2023-05-18,Enterprise,IE,Paid Ads,True
C007490,2024-08-01,Mid-Market,CH,Referral,False
C007491,2023-08-25,Mid-Market,CL,Organic,True
C007492,2024-07-26,SMB,BG,Referral,True
C007493,2023-08-21,SMB,SO,Referral,True
C007494,2023-01-13,SMB,FI,Organic,True
C007495,2024-02-16,Mid-Market,CO,Referral,False
C007496,2024-04-26,Mid-Market,CO,Paid Ads,False
C007497,2024-04-04,Mid-Market,ES,Organic,True
C007498,2024-05-12,Mid-Market,FI,Organic,True
C007499,2024-08-07,Enterprise,ER,Paid Ads,True
C007500,2024-03-19,Enterprise,IT,Partner,True
C007501,2023-01-29,SMB,TG,Referral,True
C007502,2023-02-17,SMB,ZA,Organic,False
C007503,2022-05-06,SMB,NG,Referral,False
C007504,2024-11-03,SMB,TZ,Organic,True
C007505,2022-12-03,SMB,BZ,Partner,True
C007506,2022-03-01,SMB,SA,Organic,True
C007507,2024-02-13,SMB,ZW,Paid Ads,True
C007508,2023-01-10,Enterprise,KN,Referral,True
C007509,2024-03-22,SMB,HT,Partner,True
C007510,2024-05-01,Mid-Market,KH,Paid Ads,True
C007511,2022-11-11,Mid-Market,IE,Referral,True
C007512,2024-12-09,Mid-Market,CI,Organic,False
C007513,2024-03-12,SMB,KE,Paid Ads,False
C007514,2024-10-06,SMB,SE,Referral,True
C007515,2022-11-05,Mid-Market,AT,Partner,True
C007516,2023-08-12,SMB,SR,Referral,True
C007517,2024-07-09,SMB,CY,Organic,False
C007518,2022-03-23,Mid-Market,PY,Organic,True
C007519,2023-12-08,Mid-Market,HN,Paid Ads,False
C007520,2023-11-17,Enterprise,TG,Referral,True
C007521,2023-11-15,SMB,RW,Referral,True
C007522,2023-06-24,SMB,MN,Partner,True
C007523,2024-07-09,Mid-Market,TO,Partner,True
C007524,2024-08-15,SMB,FI,Paid Ads,True
C007525,2024-03-23,SMB,RU,Partner,True
C007526,2022-07-30,SMB,SE,Paid Ads,True
C007527,2022-09-16,SMB,UA,Referral,True
C007528,2024-07-12,Mid-Market,MZ,Organic,True
C007529,2023-04-21,Mid-Market,SC,Paid Ads,True
C007530,2023-09-25,SMB,ZM,Paid Ads,False
C007531,2023-09-24,SMB,CL,Paid Ads,False
C007532,2024-12-10,Mid-Market,GN,Organic,True
C007533,2024-05-16,SMB,LS,Paid Ads,True
C007534,2023-06-10,Enterprise,HN,Organic,True
C007535,2023-07-27,SMB,GE,Partner,True
C007536,2023-09-11,Mid-Market,CZ,Referral,True
C007537,2024-01-12,Enterprise,CG,Partner,True
C007538,2024-07-30,Mid-Market,TH,Referral,True
C007539,2022-08-26,SMB,ZA,Organic,True
C007540,2022-07-07,SMB,FI,Organic,False
C007541,2023-07-17,SMB,GQ,Partner,False
C007542,2022-01-02,SMB,TT,Organic,True
C007543,2023-04-06,SMB,TT,Paid Ads,True
C007544,2024-07-09,Mid-Market,AL,Partner,True
C007545,2023-03-25,Enterprise,DZ,Partner,False
C007546,2024-03-18,Mid-Market,CN,Partner,True
C007547,2023-04-24,Mid-Market,PG,Referral,True
C007548,2022-12-09,SMB,NO,Paid Ads,True
C007549,2023-08-09,Mid-Market,MC,Partner,True
C007550,2023-12-13,Mid-Market,NP,Partner,True
C007551,2022-06-25,Enterprise,MZ,Paid Ads,True
C007552,2022-06-22,Enterprise,IN,Paid Ads,True
C007553,2023-09-21,Mid-Market,MV,Organic,True
C007554,2022-03-24,SMB,BN,Organic,True
C007555,2024-08-22,SMB,EE,Referral,True
C007556,2023-07-19,SMB,BO,Partner,False
C007557,2022-08-04,SMB,CI,Referral,True
C007558,2022-06-28,Enterprise,DO,Organic,True
C007559,2024-12-25,SMB,IR,Referral,True
C007560,2022-07-30,SMB,DM,Partner,True
C007561,2023-09-08,SMB,IE,Paid Ads,True
C007562,2024-09-19,SMB,TH,Referral,False
C007563,2024-06-20,Mid-Market,ES,Referral,True
C007564,2022-04-28,Mid-Market,PL,Paid Ads,True
C007565,2024-07-07,Mid-Market,CZ,Paid Ads,True
C007566,2023-09-17,SMB,CN,Referral,True
C007567,2024-01-23,Mid-Market,MN,Referral,False
C007568,2022-03-24,Mid-Market,GQ,Organic,True
C007569,2023-03-30,SMB,GW,Partner,False
C007570,2024-10-03,SMB,SV,Organic,True
C007571,2024-08-02,SMB,GR,Referral,True
C007572,2023-05-06,SMB,CH,Paid Ads,False
C007573,2023-08-11,Enterprise,UY,Organic,True
C007574,2022-04-25,SMB,CV,Paid Ads,False
C007575,2024-02-21,Mid-Market,CA,Referral,True
C007576,2022-09-20,Enterprise,NP,Organic,True
C007577,2022-05-13,SMB,MY,Partner,True
C007578,2022-09-26,SMB,ET,Paid Ads,True
C007579,2022-01-07,Enterprise,AR,Paid Ads,True
C007580,2022-02-03,SMB,PH,Organic,True
C007581,2024-04-29,Enterprise,AZ,Referral,True
C007582,2023-02-25,SMB,SC,Organic,False
C007583,2022-09-20,Mid-Market,NG,Partner,False
C007584,2024-01-14,SMB,IN,Paid Ads,True
C007585,2023-07-16,Enterprise,PA,Partner,True
C007586,2023-09-01,Mid-Market,UA,Partner,True
C007587,2022-10-06,Mid-Market,BB,Referral,True
C007588,2022-10-03,Enterprise,KR,Paid Ads,True
C007589,2024-09-08,SMB,TO,Referral,False
C007590,2022-12-26,Mid-Market,AT,Partner,True
C007591,2022-03-13,Enterprise,BI,Referral,True
C007592,2023-12-10,SMB,SM,Referral,True
C007593,2024-09-20,SMB,PY,Partner,True
C007594,2024-12-03,SMB,MA,Organic,False
C007595,2024-01-27,Mid-Market,LT,Partner,True
C007596,2024-01-26,Mid-Market,TV,Partner,True
C007597,2023-09-18,SMB,CR,Partner,False
C007598,2022-03-02,Enterprise,SB,Referral,True
C007599,2024-06-22,Enterprise,CU,Referral,True
C007600,2023-06-24,Enterprise,KZ,Referral,True
C007601,2022-05-14,SMB,BB,Organic,False
C007602,2022-03-29,SMB,NR,Organic,True
C007603,2023-10-14,SMB,KH,Partner,True
C007604,2023-06-11,Enterprise,KM,Paid Ads,True
C007605,2023-06-01,SMB,ER,Partner,True
C007606,2022-09-11,SMB,LK,Paid Ads,False
C007607,2024-10-09,SMB,SC,Paid Ads,True
C007608,2023-10-23,SMB,TO,Partner,True
C007609,2023-02-05,SMB,GM,Partner,False
C007610,2023-06-30,SMB,EG,Referral,True
C007611,2022-12-16,Enterprise,MG,Paid Ads,True
C007612,2023-09-24,SMB,CU,Paid Ads,True
C007613,2023-08-07,SMB,PK,Referral,True
C007614,2022-02-21,SMB,SO,Referral,False
C007615,2023-03-06,SMB,GN,Organic,True
C007616,2023-04-29,SMB,NE,Referral,True
C007617,2024-03-14,SMB,GM,Partner,True
C007618,2024-05-27,Mid-Market,UZ,Organic,True
C007619,2023-06-03,SMB,BS,Organic,True
C007620,2022-02-22,SMB,MC,Partner,True
C007621,2022-08-13,Enterprise,CZ,Organic,True
C007622,2024-12-11,SMB,FJ,Referral,False
C007623,2024-10-05,Mid-Market,MN,Referral,True
C007624,2022-03-25,SMB,TH,Referral,True
C007625,2022-10-12,SMB,US,Partner,True
C007626,2022-08-09,Enterprise,PK,Paid Ads,True
C007627,2024-12-04,SMB,SG,Organic,True
C007628,2022-10-08,SMB,SK,Organic,True
C007629,2023-12-20,Mid-Market,CG,Paid Ads,True
C007630,2022-11-04,Enterprise,MV,Referral,True
C007631,2022-10-15,Enterprise,UA,Paid Ads,True
C007632,2024-04-24,Enterprise,DM,Paid Ads,True
C007633,2022-10-23,Enterprise,VU,Referral,True
C007634,2023-10-03,Mid-Market,WS,Partner,True
C007635,2024-04-03,Enterprise,LY,Organic,False
C007636,2024-07-06,SMB,SV,Organic,True
C007637,2023-06-23,Mid-Market,LT,Organic,True
C007638,2024-01-29,Enterprise,MW,Organic,False
C007639,2022-12-12,Mid-Market,BG,Paid Ads,False
C007640,2022-02-11,Mid-Market,TH,Organic,True
C007641,2024-01-07,SMB,CZ,Partner,True
C007642,2023-03-18,Enterprise,DE,Paid Ads,True
C007643,2023-08-04,Mid-Market,CR,Partner,True
C007644,2022-09-26,SMB,AL,Referral,False
C007645,2024-11-16,SMB,MT,Partner,True
C007646,2024-03-06,SMB,TO,Partner,True
C007647,2024-06-27,SMB,AD,Referral,False
C007648,2024-12-01,SMB,ID,Partner,True
C007649,2024-01-01,SMB,SZ,Paid Ads,True
C007650,2024-11-16,Enterprise,NP,Paid Ads,True
C007651,2022-03-23,Mid-Market,TM,Partner,False
C007652,2024-05-21,SMB,CF,Partner,False
C007653,2024-01-12,SMB,MN,Referral,True
C007654,2023-06-16,Enterprise,DO,Partner,True
C007655,2022-10-29,SMB,MV,Referral,True
C007656,2022-01-30,Mid-Market,BB,Referral,True
C007657,2023-02-08,SMB,DO,Referral,True
C007658,2024-03-23,SMB,MC,Paid Ads,True
C007659,2023-07-16,Mid-Market,KW,Organic,True
C007660,2024-10-31,Mid-Market,HR,Paid Ads,False
C007661,2024-07-21,SMB,US,Referral,True
C007662,2023-07-10,Mid-Market,LY,Referral,True
C007663,2023-01-05,SMB,PE,Organic,True
C007664,2022-10-15,Enterprise,AT,Organic,True
C007665,2024-07-26,Mid-Market,MH,Partner,True
C007666,2023-10-16,SMB,TR,Organic,True
C007667,2022-09-15,Mid-Market,PL,Paid Ads,True
C007668,2024-05-08,SMB,BB,Paid Ads,True
C007669,2024-08-07,SMB,KR,Referral,True
C007670,2024-10-28,Mid-Market,BD,Organic,True
C007671,2024-08-08,Enterprise,ZW,Organic,True
C007672,2024-04-12,SMB,PS,Partner,True
C007673,2022-02-25,SMB,BF,Partner,True
C007674,2022-03-14,SMB,SI,Organic,True
C007675,2023-10-31,Mid-Market,JM,Organic,True
C007676,2023-09-10,SMB,CY,Referral,True
C007677,2022-08-27,Mid-Market,LA,Referral,True
C007678,2024-12-26,Mid-Market,AD,Organic,False
C007679,2022-03-30,Mid-Market,PS,Referral,False
C007680,2023-05-11,Enterprise,TN,Referral,True
C007681,2023-07-13,SMB,MU,Paid Ads,True
C007682,2022-05-25,SMB,ME,Referral,True
C007683,2024-12-19,SMB,LC,Organic,True
C007684,2024-11-26,SMB,CZ,Organic,False
C007685,2023-03-05,Mid-Market,VN,Partner,True
C007686,2023-01-07,SMB,MY,Organic,True
C007687,2022-03-01,SMB,AF,Referral,True
C007688,2024-08-14,SMB,MV,Referral,True
C007689,2023-07-25,Enterprise,BZ,Referral,True
C007690,2024-10-09,SMB,NO,Organic,False
C007691,2023-05-02,SMB,KW,Paid Ads,True
C007692,2023-05-18,SMB,EE,Partner,True
C007693,2023-09-05,SMB,BN,Paid Ads,True
C007694,2022-08-13,Enterprise,CR,Partner,True
C007695,2022-11-10,SMB,SC,Partner,True
C007696,2023-05-03,Enterprise,LB,Organic,True
C007697,2023-12-17,SMB,PK,Organic,True
C007698,2023-09-01,Mid-Market,SY,Organic,True
C007699,2024-08-15,Mid-Market,VA,Referral,True
C007700,2023-11-06,SMB,PT,Organic,True
C007701,2024-10-07,Mid-Market,IE,Paid Ads,True
C007702,2024-06-21,Enterprise,NE,Paid Ads,True
C007703,2023-02-11,Enterprise,KH,Paid Ads,True
C007704,2024-01-17,Enterprise,LT,Partner,False
C007705,2024-04-23,SMB,TR,Referral,False
C007706,2024-09-29,SMB,BN,Organic,True
C007707,2022-01-10,SMB,BZ,Organic,True
C007708,2023-08-09,Mid-Market,SO,Paid Ads,True
C007709,2023-02-02,Mid-Market,SO,Referral,True
C007710,2022-04-05,SMB,CV,Paid Ads,False
C007711,2023-03-30,SMB,TL,Partner,True
C007712,2022-08-18,SMB,KG,Organic,False
C007713,2022-12-16,SMB,PS,Referral,True
C007714,2023-05-13,Mid-Market,CN,Organic,False
C007715,2024-01-29,Mid-Market,LR,Referral,True
C007716,2024-01-23,Mid-Market,AT,Partner,True
C007717,2024-03-18,Mid-Market,AT,Paid Ads,True
C007718,2022-10-27,SMB,SY,Partner,True
C007719,2024-01-24,SMB,ME,Organic,True
C007720,2024-04-15,SMB,KR,Organic,True
C007721,2022-03-06,Enterprise,MW,Referral,True
C007722,2022-10-07,Mid-Market,PS,Paid Ads,False
C007723,2024-06-24,SMB,MU,Paid Ads,True
C007724,2024-09-05,SMB,GH,Organic,True
C007725,2024-01-23,SMB,SE,Partner,False
C007726,2022-03-31,Mid-Market,VU,Paid Ads,False
C007727,2022-11-30,Mid-Market,GR,Partner,True
C007728,2024-01-10,SMB,AZ,Referral,True
C007729,2024-10-12,Mid-Market,TV,Paid Ads,True
C007730,2023-07-05,SMB,KN,Referral,True
C007731,2024-09-25,SMB,HR,Organic,False
C007732,2024-07-20,SMB,RW,Referral,False
C007733,2022-05-25,Enterprise,PS,Partner,True
C007734,2022-01-22,SMB,NL,Organic,False
C007735,2023-06-01,Enterprise,BS,Partner,True
C007736,2024-01-30,Mid-Market,AG,Partner,True
C007737,2023-05-10,SMB,MM,Organic,False
C007738,2024-12-05,SMB,LY,Referral,True
C007739,2023-03-16,SMB,CM,Organic,False
C007740,2022-04-15,SMB,CU,Organic,True
C007741,2023-09-18,SMB,WS,Organic,False
C007742,2022-07-08,Mid-Market,GY,Partner,True
C007743,2024-08-08,Enterprise,AZ,Organic,True
C007744,2023-06-03,Mid-Market,SL,Organic,True
C007745,2024-10-23,SMB,KW,Referral,True
C007746,2024-04-11,SMB,TT,Paid Ads,False
C007747,2023-09-13,Enterprise,MZ,Partner,True
C007748,2024-06-02,Enterprise,MM,Paid Ads,True
C007749,2024-10-07,SMB,GQ,Paid Ads,True
C007750,2024-02-23,Enterprise,KG,Paid Ads,True
C007751,2024-06-16,SMB,KE,Organic,True
C007752,2023-02-23,SMB,MU,Referral,False
C007753,2023-12-22,SMB,BR,Referral,True
C007754,2023-08-16,SMB,LS,Referral,False
C007755,2022-11-26,SMB,BD,Paid Ads,True
C007756,2024-05-14,Mid-Market,CY,Organic,True
C007757,2023-06-01,SMB,MM,Paid Ads,True
C007758,2022-01-01,SMB,NP,Partner,True
C007759,2024-06-13,SMB,BR,Referral,False
C007760,2022-07-12,Mid-Market,PA,Partner,True
C007761,2024-01-22,SMB,BE,Referral,False
C007762,2024-02-27,Mid-Market,MM,Organic,True
C007763,2023-03-23,SMB,GN,Partner,True
C007764,2023-10-04,SMB,GQ,Partner,True
C007765,2023-05-21,SMB,MX,Referral,True
C007766,2022-06-29,SMB,KW,Partner,True
C007767,2022-11-21,Mid-Market,IL,Organic,True
C007768,2024-11-27,Mid-Market,AG,Referral,False
C007769,2024-10-29,Mid-Market,MG,Referral,True
C007770,2022-11-02,SMB,BW,Referral,True
C007771,2023-03-08,Enterprise,CI,Organic,True
C007772,2024-10-20,SMB,GQ,Paid Ads,False
C007773,2024-05-16,SMB,RS,Referral,True
C007774,2023-01-29,Mid-Market,ID,Paid Ads,True
C007775,2023-04-07,Mid-Market,SC,Referral,False
C007776,2023-05-24,Mid-Market,AU,Referral,True
C007777,2024-03-15,SMB,UZ,Referral,True
C007778,2023-11-02,Enterprise,GY,Paid Ads,True
C007779,2022-10-28,Mid-Market,NL,Paid Ads,True
C007780,2023-11-07,SMB,NE,Paid Ads,True
C007781,2023-05-08,Enterprise,CH,Referral,False
C007782,2023-06-24,SMB,BA,Partner,True
C007783,2022-06-26,SMB,BT,Partner,False
C007784,2023-06-30,SMB,SL,Referral,True
C007785,2023-03-15,Mid-Market,JP,Partner,True
C007786,2024-11-05,SMB,IR,Paid Ads,True
C007787,2024-01-30,Mid-Market,HR,Referral,True
C007788,2023-07-05,Mid-Market,AR,Organic,False
C007789,2024-05-08,SMB,BR,Organic,True
C007790,2024-12-14,SMB,RW,Organic,True
C007791,2024-04-25,SMB,TR,Organic,False
C007792,2024-01-29,SMB,TR,Partner,True
C007793,2022-11-22,SMB,EE,Paid Ads,True
C007794,2024-07-19,SMB,EE,Paid Ads,True
C007795,2024-01-29,SMB,LY,Partner,False
C007796,2023-08-23,SMB,JM,Referral,True
C007797,2022-03-17,Mid-Market,TJ,Partner,True
C007798,2022-06-03,SMB,GR,Referral,False
C007799,2024-07-30,Mid-Market,NA,Paid Ads,True
C007800,2023-04-20,Mid-Market,IQ,Referral,False
C007801,2023-03-08,SMB,CA,Referral,False
C007802,2022-11-19,SMB,CN,Referral,True
C007803,2024-08-12,Enterprise,NA,Referral,True
C007804,2023-08-28,Enterprise,SO,Paid Ads,True
C007805,2022-05-09,SMB,TZ,Referral,False
C007806,2024-03-04,SMB,CZ,Referral,True
C007807,2023-02-12,Mid-Market,CG,Referral,True
C007808,2023-10-30,Enterprise,DZ,Partner,True
C007809,2023-12-10,Mid-Market,BT,Paid Ads,False
C007810,2022-10-01,Mid-Market,SA,Referral,True
C007811,2024-02-29,SMB,CF,Referral,False
C007812,2024-05-31,SMB,BD,Referral,False
C007813,2024-09-15,SMB,LU,Organic,True
C007814,2022-07-28,Mid-Market,SI,Referral,True
C007815,2022-09-05,Mid-Market,BW,Referral,True
C007816,2024-08-15,SMB,MA,Organic,True
C007817,2022-08-06,SMB,VA,Paid Ads,True
C007818,2022-07-23,SMB,VE,Partner,True
C007819,2022-12-04,Mid-Market,IE,Partner,True
C007820,2022-12-09,SMB,ME,Partner,True
C007821,2024-05-27,SMB,GA,Paid Ads,True
C007822,2023-10-27,SMB,CU,Organic,True
C007823,2024-02-06,Enterprise,TJ,Partner,True
C007824,2024-03-20,Mid-Market,IN,Paid Ads,True
C007825,2024-07-06,SMB,ET,Partner,True
C007826,2024-02-14,Mid-Market,SK,Partner,True
C007827,2023-01-14,SMB,HR,Referral,True
C007828,2023-04-30,SMB,MK,Referral,True
C007829,2024-06-21,SMB,TH,Referral,False
C007830,2023-02-15,Mid-Market,MZ,Partner,True
C007831,2022-09-07,Mid-Market,AO,Partner,True
C007832,2023-12-25,Mid-Market,PG,Referral,True
C007833,2024-06-10,SMB,HU,Organic,True
C007834,2024-09-09,SMB,HR,Referral,False
C007835,2024-08-16,SMB,LC,Paid Ads,True
C007836,2022-11-09,Mid-Market,NG,Paid Ads,True
C007837,2023-09-25,SMB,AT,Organic,True
C007838,2023-01-27,SMB,GN,Paid Ads,True
C007839,2024-12-17,SMB,BJ,Referral,True
C007840,2023-05-06,SMB,ZA,Paid Ads,True
C007841,2022-07-06,SMB,PL,Partner,True
C007842,2023-05-31,Mid-Market,GN,Partner,False
C007843,2022-09-07,SMB,UZ,Partner,True
C007844,2022-11-25,SMB,TG,Referral,True
C007845,2023-01-14,Mid-Market,TD,Organic,True
C007846,2023-05-08,Mid-Market,MK,Organic,True
C007847,2023-02-16,SMB,KR,Partner,True
C007848,2023-01-31,Enterprise,GY,Paid Ads,True
C007849,2024-11-12,SMB,SE,Organic,False
C007850,2023-08-03,Enterprise,BY,Referral,True
C007851,2022-10-18,Enterprise,IN,Paid Ads,True
C007852,2022-11-29,Mid-Market,TV,Organic,True
C007853,2024-11-26,SMB,SD,Paid Ads,True
C007854,2022-09-13,SMB,BA,Referral,True
C007855,2022-11-07,Enterprise,PH,Paid Ads,True
C007856,2022-08-12,SMB,NE,Referral,True
C007857,2024-05-16,Mid-Market,ML,Referral,True
C007858,2022-09-16,Mid-Market,KH,Organic,False
C007859,2022-07-22,Mid-Market,KN,Paid Ads,True
C007860,2023-06-25,SMB,VN,Partner,False
C007861,2024-06-12,SMB,ZM,Referral,False
C007862,2022-02-20,SMB,VU,Referral,False
C007863,2023-06-17,Enterprise,SR,Partner,True
C007864,2023-09-28,Enterprise,SL,Paid Ads,True
C007865,2024-03-10,SMB,MV,Partner,True
C007866,2024-10-20,SMB,PS,Paid Ads,False
C007867,2024-01-04,SMB,BE,Paid Ads,True
C007868,2022-01-17,Mid-Market,EE,Referral,True
C007869,2022-12-03,SMB,AO,Referral,False
C007870,2022-03-25,SMB,PK,Partner,True
C007871,2022-10-29,SMB,VE,Referral,False
C007872,2022-12-11,SMB,CN,Paid Ads,True
C007873,2023-12-27,SMB,EG,Partner,True
C007874,2024-10-27,SMB,ZA,Referral,True
C007875,2023-06-11,Enterprise,AZ,Paid Ads,True
C007876,2022-05-02,SMB,BO,Paid Ads,True
C007877,2024-10-05,SMB,BE,Organic,True
C007878,2023-05-01,Mid-Market,HU,Partner,True
C007879,2022-08-17,Enterprise,AF,Referral,False
C007880,2023-06-15,Enterprise,VN,Referral,False
C007881,2023-10-26,SMB,BE,Referral,True
C007882,2022-09-24,SMB,TW,Organic,True
C007883,2022-04-06,SMB,IR,Paid Ads,True
C007884,2023-04-10,Mid-Market,US,Partner,False
C007885,2022-12-24,Mid-Market,MH,Organic,True
C007886,2023-06-17,Mid-Market,SA,Paid Ads,True
C007887,2024-05-24,SMB,SM,Organic,True
C007888,2022-09-17,SMB,PL,Paid Ads,True
C007889,2024-08-29,SMB,SG,Partner,True
C007890,2023-11-23,Mid-Market,ZA,Referral,True
C007891,2023-08-01,Enterprise,AM,Paid Ads,True
C007892,2024-05-16,SMB,PA,Organic,True
C007893,2024-03-19,Enterprise,IN,Referral,True
C007894,2023-05-30,SMB,SR,Partner,True
C007895,2022-01-16,SMB,MU,Referral,True
C007896,2024-11-22,Mid-Market,TD,Organic,True
C007897,2023-11-22,Enterprise,CH,Organic,True
C007898,2022-04-24,Mid-Market,MG,Paid Ads,True
C007899,2024-10-22,Mid-Market,TN,Paid Ads,True
C007900,2023-09-28,Mid-Market,AZ,Referral,True
C007901,2022-06-25,Mid-Market,AU,Organic,True
C007902,2022-01-25,SMB,ME,Partner,True
C007903,2024-03-25,Mid-Market,DZ,Paid Ads,True
C007904,2022-09-25,SMB,TV,Partner,False
C007905,2023-06-23,SMB,BW,Organic,True
C007906,2024-01-31,SMB,SM,Organic,False
C007907,2022-07-03,SMB,NP,Organic,True
C007908,2024-05-28,SMB,DO,Referral,True
C007909,2022-09-08,SMB,ZA,Paid Ads,True
C007910,2022-10-13,SMB,SO,Paid Ads,True
C007911,2024-11-04,Enterprise,NZ,Referral,True
C007912,2024-02-28,SMB,EE,Partner,True
C007913,2022-07-08,Enterprise,ES,Partner,False
C007914,2022-04-13,SMB,NL,Referral,False
C007915,2023-10-10,SMB,QA,Partner,False
C007916,2022-02-15,SMB,IL,Referral,True
C007917,2024-06-01,SMB,KH,Paid Ads,False
C007918,2024-07-12,SMB,BI,Paid Ads,False
C007919,2022-08-13,SMB,JO,Paid Ads,True
C007920,2024-07-04,SMB,LK,Referral,True
C007921,2022-03-07,SMB,TV,Organic,True
C007922,2024-01-18,SMB,AF,Paid Ads,False
C007923,2024-12-14,SMB,BJ,Organic,False
C007924,2023-05-23,Enterprise,SM,Referral,True
C007925,2022-06-30,Mid-Market,LK,Paid Ads,True
C007926,2022-02-16,SMB,IE,Organic,True
C007927,2023-10-30,SMB,JP,Paid Ads,True
C007928,2024-08-02,SMB,LU,Organic,True
C007929,2024-08-03,Enterprise,TZ,Partner,True
C007930,2023-01-10,Enterprise,KE,Partner,True
C007931,2023-10-11,SMB,NG,Organic,True
C007932,2022-11-21,Mid-Market,MD,Organic,True
C007933,2022-08-27,SMB,MZ,Organic,True
C007934,2024-08-15,SMB,GR,Partner,True
C007935,2024-05-13,Mid-Market,IQ,Referral,False
C007936,2022-03-03,SMB,LT,Paid Ads,True
C007937,2022-03-03,SMB,ET,Organic,True
C007938,2023-07-02,SMB,KM,Paid Ads,True
C007939,2024-03-12,SMB,IR,Paid Ads,True
C007940,2022-01-08,Mid-Market,SE,Paid Ads,True
C007941,2022-12-04,SMB,NE,Paid Ads,True
C007942,2022-06-07,Mid-Market,CA,Partner,True
C007943,2022-04-18,SMB,BR,Paid Ads,False
C007944,2023-12-25,SMB,CH,Organic,True
C007945,2022-09-10,Mid-Market,CH,Paid Ads,False
C007946,2023-09-17,SMB,CN,Partner,True
C007947,2022-02-12,SMB,GE,Paid Ads,True
C007948,2024-07-08,SMB,SK,Organic,True
C007949,2022-03-18,SMB,MX,Referral,True
C007950,2024-11-03,SMB,WS,Paid Ads,True
C007951,2023-02-15,Enterprise,US,Paid Ads,False
C007952,2023-08-06,SMB,TL,Referral,True
C007953,2024-07-30,SMB,PS,Partner,False
C007954,2022-06-27,SMB,GB,Referral,True
C007955,2023-03-06,SMB,JP,Referral,True
C007956,2022-02-16,SMB,PK,Paid Ads,True
C007957,2022-05-18,Mid-Market,AE,Organic,True
C007958,2023-10-15,SMB,MN,Organic,False
C007959,2024-09-18,SMB,FJ,Referral,False
C007960,2022-03-16,Mid-Market,NG,Referral,True
C007961,2023-07-15,SMB,RU,Referral,True
C007962,2024-07-01,SMB,SI,Partner,False
C007963,2024-05-29,SMB,SM,Organic,True
C007964,2023-11-21,SMB,MC,Partner,True
C007965,2023-01-18,SMB,MT,Partner,False
C007966,2022-10-31,SMB,UA,Paid Ads,True
C007967,2022-06-17,SMB,MT,Organic,False
C007968,2024-01-22,SMB,PL,Referral,True
C007969,2023-12-22,Mid-Market,BG,Referral,True
C007970,2023-04-24,Mid-Market,GD,Partner,True
C007971,2022-09-24,Enterprise,PG,Partner,True
C007972,2022-11-24,Enterprise,KE,Partner,True
C007973,2022-10-04,Mid-Market,MU,Paid Ads,True
C007974,2022-01-14,SMB,AZ,Paid Ads,True
C007975,2022-11-19,SMB,ST,Referral,False
C007976,2022-08-10,Mid-Market,SR,Partner,True
C007977,2023-09-17,SMB,MT,Paid Ads,True
C007978,2023-12-14,Enterprise,IS,Partner,True
C007979,2024-11-22,SMB,EG,Paid Ads,True
C007980,2022-03-04,SMB,CI,Organic,False
C007981,2024-11-20,Mid-Market,GQ,Paid Ads,True
C007982,2022-11-17,Mid-Market,SN,Paid Ads,True
C007983,2024-03-25,SMB,PA,Partner,False
C007984,2022-10-26,Mid-Market,AL,Paid Ads,True
C007985,2022-06-10,Enterprise,CI,Paid Ads,True
C007986,2023-11-22,SMB,GD,Organic,True
C007987,2024-12-27,SMB,SG,Paid Ads,True
C007988,2023-07-24,Mid-Market,RW,Organic,True
C007989,2024-04-06,SMB,MR,Organic,True
C007990,2024-09-21,SMB,MZ,Paid Ads,True
C007991,2023-02-28,SMB,HN,Referral,False
C007992,2024-03-16,SMB,GD,Paid Ads,True
C007993,2022-11-27,Mid-Market,UA,Organic,True
C007994,2022-07-26,Mid-Market,VA,Partner,False
C007995,2022-11-25,Enterprise,DZ,Partner,True
C007996,2023-02-10,Mid-Market,BG,Partner,True
C007997,2022-01-25,Mid-Market,FI,Paid Ads,True
C007998,2024-02-16,SMB,MD,Partner,True
C007999,2024-10-09,Mid-Market,BB,Partner,False
C008000,2023-01-09,SMB,SG,Organic,True
C008001,2023-12-25,SMB,CO,Partner,True
C008002,2024-07-06,Enterprise,MY,Referral,True
C008003,2023-09-01,SMB,IL,Organic,True
C008004,2022-10-13,Enterprise,UY,Partner,True
C008005,2024-12-18,SMB,GQ,Organic,True
C008006,2022-02-14,SMB,SK,Referral,True
C008007,2024-03-28,Mid-Market,BN,Partner,True
C008008,2022-02-04,SMB,OM,Organic,True
C008009,2022-03-07,SMB,TD,Paid Ads,False
C008010,2023-04-01,Enterprise,IE,Partner,True
C008011,2022-03-03,Mid-Market,MZ,Paid Ads,True
C008012,2023-05-04,Mid-Market,BH,Organic,True
C008013,2024-02-13,SMB,PT,Partner,False
C008014,2023-05-31,Mid-Market,VC,Referral,True
C008015,2023-05-01,SMB,GY,Partner,True
C008016,2023-06-15,SMB,BE,Partner,True
C008017,2024-10-05,Mid-Market,PT,Referral,True
C008018,2024-12-22,SMB,MX,Partner,True
C008019,2022-10-30,SMB,GT,Referral,True
C008020,2023-02-24,Mid-Market,NZ,Paid Ads,True
C008021,2022-11-06,Mid-Market,LI,Organic,True
C008022,2023-08-04,SMB,LY,Paid Ads,True
C008023,2023-09-24,SMB,AF,Partner,True
C008024,2024-06-26,Enterprise,CM,Paid Ads,True
C008025,2023-06-18,SMB,ET,Partner,True
C008026,2023-06-09,Enterprise,KE,Organic,True
C008027,2022-07-25,Enterprise,BB,Paid Ads,True
C008028,2023-04-09,Mid-Market,ST,Paid Ads,True
C008029,2022-12-26,Enterprise,CI,Partner,True
C008030,2024-05-09,Enterprise,MT,Organic,True
C008031,2024-06-10,SMB,AO,Referral,True
C008032,2023-09-10,Mid-Market,EC,Partner,True
C008033,2023-04-06,Enterprise,MY,Organic,True
C008034,2022-12-21,SMB,HU,Referral,True
C008035,2022-01-20,SMB,SK,Partner,False
C008036,2023-08-06,Enterprise,PH,Organic,True
C008037,2024-03-28,SMB,KE,Paid Ads,True
C008038,2024-09-26,SMB,MM,Paid Ads,True
C008039,2022-05-01,Mid-Market,RW,Organic,True
C008040,2022-09-01,SMB,IS,Partner,True
C008041,2024-02-06,SMB,ST,Partner,True
C008042,2024-07-11,Mid-Market,GT,Referral,False
C008043,2023-12-27,Mid-Market,CI,Partner,True
C008044,2024-07-08,SMB,GH,Organic,True
C008045,2024-08-16,SMB,JP,Paid Ads,False
C008046,2024-01-16,Mid-Market,VN,Paid Ads,True
C008047,2022-02-07,Enterprise,SN,Partner,False
C008048,2022-06-28,Mid-Market,UA,Organic,True
C008049,2023-02-20,Mid-Market,PL,Partner,False
C008050,2022-09-01,SMB,TR,Referral,False
C008051,2024-03-14,SMB,HT,Partner,False
C008052,2023-09-22,SMB,RO,Partner,True
C008053,2022-10-06,Mid-Market,MU,Paid Ads,True
C008054,2024-06-30,SMB,ST,Organic,True
C008055,2022-06-22,SMB,DO,Paid Ads,True
C008056,2022-02-19,SMB,AG,Paid Ads,True
C008057,2024-03-17,Mid-Market,BE,Partner,True
C008058,2024-01-21,SMB,AF,Partner,True
C008059,2023-10-12,SMB,LU,Referral,True
C008060,2024-06-21,SMB,GN,Organic,True
C008061,2023-08-24,Mid-Market,CN,Referral,True
C008062,2023-01-28,SMB,SK,Partner,True
C008063,2024-01-15,SMB,KW,Partner,False
C008064,2022-02-24,SMB,CV,Partner,True
C008065,2023-07-21,SMB,SR,Paid Ads,False
C008066,2024-08-19,Enterprise,WS,Partner,True
C008067,2024-11-07,Mid-Market,IL,Organic,True
C008068,2022-02-20,Mid-Market,PK,Partner,True
C008069,2022-03-18,SMB,TD,Referral,True
C008070,2023-04-27,Mid-Market,PL,Partner,True
C008071,2024-10-04,SMB,BG,Partner,True
C008072,2022-02-24,SMB,VN,Referral,True
C008073,2024-10-12,SMB,BT,Paid Ads,True
C008074,2023-12-04,SMB,SN,Organic,True
C008075,2023-09-14,SMB,MV,Referral,False
C008076,2024-12-25,SMB,CO,Organic,True
C008077,2022-09-04,SMB,UG,Referral,True
C008078,2024-08-31,Mid-Market,SV,Partner,True
C008079,2024-06-01,SMB,PS,Referral,True
C008080,2023-03-24,SMB,DO,Referral,True
C008081,2024-11-21,SMB,KI,Partner,False
C008082,2024-12-05,SMB,TJ,Referral,False
C008083,2023-04-13,Mid-Market,GD,Partner,False
C008084,2023-08-17,SMB,BH,Organic,True
C008085,2022-02-27,SMB,LC,Referral,True
C008086,2023-05-31,Enterprise,BZ,Partner,True
C008087,2022-09-12,Mid-Market,LI,Paid Ads,True
C008088,2024-01-09,SMB,VN,Paid Ads,False
C008089,2022-06-11,SMB,FR,Paid Ads,True
C008090,2022-11-02,SMB,ET,Paid Ads,True
C008091,2022-06-14,SMB,EE,Referral,True
C008092,2022-09-21,SMB,ET,Referral,True
C008093,2023-07-02,Enterprise,GE,Referral,True
C008094,2022-06-09,Mid-Market,CR,Paid Ads,True
C008095,2024-06-16,SMB,GR,Partner,True
C008096,2022-01-01,Mid-Market,MY,Paid Ads,False
C008097,2022-01-28,SMB,TO,Referral,False
C008098,2022-12-23,SMB,MG,Organic,True
C008099,2022-02-11,SMB,AT,Paid Ads,True
C008100,2022-01-16,SMB,MC,Paid Ads,True
C008101,2024-09-21,Enterprise,TO,Organic,True
C008102,2024-06-11,Enterprise,KZ,Organic,True
C008103,2022-08-06,Mid-Market,PS,Partner,False
C008104,2024-04-02,SMB,LC,Paid Ads,True
C008105,2023-09-17,Mid-Market,BA,Partner,True
C008106,2024-09-20,SMB,GY,Paid Ads,False
C008107,2024-03-08,Enterprise,MH,Organic,True
C008108,2024-07-19,SMB,ID,Partner,True
C008109,2022-01-01,SMB,WS,Paid Ads,True
C008110,2024-09-11,SMB,PG,Partner,True
C008111,2022-12-10,Enterprise,IS,Paid Ads,True
C008112,2022-09-17,Mid-Market,VE,Referral,True
C008113,2022-11-03,Mid-Market,GT,Paid Ads,True
C008114,2022-07-12,SMB,SA,Paid Ads,True
C008115,2022-04-15,Enterprise,TJ,Partner,True
C008116,2024-11-29,Mid-Market,FR,Referral,True
C008117,2023-07-12,SMB,VN,Paid Ads,False
C008118,2024-05-24,SMB,VU,Partner,False
C008119,2023-10-28,SMB,GT,Paid Ads,True
C008120,2022-05-16,Mid-Market,NZ,Organic,True
C008121,2023-04-02,Mid-Market,GE,Partner,True
C008122,2022-12-04,Mid-Market,NI,Organic,False
C008123,2023-07-23,SMB,UZ,Referral,True
C008124,2023-03-26,Mid-Market,DM,Partner,True
C008125,2022-05-01,Mid-Market,SO,Partner,False
C008126,2023-06-22,SMB,SV,Partner,False
C008127,2024-08-25,SMB,HR,Paid Ads,True
C008128,2023-01-12,SMB,AO,Organic,True
C008129,2022-04-11,Enterprise,CO,Paid Ads,True
C008130,2022-10-26,SMB,MU,Referral,True
C008131,2024-08-08,Mid-Market,LC,Referral,True
C008132,2022-05-01,SMB,DE,Partner,True
C008133,2023-03-20,Enterprise,BO,Referral,True
C008134,2023-02-15,Mid-Market,NP,Partner,True
C008135,2022-12-11,Enterprise,ET,Paid Ads,False
C008136,2024-08-07,SMB,PG,Paid Ads,True
C008137,2022-10-25,SMB,UA,Partner,True
C008138,2023-03-26,Mid-Market,FJ,Paid Ads,True
C008139,2022-09-29,SMB,LC,Partner,True
C008140,2024-10-27,SMB,ML,Organic,False
C008141,2024-09-08,SMB,IR,Referral,True
C008142,2023-06-29,SMB,BE,Organic,True
C008143,2024-10-29,SMB,TD,Paid Ads,True
C008144,2024-03-12,SMB,AD,Paid Ads,True
C008145,2024-06-30,SMB,CI,Organic,False
C008146,2023-02-21,Mid-Market,JP,Organic,True
C008147,2023-02-09,SMB,NE,Organic,True
C008148,2024-07-21,SMB,BS,Organic,True
C008149,2024-08-07,Enterprise,VC,Partner,True
C008150,2024-11-20,Mid-Market,UA,Organic,True
C008151,2023-04-01,Mid-Market,ER,Partner,True
C008152,2022-11-24,SMB,ER,Partner,False
C008153,2023-09-13,SMB,CV,Partner,True
C008154,2023-12-26,SMB,CD,Paid Ads,True
C008155,2024-07-15,Mid-Market,MG,Organic,True
C008156,2023-10-27,SMB,CF,Organic,True
C008157,2024-03-28,SMB,TJ,Partner,True
C008158,2022-03-30,SMB,CA,Paid Ads,True
C008159,2024-01-24,SMB,IR,Organic,True
C008160,2022-07-02,Mid-Market,CH,Referral,True
C008161,2024-11-28,SMB,CF,Paid Ads,False
C008162,2023-06-25,SMB,GB,Referral,True
C008163,2022-12-25,Enterprise,UA,Organic,True
C008164,2023-08-29,SMB,BO,Partner,True
C008165,2022-12-15,Enterprise,NI,Referral,True
C008166,2023-07-21,Enterprise,SG,Referral,False
C008167,2023-05-11,Mid-Market,IQ,Organic,True
C008168,2023-03-13,Mid-Market,DO,Paid Ads,True
C008169,2022-11-03,SMB,FR,Organic,False
C008170,2023-07-21,Mid-Market,CH,Organic,True
C008171,2022-08-23,SMB,PH,Paid Ads,True
C008172,2024-11-14,SMB,MV,Partner,True
C008173,2023-08-05,SMB,EE,Referral,True
C008174,2023-08-04,SMB,AE,Referral,True
C008175,2023-08-16,SMB,BY,Partner,True
C008176,2022-05-31,SMB,KI,Partner,False
C008177,2024-06-30,Mid-Market,BH,Partner,True
C008178,2023-03-06,SMB,IQ,Referral,False
C008179,2023-09-09,Mid-Market,JP,Paid Ads,False
C008180,2022-12-04,SMB,BS,Paid Ads,False
C008181,2024-09-14,SMB,JP,Organic,False
C008182,2024-04-24,Mid-Market,AU,Paid Ads,False
C008183,2024-04-21,SMB,MD,Organic,True
C008184,2022-03-18,SMB,MK,Partner,True
C008185,2022-01-26,Enterprise,NE,Paid Ads,True
C008186,2023-12-11,Mid-Market,BE,Paid Ads,True
C008187,2023-04-19,SMB,NG,Partner,True
C008188,2023-06-28,SMB,DM,Partner,True
C008189,2023-09-01,Enterprise,TD,Referral,True
C008190,2024-12-30,SMB,LB,Paid Ads,True
C008191,2022-05-27,SMB,NO,Organic,True
C008192,2024-08-18,SMB,KZ,Paid Ads,True
C008193,2022-06-29,Enterprise,JM,Organic,True
C008194,2024-05-15,SMB,IQ,Partner,True
C008195,2023-10-12,Mid-Market,RO,Referral,True
C008196,2024-08-27,Mid-Market,UZ,Partner,True
C008197,2023-03-16,SMB,KP,Paid Ads,True
C008198,2023-04-14,Enterprise,KZ,Paid Ads,True
C008199,2023-11-19,SMB,GB,Organic,False
C008200,2023-10-26,SMB,SZ,Partner,False
C008201,2024-11-09,SMB,MM,Partner,True
C008202,2024-11-08,SMB,SD,Partner,True
C008203,2024-12-18,Enterprise,MM,Paid Ads,True
C008204,2022-04-19,SMB,ZA,Organic,True
C008205,2023-01-11,Enterprise,AG,Referral,True
C008206,2024-09-22,SMB,SZ,Organic,False
C008207,2023-06-09,Enterprise,VN,Referral,False
C008208,2022-04-25,SMB,NZ,Paid Ads,True
C008209,2022-03-25,Mid-Market,HU,Referral,True
C008210,2024-06-18,SMB,ST,Organic,False
C008211,2024-06-12,SMB,KI,Organic,True
C008212,2023-11-22,SMB,RW,Partner,False
C008213,2024-07-23,SMB,GQ,Organic,True
C008214,2023-11-18,SMB,NG,Partner,True
C008215,2023-06-04,SMB,VE,Referral,True
C008216,2023-02-18,Enterprise,PL,Paid Ads,True
C008217,2024-09-09,SMB,AD,Referral,True
C008218,2024-09-28,SMB,SO,Partner,True
C008219,2022-08-23,SMB,LV,Partner,True
C008220,2022-03-13,Mid-Market,LV,Paid Ads,True
C008221,2023-06-02,SMB,AF,Partner,False
C008222,2023-07-15,Mid-Market,ET,Referral,False
C008223,2023-04-27,Mid-Market,GN,Referral,True
C008224,2022-03-23,SMB,YE,Paid Ads,True
C008225,2022-03-05,SMB,BR,Partner,True
C008226,2022-04-19,Mid-Market,NP,Paid Ads,True
C008227,2023-10-28,Enterprise,SM,Organic,True
C008228,2023-10-16,Mid-Market,OM,Paid Ads,True
C008229,2024-01-07,Mid-Market,VU,Paid Ads,True
C008230,2022-04-15,Mid-Market,AE,Partner,True
C008231,2022-07-15,Enterprise,MC,Paid Ads,True
C008232,2023-10-01,SMB,SR,Referral,True
C008233,2023-11-15,SMB,TM,Referral,True
C008234,2022-01-26,SMB,GQ,Referral,False
C008235,2023-04-25,SMB,BR,Referral,True
C008236,2022-08-09,SMB,IE,Referral,True
C008237,2024-01-12,Enterprise,MX,Paid Ads,True
C008238,2022-11-03,SMB,PA,Paid Ads,True
C008239,2024-02-23,SMB,ER,Partner,False
C008240,2023-12-05,SMB,KN,Organic,True
C008241,2024-11-07,SMB,TT,Paid Ads,True
C008242,2022-07-10,Mid-Market,RU,Organic,False
C008243,2023-07-07,Enterprise,AT,Organic,True
C008244,2023-10-26,SMB,ET,Organic,True
C008245,2022-11-04,SMB,MZ,Partner,True
C008246,2024-04-18,SMB,IQ,Referral,False
C008247,2023-01-05,Mid-Market,AF,Organic,True
C008248,2023-05-13,Mid-Market,KE,Partner,True
C008249,2023-03-28,Mid-Market,PK,Referral,True
C008250,2024-11-30,SMB,CA,Paid Ads,True
C008251,2024-11-19,SMB,FI,Organic,True
C008252,2024-10-23,SMB,MV,Paid Ads,False
C008253,2024-03-20,SMB,SK,Partner,True
C008254,2024-08-11,Enterprise,SC,Organic,True
C008255,2023-05-27,Enterprise,PS,Partner,True
C008256,2023-09-01,Mid-Market,CO,Partner,True
C008257,2024-05-02,Enterprise,KE,Referral,True
C008258,2024-07-23,Enterprise,GH,Paid Ads,True
C008259,2023-04-04,SMB,CM,Organic,True
C008260,2024-09-23,SMB,ML,Referral,False
C008261,2022-04-02,Mid-Market,LB,Paid Ads,True
C008262,2023-12-14,SMB,AT,Partner,True
C008263,2024-08-20,Mid-Market,CN,Organic,False
C008264,2023-09-07,SMB,BN,Paid Ads,True
C008265,2023-11-13,Mid-Market,GH,Partner,False
C008266,2022-11-28,Mid-Market,TV,Referral,True
C008267,2023-05-16,SMB,CH,Referral,True
C008268,2023-05-12,Mid-Market,CY,Referral,True
C008269,2022-05-04,SMB,GR,Referral,True
C008270,2024-02-06,SMB,BH,Referral,True
C008271,2023-02-19,SMB,BS,Paid Ads,False
C008272,2023-03-30,SMB,MH,Paid Ads,False
C008273,2022-02-26,Enterprise,MC,Partner,True
C008274,2022-04-06,SMB,PH,Referral,True
C008275,2023-03-17,Enterprise,BN,Referral,True
C008276,2022-07-15,Enterprise,MH,Paid Ads,True
C008277,2022-07-11,Mid-Market,HT,Referral,True
C008278,2024-01-15,SMB,ML,Paid Ads,True
C008279,2022-07-09,SMB,CA,Paid Ads,False
C008280,2024-01-08,SMB,IT,Referral,True
C008281,2022-02-27,SMB,ET,Paid Ads,True
C008282,2022-06-16,SMB,UZ,Partner,True
C008283,2023-12-28,SMB,CO,Partner,True
C008284,2022-06-22,SMB,LK,Paid Ads,True
C008285,2024-06-24,SMB,MN,Partner,True
C008286,2024-12-03,Mid-Market,GW,Paid Ads,True
C008287,2022-09-17,SMB,FR,Paid Ads,False
C008288,2023-07-24,Mid-Market,GQ,Referral,False
C008289,2023-06-06,SMB,GY,Paid Ads,True
C008290,2022-02-17,SMB,HR,Referral,True
C008291,2023-05-01,Enterprise,LK,Organic,True
C008292,2023-03-25,Enterprise,UA,Referral,True
C008293,2023-11-06,Mid-Market,BI,Paid Ads,True
C008294,2024-10-06,SMB,SK,Paid Ads,True
C008295,2022-05-25,Mid-Market,MG,Organic,True
C008296,2022-04-07,SMB,GR,Referral,True
C008297,2022-04-05,SMB,CM,Organic,True
C008298,2022-07-08,SMB,NP,Organic,False
C008299,2024-12-10,Mid-Market,KH,Paid Ads,True
C008300,2022-09-12,SMB,LI,Referral,True
C008301,2024-05-03,Mid-Market,MU,Paid Ads,True
C008302,2023-01-18,SMB,KG,Partner,True
C008303,2023-12-10,Enterprise,UY,Paid Ads,True
C008304,2024-09-04,SMB,GW,Organic,False
C008305,2022-09-25,Enterprise,MZ,Partner,True
C008306,2023-09-06,SMB,ID,Paid Ads,False
C008307,2023-06-19,SMB,LK,Paid Ads,True
C008308,2024-10-17,SMB,CY,Partner,True
C008309,2024-10-17,SMB,PE,Paid Ads,True
C008310,2024-10-24,SMB,CY,Partner,True
C008311,2024-10-22,Enterprise,US,Organic,True
C008312,2024-08-09,Enterprise,KI,Paid Ads,False
C008313,2022-07-30,Mid-Market,LI,Referral,True
C008314,2024-04-24,Enterprise,AU,Paid Ads,True
C008315,2023-01-04,Mid-Market,BN,Organic,True
C008316,2023-01-07,SMB,GN,Organic,True
C008317,2024-06-23,Mid-Market,KG,Partner,True
C008318,2024-11-12,SMB,MY,Paid Ads,True
C008319,2022-05-20,SMB,GN,Referral,True
C008320,2022-08-17,SMB,PT,Referral,False
C008321,2022-04-07,SMB,CL,Referral,True
C008322,2024-11-26,SMB,DE,Partner,False
C008323,2022-11-10,SMB,AM,Partner,True
C008324,2023-10-16,Mid-Market,SN,Referral,False
C008325,2023-01-31,SMB,HU,Paid Ads,True
C008326,2023-04-27,SMB,SM,Partner,False
C008327,2023-02-21,Mid-Market,GN,Paid Ads,True
C008328,2023-01-13,SMB,AG,Organic,True
C008329,2023-07-06,Mid-Market,PW,Partner,True
C008330,2024-05-24,SMB,MR,Partner,True
C008331,2024-05-22,Mid-Market,GE,Partner,True
C008332,2022-03-13,Enterprise,MD,Paid Ads,True
C008333,2024-06-28,Mid-Market,KH,Referral,True
C008334,2022-08-22,SMB,CF,Paid Ads,True
C008335,2023-09-10,SMB,IL,Organic,True
C008336,2024-09-19,SMB,BN,Referral,True
C008337,2022-02-28,SMB,IE,Organic,True
C008338,2023-05-28,Enterprise,CG,Paid Ads,True
C008339,2022-12-06,Mid-Market,CA,Organic,True
C008340,2024-12-02,Enterprise,VA,Paid Ads,True
C008341,2023-09-29,Mid-Market,NR,Organic,True
C008342,2022-04-25,SMB,SA,Organic,False
C008343,2022-11-06,Enterprise,JO,Paid Ads,True
C008344,2024-10-02,SMB,EG,Partner,True
C008345,2022-10-08,SMB,LC,Paid Ads,True
C008346,2022-03-18,Mid-Market,BA,Referral,True
C008347,2022-02-21,SMB,NP,Partner,False
C008348,2022-08-14,Mid-Market,FJ,Paid Ads,True
C008349,2022-02-27,SMB,CO,Referral,True
C008350,2023-06-28,SMB,TW,Partner,True
C008351,2023-01-22,Enterprise,DM,Partner,False
C008352,2023-09-17,SMB,MW,Referral,True
C008353,2022-05-16,SMB,SK,Partner,True
C008354,2023-12-07,SMB,BY,Paid Ads,False
C008355,2023-07-26,SMB,CH,Organic,True
C008356,2024-11-20,Mid-Market,KE,Organic,True
C008357,2022-07-05,SMB,DZ,Referral,True
C008358,2022-01-10,SMB,AE,Organic,False
C008359,2022-03-30,Mid-Market,MW,Organic,True
C008360,2024-10-17,SMB,JO,Paid Ads,True
C008361,2023-10-01,SMB,CA,Referral,False
C008362,2023-01-09,SMB,TM,Referral,False
C008363,2023-12-05,SMB,BH,Organic,True
C008364,2022-04-07,SMB,DE,Paid Ads,True
C008365,2022-09-09,Mid-Market,SK,Paid Ads,True
C008366,2022-10-07,Enterprise,AG,Paid Ads,True
C008367,2023-03-01,SMB,LT,Partner,True
C008368,2022-12-30,SMB,BH,Organic,True
C008369,2022-02-25,SMB,UY,Paid Ads,False
C008370,2023-05-26,SMB,GE,Referral,False
C008371,2023-06-17,Mid-Market,FI,Organic,True
C008372,2023-10-10,Mid-Market,IN,Partner,True
C008373,2022-05-14,Enterprise,CI,Referral,True
C008374,2022-10-23,Enterprise,BJ,Organic,True
C008375,2022-06-29,Enterprise,US,Organic,True
C008376,2024-03-08,SMB,IN,Paid Ads,False
C008377,2022-02-18,SMB,CV,Referral,False
C008378,2024-04-10,SMB,TM,Organic,True
C008379,2022-07-12,Mid-Market,VU,Referral,True
C008380,2023-05-02,SMB,KW,Partner,True
C008381,2024-03-24,SMB,PT,Organic,False
C008382,2024-03-02,SMB,PS,Paid Ads,True
C008383,2023-07-02,SMB,GM,Organic,True
C008384,2022-04-26,Enterprise,BB,Paid Ads,True
C008385,2024-05-31,SMB,RU,Organic,True
C008386,2024-03-05,Enterprise,VU,Referral,True
C008387,2022-04-23,Mid-Market,SC,Paid Ads,True
C008388,2023-08-31,Enterprise,SD,Paid Ads,True
C008389,2022-09-07,SMB,NI,Partner,False
C008390,2022-04-13,SMB,NO,Paid Ads,True
C008391,2024-08-17,Mid-Market,IQ,Referral,False
C008392,2024-07-15,Enterprise,YE,Partner,True
C008393,2024-05-15,SMB,LK,Referral,True
C008394,2023-04-01,SMB,US,Paid Ads,True
C008395,2022-06-06,SMB,TM,Partner,True
C008396,2022-11-21,SMB,KG,Paid Ads,True
C008397,2024-07-10,SMB,DE,Partner,True
C008398,2022-05-06,SMB,LU,Paid Ads,True
C008399,2024-08-05,Enterprise,MZ,Organic,True
C008400,2024-10-04,SMB,NZ,Organic,True
C008401,2023-03-23,Mid-Market,PT,Referral,True
C008402,2023-12-24,Mid-Market,IL,Referral,True
C008403,2023-04-18,Mid-Market,MM,Partner,True
C008404,2022-11-17,SMB,TV,Referral,True
C008405,2022-07-05,Enterprise,PA,Partner,True
C008406,2023-04-22,SMB,MN,Organic,False
C008407,2023-12-27,SMB,CL,Partner,False
C008408,2023-01-25,Mid-Market,PA,Partner,True
C008409,2022-03-08,Mid-Market,FJ,Paid Ads,True
C008410,2024-10-28,Enterprise,TZ,Referral,True
C008411,2024-04-09,Enterprise,LT,Referral,True
C008412,2024-09-15,Mid-Market,UY,Paid Ads,True
C008413,2024-05-12,SMB,CU,Paid Ads,True
C008414,2023-10-09,SMB,MY,Organic,False
C008415,2024-09-10,SMB,NI,Organic,False
C008416,2024-07-01,Mid-Market,IN,Partner,True
C008417,2023-10-15,SMB,KW,Referral,True
C008418,2022-12-01,SMB,LU,Organic,True
C008419,2024-05-01,SMB,BH,Organic,False
C008420,2022-09-09,SMB,MA,Referral,True
C008421,2024-12-12,SMB,BJ,Referral,True
C008422,2023-01-22,SMB,GH,Paid Ads,False
C008423,2023-03-21,SMB,CO,Organic,False
C008424,2023-04-24,Enterprise,AT,Partner,True
C008425,2022-11-03,SMB,GA,Partner,True
C008426,2022-08-25,SMB,PW,Referral,False
C008427,2024-03-05,Enterprise,MD,Organic,True
C008428,2023-01-11,Enterprise,WS,Referral,True
C008429,2023-12-30,SMB,BD,Referral,False
C008430,2023-07-20,SMB,QA,Referral,False
C008431,2024-11-14,SMB,NO,Organic,True
C008432,2024-09-17,SMB,MT,Referral,False
C008433,2023-09-12,SMB,DK,Organic,True
C008434,2024-02-05,SMB,ZA,Partner,True
C008435,2024-12-16,Mid-Market,UG,Organic,True
C008436,2023-06-30,Mid-Market,SE,Partner,True
C008437,2022-04-12,SMB,PY,Organic,False
C008438,2022-12-22,SMB,TL,Organic,True
C008439,2024-12-18,Enterprise,DZ,Referral,True
C008440,2023-04-24,SMB,NI,Referral,True
C008441,2024-02-10,Mid-Market,IL,Paid Ads,True
C008442,2024-03-28,SMB,BY,Organic,True
C008443,2022-12-28,Enterprise,IT,Organic,True
C008444,2022-08-26,SMB,LR,Partner,False
C008445,2023-09-12,Mid-Market,DZ,Organic,True
C008446,2023-11-05,Mid-Market,BN,Paid Ads,True
C008447,2023-08-04,Enterprise,LK,Paid Ads,True
C008448,2022-02-14,Enterprise,UA,Paid Ads,True
C008449,2023-11-01,SMB,GB,Partner,True
C008450,2024-02-25,SMB,KP,Paid Ads,True
C008451,2023-03-17,SMB,LC,Organic,False
C008452,2022-01-27,Mid-Market,IN,Partner,True
C008453,2023-04-24,Mid-Market,CM,Paid Ads,True
C008454,2022-03-31,Mid-Market,SV,Referral,True
C008455,2023-09-17,SMB,OM,Paid Ads,False
C008456,2022-08-26,SMB,KE,Organic,True
C008457,2022-02-09,Enterprise,NE,Organic,True
C008458,2023-09-29,Mid-Market,DE,Organic,True
C008459,2023-04-06,Mid-Market,BF,Paid Ads,True
C008460,2022-04-11,Mid-Market,RU,Paid Ads,True
C008461,2022-03-28,Enterprise,CF,Referral,True
C008462,2023-09-24,SMB,MX,Organic,True
C008463,2024-08-23,Mid-Market,LT,Organic,True
C008464,2022-04-08,Enterprise,BJ,Paid Ads,True
C008465,2022-12-04,SMB,US,Partner,True
C008466,2022-08-30,Mid-Market,SE,Paid Ads,True
C008467,2024-11-12,SMB,FR,Paid Ads,True
C008468,2022-11-06,SMB,BR,Referral,True
C008469,2022-11-08,Enterprise,NZ,Organic,False
C008470,2024-04-09,Enterprise,BA,Organic,True
C008471,2024-06-05,SMB,KE,Organic,True
C008472,2022-03-24,SMB,PL,Organic,True
C008473,2023-01-06,SMB,BR,Partner,False
C008474,2022-11-29,SMB,IS,Partner,True
C008475,2023-08-11,Mid-Market,TM,Referral,True
C008476,2024-09-14,SMB,RU,Paid Ads,False
C008477,2023-06-16,Enterprise,KH,Organic,True
C008478,2023-06-17,Mid-Market,BJ,Referral,True
C008479,2023-05-30,Mid-Market,UG,Paid Ads,True
C008480,2024-07-01,SMB,SY,Partner,False
C008481,2022-11-12,SMB,MY,Referral,False
C008482,2022-01-10,Enterprise,GH,Paid Ads,True
C008483,2023-02-03,SMB,TZ,Paid Ads,True
C008484,2022-08-01,SMB,MX,Organic,True
C008485,2023-11-17,SMB,BA,Paid Ads,True
C008486,2024-12-01,Enterprise,TH,Partner,True
C008487,2022-01-14,SMB,CY,Organic,True
C008488,2023-07-23,SMB,AT,Organic,False
C008489,2024-05-22,Mid-Market,KP,Paid Ads,True
C008490,2024-12-20,Enterprise,BY,Organic,True
C008491,2022-04-26,Enterprise,CY,Referral,True
C008492,2024-12-19,Enterprise,SL,Organic,True
C008493,2022-06-17,SMB,VN,Referral,True
C008494,2022-06-18,Enterprise,BI,Organic,True
C008495,2024-01-02,SMB,BS,Organic,True
C008496,2024-01-07,SMB,ME,Paid Ads,True
C008497,2022-05-05,SMB,AG,Partner,True
C008498,2023-06-18,SMB,AR,Paid Ads,False
C008499,2023-08-27,Mid-Market,HN,Partner,True
C008500,2024-07-17,SMB,LS,Paid Ads,True
C008501,2024-10-07,SMB,KE,Partner,True
C008502,2023-04-09,Mid-Market,DK,Partner,True
C008503,2022-02-26,SMB,TT,Referral,True
C008504,2024-03-25,Enterprise,MA,Organic,True
C008505,2023-01-24,Mid-Market,CY,Referral,True
C008506,2022-04-24,Mid-Market,SA,Referral,False
C008507,2022-01-06,Mid-Market,DZ,Organic,True
C008508,2023-06-08,SMB,CR,Organic,True
C008509,2022-10-25,Enterprise,DO,Paid Ads,True
C008510,2022-12-06,SMB,ZW,Partner,False
C008511,2024-03-08,SMB,CU,Referral,True
C008512,2024-04-14,SMB,HN,Paid Ads,True
C008513,2024-12-12,SMB,NL,Organic,True
C008514,2023-01-28,Mid-Market,ID,Paid Ads,True
C008515,2022-08-22,SMB,CD,Partner,True
C008516,2023-07-09,SMB,UA,Referral,True
C008517,2023-10-20,Enterprise,IE,Referral,True
C008518,2024-06-19,SMB,PY,Partner,True
C008519,2023-12-17,SMB,SO,Referral,True
C008520,2023-09-22,SMB,AO,Referral,True
C008521,2023-03-26,Mid-Market,VU,Referral,True
C008522,2022-05-26,SMB,AM,Referral,False
C008523,2024-09-24,SMB,MW,Paid Ads,True
C008524,2023-06-21,SMB,SD,Paid Ads,True
C008525,2023-02-28,SMB,BD,Partner,False
C008526,2024-12-18,Mid-Market,LK,Paid Ads,True
C008527,2022-05-28,SMB,CO,Paid Ads,True
C008528,2022-03-31,Mid-Market,GE,Partner,True
C008529,2022-12-12,SMB,BI,Referral,True
C008530,2024-06-30,SMB,PY,Paid Ads,True
C008531,2023-11-21,SMB,CY,Partner,False
C008532,2022-10-17,SMB,DJ,Referral,True
C008533,2024-11-26,Mid-Market,TN,Paid Ads,True
C008534,2024-01-25,SMB,PL,Organic,True
C008535,2022-12-08,Enterprise,SC,Partner,True
C008536,2022-08-21,SMB,WS,Partner,False
C008537,2023-05-11,SMB,VN,Referral,True
C008538,2024-09-18,SMB,BY,Partner,True
C008539,2023-08-07,SMB,HT,Partner,True
C008540,2024-07-23,SMB,DM,Referral,True
C008541,2024-09-17,SMB,MR,Referral,True
C008542,2022-06-06,Mid-Market,CR,Referral,True
C008543,2023-07-28,SMB,TG,Organic,True
C008544,2022-01-22,SMB,SN,Paid Ads,True
C008545,2023-05-12,SMB,IR,Partner,True
C008546,2023-12-12,Enterprise,MY,Referral,True
C008547,2022-09-08,SMB,CY,Partner,True
C008548,2022-02-26,SMB,BZ,Organic,True
C008549,2022-09-21,Mid-Market,NA,Referral,False
C008550,2023-04-06,Mid-Market,IL,Paid Ads,True
C008551,2023-09-18,SMB,SO,Partner,False
C008552,2024-10-26,Mid-Market,MH,Referral,True
C008553,2023-05-09,SMB,SY,Referral,True
C008554,2024-06-25,SMB,LT,Paid Ads,True
C008555,2022-06-11,SMB,CM,Partner,True
C008556,2023-10-29,Mid-Market,GH,Organic,False
C008557,2023-11-21,SMB,BB,Partner,True
C008558,2024-12-03,SMB,GR,Paid Ads,True
C008559,2023-08-22,SMB,BB,Referral,True
C008560,2022-09-03,SMB,JM,Organic,False
C008561,2024-02-22,SMB,LK,Paid Ads,True
C008562,2024-08-26,Mid-Market,BS,Organic,True
C008563,2023-03-31,SMB,SE,Partner,True
C008564,2022-03-20,Mid-Market,VC,Partner,True
C008565,2022-01-14,SMB,NL,Paid Ads,True
C008566,2023-08-31,SMB,GB,Paid Ads,True
C008567,2024-12-27,Mid-Market,KP,Organic,True
C008568,2024-07-13,Enterprise,TN,Partner,True
C008569,2023-01-15,SMB,CG,Referral,True
C008570,2023-04-12,SMB,CH,Partner,True
C008571,2024-06-04,Mid-Market,BB,Referral,True
C008572,2022-01-13,SMB,DZ,Partner,True
C008573,2023-03-27,Enterprise,DK,Organic,True
C008574,2023-03-21,SMB,BT,Organic,True
C008575,2023-12-08,Enterprise,VC,Paid Ads,False
C008576,2022-01-12,Enterprise,PE,Referral,True
C008577,2024-02-05,SMB,VN,Partner,False
C008578,2023-10-03,SMB,PS,Paid Ads,True
C008579,2023-01-23,SMB,BO,Referral,False
C008580,2023-09-13,Mid-Market,MK,Referral,True
C008581,2022-04-21,Mid-Market,AG,Referral,True
C008582,2023-12-26,SMB,BJ,Referral,True
C008583,2024-09-07,SMB,SG,Paid Ads,False
C008584,2023-02-12,SMB,NZ,Partner,True
C008585,2022-01-26,Enterprise,ET,Referral,True
C008586,2022-11-08,Mid-Market,MY,Paid Ads,True
C008587,2024-06-12,SMB,GR,Organic,True
C008588,2023-06-30,SMB,LT,Referral,True
C008589,2023-04-26,Mid-Market,LK,Referral,True
C008590,2022-12-20,Mid-Market,BH,Paid Ads,True
C008591,2024-11-02,SMB,AU,Referral,False
C008592,2024-08-01,Enterprise,TT,Organic,True
C008593,2024-01-05,Enterprise,GR,Referral,True
C008594,2022-04-02,SMB,US,Referral,True
C008595,2023-07-09,SMB,TT,Partner,True
C008596,2023-05-18,SMB,LS,Referral,True
C008597,2022-09-09,Mid-Market,JO,Paid Ads,True
C008598,2022-12-05,SMB,TZ,Referral,True
C008599,2024-07-17,SMB,DZ,Referral,True
C008600,2023-10-18,SMB,UZ,Partner,True
C008601,2022-03-22,SMB,VA,Paid Ads,True
C008602,2024-06-02,SMB,LR,Partner,True
C008603,2022-12-06,SMB,SA,Paid Ads,False
C008604,2024-04-27,SMB,CO,Referral,True
C008605,2023-09-11,Enterprise,BJ,Partner,True
C008606,2022-01-26,SMB,TO,Organic,True
C008607,2022-12-23,SMB,LB,Paid Ads,False
C008608,2023-03-02,Mid-Market,AZ,Referral,True
C008609,2024-03-10,SMB,LU,Paid Ads,True
C008610,2023-04-18,Mid-Market,DK,Referral,True
C008611,2023-02-14,Enterprise,QA,Paid Ads,True
C008612,2022-06-09,SMB,SK,Paid Ads,True
C008613,2022-08-28,SMB,GD,Partner,False
C008614,2023-04-09,Enterprise,AF,Paid Ads,True
C008615,2024-11-26,Enterprise,BF,Referral,True
C008616,2024-10-22,SMB,PH,Referral,True
C008617,2024-09-14,SMB,IE,Paid Ads,False
C008618,2023-02-25,SMB,MX,Organic,False
C008619,2024-03-28,SMB,BW,Partner,False
C008620,2022-08-06,SMB,LK,Referral,True
C008621,2023-05-15,SMB,TZ,Referral,False
C008622,2023-02-06,Enterprise,BA,Partner,True
C008623,2024-02-06,SMB,GQ,Paid Ads,True
C008624,2024-09-21,SMB,LS,Organic,False
C008625,2023-04-12,Enterprise,SN,Partner,True
C008626,2022-12-31,Mid-Market,PH,Partner,True
C008627,2023-09-06,SMB,RW,Paid Ads,True
C008628,2024-04-22,SMB,LI,Partner,True
C008629,2024-05-24,Enterprise,PT,Paid Ads,True
C008630,2022-03-16,SMB,MZ,Partner,True
C008631,2023-08-10,SMB,ZA,Paid Ads,False
C008632,2023-04-04,SMB,TM,Organic,False
C008633,2024-12-01,Mid-Market,IN,Organic,True
C008634,2023-08-11,SMB,FM,Paid Ads,True
C008635,2023-04-03,SMB,BG,Partner,True
C008636,2024-03-26,SMB,HU,Referral,True
C008637,2022-10-06,Mid-Market,ME,Referral,True
C008638,2023-05-19,Mid-Market,CA,Partner,True
C008639,2024-02-21,SMB,VU,Organic,True
C008640,2023-09-22,Mid-Market,RO,Partner,True
C008641,2023-10-03,SMB,NG,Referral,True
C008642,2023-08-22,SMB,KM,Referral,True
C008643,2022-05-09,SMB,UG,Partner,True
C008644,2024-11-11,Enterprise,VC,Paid Ads,True
C008645,2023-08-13,SMB,SB,Referral,True
C008646,2023-06-30,SMB,GN,Partner,True
C008647,2022-01-06,Mid-Market,RO,Organic,False
C008648,2022-04-14,Enterprise,BZ,Organic,True
C008649,2022-04-18,SMB,KP,Referral,False
C008650,2024-07-09,SMB,CY,Paid Ads,False
C008651,2022-07-05,SMB,SN,Partner,True
C008652,2024-09-28,Enterprise,CF,Paid Ads,True
C008653,2022-02-19,Mid-Market,CN,Partner,True
C008654,2022-09-27,SMB,CZ,Referral,True
C008655,2024-07-05,Mid-Market,GQ,Paid Ads,True
C008656,2024-08-05,Mid-Market,IR,Partner,True
C008657,2023-04-19,SMB,CU,Referral,False
C008658,2024-07-16,SMB,KM,Referral,False
C008659,2024-03-23,Enterprise,CU,Organic,True
C008660,2024-07-28,Enterprise,ST,Referral,True
C008661,2023-12-19,Enterprise,PS,Paid Ads,True
C008662,2024-03-25,SMB,DK,Referral,False
C008663,2024-03-01,SMB,KZ,Organic,True
C008664,2023-01-04,Enterprise,RO,Paid Ads,True
C008665,2023-10-10,Mid-Market,VN,Referral,True
C008666,2024-05-28,SMB,TW,Organic,True
C008667,2022-08-29,Mid-Market,MC,Partner,True
C008668,2022-09-19,SMB,TR,Organic,True
C008669,2022-06-17,Enterprise,BO,Organic,True
C008670,2023-04-26,SMB,AG,Partner,True
C008671,2022-07-26,Mid-Market,HR,Partner,False
C008672,2022-05-06,Enterprise,BH,Organic,True
C008673,2024-07-05,SMB,PA,Partner,False
C008674,2022-11-29,SMB,MC,Organic,False
C008675,2024-07-07,Mid-Market,MV,Organic,True
C008676,2023-04-03,Enterprise,TM,Organic,True
C008677,2023-07-26,Enterprise,TG,Partner,True
C008678,2024-01-31,SMB,DE,Partner,True
C008679,2024-05-03,Enterprise,KH,Organic,True
C008680,2022-10-11,SMB,TL,Partner,False
C008681,2022-01-31,Enterprise,IE,Paid Ads,True
C008682,2022-01-04,SMB,AT,Organic,False
C008683,2022-02-02,SMB,MX,Referral,True
C008684,2024-03-11,SMB,YE,Organic,True
C008685,2023-11-25,SMB,BN,Paid Ads,True
C008686,2022-09-23,SMB,GN,Organic,True
C008687,2023-12-05,SMB,PA,Organic,False
C008688,2022-08-24,SMB,JM,Partner,False
C008689,2024-07-07,SMB,KH,Organic,False
C008690,2023-07-18,Mid-Market,VC,Organic,True
C008691,2022-12-04,SMB,ML,Partner,True
C008692,2022-10-17,SMB,ZW,Partner,True
C008693,2024-08-15,SMB,KN,Referral,False
C008694,2024-10-13,SMB,CI,Organic,True
C008695,2022-07-16,SMB,CU,Organic,True
C008696,2022-09-14,Mid-Market,PG,Paid Ads,True
C008697,2022-09-22,SMB,GQ,Partner,True
C008698,2024-09-29,SMB,BN,Organic,True
C008699,2022-07-21,SMB,SR,Organic,True
C008700,2022-12-12,Mid-Market,ME,Referral,True
C008701,2022-09-11,SMB,US,Referral,True
C008702,2023-11-14,Enterprise,PH,Paid Ads,True
C008703,2024-05-12,SMB,PH,Organic,False
C008704,2022-05-27,Enterprise,GN,Referral,True
C008705,2024-11-30,Mid-Market,TZ,Paid Ads,True
C008706,2022-02-01,SMB,KM,Partner,True
C008707,2022-11-19,SMB,TJ,Partner,True
C008708,2024-07-28,SMB,CG,Paid Ads,False
C008709,2022-10-14,SMB,ET,Paid Ads,True
C008710,2023-10-27,SMB,UZ,Organic,True
C008711,2023-03-03,Enterprise,KR,Referral,True
C008712,2022-10-31,Enterprise,MZ,Paid Ads,True
C008713,2022-05-28,SMB,US,Partner,True
C008714,2024-09-04,SMB,LY,Organic,True
C008715,2023-06-26,SMB,ML,Referral,True
C008716,2024-11-03,SMB,KE,Organic,True
C008717,2024-06-08,Mid-Market,MN,Referral,True
C008718,2023-08-11,SMB,KZ,Partner,True
C008719,2022-07-27,SMB,SK,Partner,True
C008720,2024-08-21,SMB,VA,Partner,True
C008721,2022-03-10,SMB,LT,Referral,True
C008722,2024-05-04,Enterprise,MH,Paid Ads,True
C008723,2023-11-19,Mid-Market,TH,Partner,True
C008724,2024-03-27,Mid-Market,AD,Referral,True
C008725,2022-11-24,SMB,ME,Partner,True
C008726,2023-05-02,SMB,TM,Referral,True
C008727,2024-12-04,SMB,CO,Partner,False
C008728,2023-04-21,Mid-Market,ME,Partner,True
C008729,2022-11-13,SMB,IE,Partner,True
C008730,2022-06-22,SMB,GR,Organic,False
C008731,2022-03-18,Enterprise,CM,Paid Ads,True
C008732,2024-09-26,Enterprise,MM,Organic,True
C008733,2023-07-03,Mid-Market,BD,Partner,True
C008734,2024-02-06,Enterprise,SB,Paid Ads,True
C008735,2024-10-25,SMB,IT,Organic,True
C008736,2024-09-14,SMB,BZ,Paid Ads,True
C008737,2023-03-15,SMB,LA,Referral,False
C008738,2022-04-25,SMB,SG,Referral,False
C008739,2024-03-16,Mid-Market,NR,Paid Ads,True
C008740,2023-11-12,SMB,SB,Organic,True
C008741,2022-07-31,SMB,UY,Referral,True
C008742,2023-04-19,SMB,EC,Paid Ads,True
C008743,2023-12-05,Mid-Market,SE,Referral,False
C008744,2022-03-07,Enterprise,CA,Paid Ads,True
C008745,2022-12-04,Mid-Market,SK,Referral,True
C008746,2023-06-25,Mid-Market,TM,Paid Ads,False
C008747,2023-09-07,SMB,TT,Referral,False
C008748,2022-06-17,Enterprise,EE,Referral,True
C008749,2023-11-25,SMB,TW,Partner,False
C008750,2023-08-13,Mid-Market,ES,Organic,True
C008751,2023-03-03,Mid-Market,SG,Partner,True
C008752,2023-10-08,SMB,MW,Paid Ads,True
C008753,2022-11-02,Mid-Market,NG,Referral,True
C008754,2023-11-26,SMB,VA,Partner,True
C008755,2022-09-02,Mid-Market,MC,Organic,True
C008756,2023-07-03,SMB,FI,Organic,False
C008757,2023-01-16,Enterprise,IL,Organic,True
C008758,2024-10-17,Mid-Market,TD,Referral,True
C008759,2024-10-06,Enterprise,BF,Referral,True
C008760,2024-04-21,SMB,NE,Partner,False
C008761,2022-10-07,SMB,JP,Referral,True
C008762,2024-04-23,Enterprise,BT,Referral,True
C008763,2022-04-16,SMB,LC,Organic,True
C008764,2023-03-14,Enterprise,SY,Referral,True
C008765,2022-08-29,Mid-Market,PS,Referral,True
C008766,2023-09-18,SMB,ET,Partner,True
C008767,2024-10-03,SMB,CV,Organic,False
C008768,2023-10-20,Enterprise,JM,Partner,True
C008769,2023-01-18,SMB,MG,Paid Ads,False
C008770,2024-02-11,SMB,JM,Partner,True
C008771,2024-03-02,SMB,TZ,Referral,True
C008772,2024-02-15,SMB,DO,Partner,True
C008773,2024-12-25,Mid-Market,BI,Paid Ads,True
C008774,2022-03-06,Mid-Market,GN,Referral,True
C008775,2022-08-11,Mid-Market,SK,Referral,False
C008776,2022-12-19,SMB,HT,Paid Ads,True
C008777,2022-06-07,SMB,JM,Paid Ads,False
C008778,2022-03-16,SMB,HT,Paid Ads,True
C008779,2022-01-23,SMB,IS,Referral,True
C008780,2023-12-04,Enterprise,CR,Referral,True
C008781,2022-06-21,Mid-Market,CD,Partner,True
C008782,2023-03-04,Mid-Market,SV,Partner,True
C008783,2023-03-11,Enterprise,IR,Organic,True
C008784,2023-05-11,SMB,BE,Organic,True
C008785,2023-07-23,Mid-Market,CI,Partner,True
C008786,2022-10-14,SMB,BA,Partner,True
C008787,2024-10-19,Mid-Market,TW,Referral,True
C008788,2022-04-04,SMB,HU,Referral,False
C008789,2022-03-26,Enterprise,BE,Referral,True
C008790,2023-08-22,SMB,MY,Referral,True
C008791,2024-08-22,Enterprise,SR,Paid Ads,False
C008792,2022-12-16,Mid-Market,ET,Organic,False
C008793,2023-07-29,SMB,CY,Referral,True
C008794,2023-11-28,SMB,ST,Referral,True
C008795,2024-07-04,Mid-Market,SC,Referral,True
C008796,2024-05-26,SMB,MT,Organic,False
C008797,2022-01-09,SMB,NO,Partner,True
C008798,2023-05-22,SMB,PH,Organic,False
C008799,2023-02-16,SMB,LI,Paid Ads,True
C008800,2022-10-21,Enterprise,NZ,Referral,True
C008801,2022-05-02,Mid-Market,AD,Partner,True
C008802,2022-01-23,Enterprise,CI,Referral,True
C008803,2024-02-21,SMB,FR,Paid Ads,True
C008804,2022-03-20,SMB,PT,Organic,True
C008805,2022-06-03,SMB,BF,Partner,True
C008806,2024-12-14,SMB,TM,Referral,True
C008807,2024-05-25,SMB,US,Organic,True
C008808,2022-05-23,SMB,MM,Organic,False
C008809,2023-12-04,Mid-Market,KG,Organic,False
C008810,2024-08-20,SMB,PT,Paid Ads,False
C008811,2022-10-31,SMB,TH,Partner,True
C008812,2024-10-06,SMB,NZ,Paid Ads,True
C008813,2023-09-24,SMB,TZ,Organic,True
C008814,2024-04-29,Mid-Market,IT,Referral,True
C008815,2022-02-10,SMB,PY,Partner,True
C008816,2022-08-23,Mid-Market,BZ,Partner,True
C008817,2024-03-26,SMB,MK,Organic,True
C008818,2022-02-14,Mid-Market,MT,Paid Ads,True
C008819,2024-07-08,SMB,NL,Organic,True
C008820,2023-06-22,SMB,TO,Referral,False
C008821,2022-12-27,Enterprise,GR,Paid Ads,True
C008822,2023-11-24,SMB,MX,Partner,False
C008823,2022-02-17,Enterprise,UY,Organic,True
C008824,2022-02-28,SMB,SN,Organic,True
C008825,2022-03-24,SMB,DJ,Organic,True
C008826,2023-02-17,SMB,SY,Paid Ads,True
C008827,2022-02-08,SMB,BO,Partner,True
C008828,2022-05-30,SMB,TO,Referral,True
C008829,2024-03-10,SMB,HN,Partner,True
C008830,2023-08-11,SMB,IE,Organic,True
C008831,2022-12-29,Mid-Market,MC,Paid Ads,True
C008832,2022-02-24,SMB,BE,Paid Ads,True
C008833,2023-02-05,Mid-Market,ZM,Paid Ads,True
C008834,2024-07-24,SMB,BH,Partner,True
C008835,2024-12-20,Enterprise,RS,Paid Ads,False
C008836,2024-06-09,SMB,LR,Partner,True
C008837,2024-04-05,SMB,ST,Paid Ads,True
C008838,2024-07-27,SMB,SA,Paid Ads,True
C008839,2022-02-03,Enterprise,VN,Referral,False
C008840,2022-03-31,Mid-Market,TN,Partner,True
C008841,2022-06-01,Enterprise,HU,Partner,True
C008842,2022-11-23,SMB,MZ,Partner,False
C008843,2023-01-23,SMB,ER,Partner,True
C008844,2024-03-13,SMB,CZ,Referral,False
C008845,2022-12-09,SMB,IN,Partner,True
C008846,2023-10-26,SMB,TN,Referral,True
C008847,2024-12-28,SMB,VC,Partner,True
C008848,2024-04-01,Mid-Market,TR,Paid Ads,True
C008849,2024-10-18,SMB,PT,Organic,False
C008850,2024-10-28,Mid-Market,GA,Partner,True
C008851,2022-06-28,Mid-Market,RU,Partner,True
C008852,2024-09-08,SMB,GT,Referral,False
C008853,2024-12-28,Enterprise,AL,Organic,True
C008854,2023-03-08,SMB,KR,Paid Ads,True
C008855,2024-01-01,Mid-Market,CA,Partner,False
C008856,2024-08-21,SMB,HR,Referral,False
C008857,2022-10-28,SMB,VE,Organic,False
C008858,2023-05-10,SMB,GT,Paid Ads,True
C008859,2023-06-06,SMB,CR,Referral,True
C008860,2022-09-18,SMB,CL,Paid Ads,True
C008861,2024-03-13,SMB,JO,Paid Ads,True
C008862,2024-07-19,Mid-Market,SB,Partner,True
C008863,2022-05-24,Mid-Market,LT,Organic,True
C008864,2023-05-08,Enterprise,GY,Partner,False
C008865,2023-09-22,Mid-Market,ME,Organic,True
C008866,2022-04-06,SMB,DM,Paid Ads,True
C008867,2024-03-03,SMB,BZ,Partner,True
C008868,2024-04-08,Enterprise,YE,Partner,True
C008869,2023-11-25,SMB,CH,Organic,True
C008870,2024-09-30,SMB,CN,Partner,True
C008871,2024-02-06,SMB,ST,Organic,False
C008872,2024-08-20,SMB,SZ,Partner,True
C008873,2023-06-16,Enterprise,KR,Paid Ads,False
C008874,2022-11-09,SMB,JO,Referral,True
C008875,2024-11-26,SMB,NG,Organic,False
C008876,2024-09-16,SMB,SG,Paid Ads,False
C008877,2022-12-21,SMB,KP,Organic,True
C008878,2024-11-16,SMB,CI,Partner,True
C008879,2024-09-12,SMB,BY,Organic,False
C008880,2024-07-24,Mid-Market,MG,Partner,True
C008881,2024-10-23,SMB,PK,Partner,True
C008882,2024-02-28,Enterprise,TZ,Partner,False
C008883,2022-12-08,Mid-Market,ZW,Partner,True
C008884,2024-11-06,SMB,AL,Paid Ads,True
C008885,2022-03-02,Enterprise,LA,Organic,True
C008886,2022-01-29,SMB,KI,Partner,True
C008887,2023-06-30,SMB,CG,Referral,True
C008888,2023-07-21,SMB,GE,Organic,True
C008889,2023-08-14,SMB,GH,Paid Ads,False
C008890,2022-07-18,SMB,BI,Organic,True
C008891,2022-03-13,SMB,SO,Referral,True
C008892,2024-09-06,SMB,BT,Referral,True
C008893,2023-11-10,SMB,BW,Referral,True
C008894,2022-09-30,Enterprise,MC,Organic,False
C008895,2023-03-02,Mid-Market,AM,Organic,False
C008896,2023-03-26,Mid-Market,LC,Organic,True
C008897,2022-11-02,Enterprise,NG,Partner,True
C008898,2024-08-07,Mid-Market,MG,Referral,False
C008899,2023-08-06,SMB,OM,Organic,True
C008900,2024-07-07,Mid-Market,US,Organic,True
C008901,2023-05-13,Mid-Market,YE,Organic,True
C008902,2022-03-05,Mid-Market,TW,Paid Ads,True
C008903,2022-01-17,Mid-Market,GT,Organic,True
C008904,2023-01-24,Mid-Market,DZ,Partner,True
C008905,2024-03-06,SMB,LK,Referral,True
C008906,2024-05-06,Mid-Market,UG,Referral,True
C008907,2023-02-07,Mid-Market,PH,Organic,True
C008908,2024-07-15,SMB,LI,Partner,True
C008909,2022-08-10,SMB,MM,Organic,True
C008910,2023-02-24,Enterprise,KI,Organic,True
C008911,2022-08-09,SMB,GQ,Referral,True
C008912,2022-05-18,SMB,GH,Paid Ads,True
C008913,2024-12-05,SMB,RW,Partner,False
C008914,2023-09-16,SMB,DK,Partner,False
C008915,2024-05-02,Mid-Market,KE,Referral,True
C008916,2023-09-21,Enterprise,TG,Organic,True
C008917,2022-11-03,SMB,MV,Referral,True
C008918,2022-03-08,SMB,NZ,Paid Ads,True
C008919,2024-08-27,Enterprise,BA,Partner,True
C008920,2023-11-07,SMB,CI,Referral,True
C008921,2024-01-26,SMB,MD,Partner,False
C008922,2024-01-13,Mid-Market,GE,Partner,True
C008923,2024-12-27,SMB,GD,Organic,True
C008924,2024-06-09,SMB,KW,Partner,False
C008925,2022-08-19,SMB,CV,Partner,True
C008926,2022-01-11,Mid-Market,MC,Referral,True
C008927,2023-07-07,Enterprise,DJ,Referral,True
C008928,2024-12-09,SMB,BW,Paid Ads,False
C008929,2024-09-06,SMB,TD,Organic,True
C008930,2022-10-08,SMB,CV,Organic,True
C008931,2023-02-21,SMB,KI,Paid Ads,False
C008932,2024-05-03,SMB,LA,Referral,False
C008933,2022-04-23,SMB,AF,Paid Ads,True
C008934,2023-10-10,SMB,ID,Organic,True
C008935,2024-09-05,SMB,NZ,Paid Ads,True
C008936,2024-12-24,SMB,UG,Partner,False
C008937,2024-11-29,SMB,BN,Partner,True
C008938,2023-02-21,Enterprise,AF,Partner,True
C008939,2023-12-25,SMB,CM,Organic,True
C008940,2024-10-22,Mid-Market,PE,Partner,True
C008941,2022-10-21,Enterprise,IL,Partner,True
C008942,2023-02-12,Enterprise,BJ,Paid Ads,True
C008943,2024-10-27,Enterprise,TR,Referral,True
C008944,2023-12-19,Enterprise,BR,Organic,True
C008945,2023-10-30,Mid-Market,AG,Organic,True
C008946,2022-10-12,SMB,JP,Organic,True
C008947,2023-09-03,SMB,SA,Referral,True
C008948,2023-10-24,SMB,BR,Referral,False
C008949,2022-10-13,Enterprise,FJ,Organic,True
C008950,2022-07-10,SMB,PT,Referral,True
C008951,2023-06-04,SMB,ET,Referral,True
C008952,2023-11-08,SMB,MC,Partner,False
C008953,2023-11-19,SMB,TM,Referral,True
C008954,2023-01-27,SMB,ET,Referral,True
C008955,2024-08-06,SMB,MD,Partner,True
C008956,2022-09-03,SMB,IN,Organic,True
C008957,2023-12-25,SMB,AD,Paid Ads,True
C008958,2024-12-23,SMB,CR,Referral,True
C008959,2023-02-24,Mid-Market,CL,Partner,True
C008960,2022-01-27,SMB,NR,Partner,True
C008961,2022-06-29,Mid-Market,SY,Paid Ads,True
C008962,2022-04-21,SMB,DM,Organic,True
C008963,2022-04-16,Mid-Market,PH,Referral,False
C008964,2023-12-23,SMB,NP,Organic,True
C008965,2024-07-04,SMB,GH,Paid Ads,True
C008966,2024-09-22,SMB,AD,Paid Ads,True
C008967,2024-01-11,Mid-Market,BA,Partner,True
C008968,2022-07-18,SMB,EE,Organic,True
C008969,2023-10-16,SMB,UG,Organic,False
C008970,2023-10-09,SMB,SO,Paid Ads,False
C008971,2024-05-03,SMB,TG,Organic,True
C008972,2024-08-15,SMB,MW,Referral,True
C008973,2023-10-25,SMB,TD,Organic,False
C008974,2024-06-06,Enterprise,LK,Referral,True
C008975,2022-05-20,SMB,DO,Organic,True
C008976,2022-09-01,SMB,NR,Organic,True
C008977,2024-12-16,SMB,TN,Organic,True
C008978,2022-04-17,Mid-Market,AO,Referral,True
C008979,2023-01-08,SMB,TV,Referral,True
C008980,2024-07-26,SMB,CL,Referral,True
C008981,2024-09-08,Mid-Market,AZ,Referral,True
C008982,2022-11-28,SMB,SR,Paid Ads,True
C008983,2023-07-18,SMB,SE,Partner,True
C008984,2023-04-25,SMB,JO,Paid Ads,False
C008985,2023-03-02,SMB,RU,Paid Ads,True
C008986,2023-08-17,SMB,BH,Referral,True
C008987,2023-03-08,SMB,AM,Partner,True
C008988,2022-08-18,SMB,HT,Paid Ads,True
C008989,2022-09-06,Mid-Market,JM,Paid Ads,True
C008990,2022-09-16,Mid-Market,CO,Partner,True
C008991,2022-02-27,Mid-Market,SD,Organic,True
C008992,2022-12-14,Enterprise,VA,Paid Ads,True
C008993,2022-11-06,SMB,IS,Partner,True
C008994,2023-03-07,SMB,LU,Partner,True
C008995,2024-11-18,Mid-Market,MW,Organic,True
C008996,2022-11-21,Mid-Market,MG,Organic,True
C008997,2022-12-19,SMB,QA,Paid Ads,True
C008998,2023-08-17,SMB,FJ,Organic,False
C008999,2023-10-01,SMB,NR,Paid Ads,True
C009000,2023-01-03,Enterprise,EE,Referral,True
C009001,2022-09-29,Enterprise,GH,Organic,True
C009002,2023-08-10,Mid-Market,CL,Referral,True
C009003,2023-02-25,SMB,NL,Referral,True
C009004,2024-04-19,SMB,UA,Referral,True
C009005,2024-04-03,SMB,GH,Organic,True
C009006,2022-09-25,SMB,TN,Paid Ads,True
C009007,2024-03-27,SMB,SG,Referral,True
C009008,2023-07-25,Enterprise,TT,Referral,True
C009009,2022-12-08,SMB,SK,Organic,True
C009010,2024-08-18,SMB,US,Partner,True
C009011,2022-12-10,Enterprise,ZM,Organic,True
C009012,2023-09-09,Mid-Market,BA,Partner,False
C009013,2024-05-15,Mid-Market,GT,Paid Ads,False
C009014,2023-10-02,Mid-Market,TL,Partner,True
C009015,2024-04-14,Mid-Market,RW,Partner,False
C009016,2022-05-04,SMB,MA,Organic,False
C009017,2023-10-21,SMB,LB,Referral,True
C009018,2023-07-31,Enterprise,BD,Paid Ads,False
C009019,2024-02-25,SMB,MZ,Referral,True
C009020,2022-10-05,SMB,KP,Partner,True
C009021,2024-09-30,SMB,SN,Partner,True
C009022,2024-04-10,Mid-Market,KR,Organic,True
C009023,2022-12-30,SMB,AU,Paid Ads,True
C009024,2023-05-19,SMB,FM,Organic,True
C009025,2023-08-01,SMB,SZ,Organic,True
C009026,2022-03-04,SMB,CR,Organic,True
C009027,2024-09-06,Mid-Market,AZ,Referral,False
C009028,2022-07-21,Enterprise,FJ,Partner,True
C009029,2022-01-24,SMB,ME,Referral,True
C009030,2024-08-19,SMB,MZ,Paid Ads,True
C009031,2022-02-21,Mid-Market,IS,Paid Ads,True
C009032,2023-07-23,SMB,BT,Paid Ads,True
C009033,2022-09-29,Enterprise,KE,Paid Ads,True
C009034,2024-04-02,SMB,LY,Paid Ads,True
C009035,2022-02-18,SMB,GY,Organic,True
C009036,2024-08-08,Enterprise,CV,Partner,True
C009037,2022-03-24,Mid-Market,MZ,Paid Ads,True
C009038,2024-12-23,Mid-Market,TT,Paid Ads,True
C009039,2023-07-19,SMB,HN,Paid Ads,False
C009040,2022-04-16,Enterprise,JO,Partner,True
C009041,2022-12-20,SMB,AZ,Paid Ads,True
C009042,2022-05-29,Mid-Market,MY,Referral,True
C009043,2024-11-14,SMB,YE,Organic,True
C009044,2023-06-26,SMB,BI,Organic,True
C009045,2023-12-19,Mid-Market,VA,Referral,False
C009046,2024-03-30,SMB,SZ,Paid Ads,True
C009047,2022-05-22,SMB,EE,Referral,True
C009048,2023-08-26,SMB,NR,Partner,True
C009049,2024-06-07,Enterprise,PL,Organic,True
C009050,2023-10-16,SMB,NE,Partner,True
C009051,2023-05-24,SMB,JO,Paid Ads,True
C009052,2022-10-31,SMB,TV,Organic,False
C009053,2023-09-03,SMB,SA,Paid Ads,True
C009054,2024-02-10,SMB,LY,Partner,True
C009055,2024-01-12,Mid-Market,CH,Organic,True
C009056,2023-08-19,SMB,FM,Partner,True
C009057,2022-02-23,Mid-Market,CU,Referral,True
C009058,2023-04-19,Enterprise,KZ,Paid Ads,True
C009059,2024-06-02,Mid-Market,NA,Referral,True
C009060,2024-11-22,SMB,DE,Organic,True
C009061,2024-01-24,SMB,LT,Partner,True
C009062,2024-12-07,Enterprise,PY,Paid Ads,True
C009063,2023-12-26,SMB,TW,Partner,True
C009064,2024-08-11,SMB,SV,Organic,True
C009065,2024-07-07,SMB,HT,Partner,True
C009066,2023-10-03,SMB,FI,Referral,True
C009067,2023-03-29,SMB,AD,Organic,True
C009068,2024-06-06,Mid-Market,JO,Partner,False
C009069,2023-01-25,Mid-Market,VA,Organic,False
C009070,2023-01-30,SMB,NP,Organic,True
C009071,2022-03-14,SMB,BZ,Partner,True
C009072,2023-10-03,SMB,MZ,Referral,True
C009073,2024-05-19,SMB,HR,Referral,True
C009074,2023-03-12,SMB,ER,Organic,True
C009075,2022-03-28,SMB,LS,Organic,True
C009076,2022-12-02,SMB,TW,Partner,True
C009077,2023-12-16,SMB,FM,Referral,True
C009078,2024-11-26,SMB,NL,Organic,True
C009079,2023-08-03,SMB,CN,Paid Ads,False
C009080,2023-03-15,SMB,BB,Partner,True
C009081,2022-09-03,SMB,MN,Paid Ads,True
C009082,2024-05-12,SMB,PG,Referral,True
C009083,2022-06-12,SMB,IE,Organic,True
C009084,2024-04-20,SMB,AD,Referral,True
C009085,2023-08-26,SMB,BR,Organic,False
C009086,2022-10-10,SMB,MM,Organic,True
C009087,2022-03-20,Enterprise,PK,Partner,True
C009088,2023-10-02,SMB,JP,Referral,False
C009089,2024-09-18,SMB,YE,Organic,True
C009090,2022-05-09,Mid-Market,BS,Partner,True
C009091,2023-04-10,SMB,SY,Referral,False
C009092,2023-09-10,SMB,AG,Referral,True
C009093,2022-09-11,Mid-Market,SZ,Referral,True
C009094,2023-03-01,Mid-Market,FJ,Organic,True
C009095,2024-10-01,Mid-Market,FM,Referral,True
C009096,2023-01-01,SMB,NO,Partner,True
C009097,2024-12-25,SMB,GB,Organic,False
C009098,2023-05-12,Mid-Market,TD,Paid Ads,True
C009099,2022-01-29,Mid-Market,SD,Organic,True
C009100,2023-03-28,SMB,CH,Referral,True
C009101,2022-04-11,Mid-Market,TH,Referral,True
C009102,2023-05-02,Mid-Market,TT,Paid Ads,True
C009103,2024-09-18,SMB,BN,Referral,True
C009104,2022-10-27,Mid-Market,CA,Referral,False
C009105,2022-02-07,SMB,LV,Paid Ads,True
C009106,2024-05-01,SMB,SZ,Referral,False
C009107,2022-09-21,SMB,BD,Referral,True
C009108,2022-08-09,Mid-Market,NE,Organic,True
C009109,2023-10-27,Mid-Market,DK,Paid Ads,True
C009110,2024-01-17,Mid-Market,ES,Referral,True
C009111,2024-08-30,Enterprise,BG,Partner,True
C009112,2023-04-09,SMB,EE,Partner,True
C009113,2024-02-29,SMB,NG,Paid Ads,True
C009114,2024-12-03,SMB,LU,Paid Ads,True
C009115,2024-09-23,SMB,MZ,Organic,True
C009116,2024-12-21,SMB,GQ,Paid Ads,True
C009117,2024-01-31,SMB,MW,Organic,True
C009118,2022-12-03,Mid-Market,GY,Paid Ads,True
C009119,2023-11-04,SMB,VE,Partner,True
C009120,2022-09-22,SMB,MW,Partner,True
C009121,2023-12-28,SMB,SL,Partner,True
C009122,2022-10-11,SMB,GE,Organic,True
C009123,2022-06-20,SMB,NA,Partner,True
C009124,2022-10-19,Mid-Market,SA,Organic,True
C009125,2023-12-23,Enterprise,BE,Partner,True
C009126,2022-03-25,Mid-Market,AD,Paid Ads,True
C009127,2023-10-03,SMB,MU,Referral,True
C009128,2023-11-12,SMB,AE,Referral,True
C009129,2022-09-23,SMB,IS,Referral,True
C009130,2022-01-13,Mid-Market,PS,Partner,True
C009131,2024-01-18,Mid-Market,EG,Referral,True
C009132,2023-12-05,SMB,JO,Referral,True
C009133,2023-04-04,SMB,MK,Paid Ads,True
C009134,2022-10-25,SMB,GW,Referral,True
C009135,2022-04-18,Mid-Market,SM,Referral,True
C009136,2024-04-14,Mid-Market,TT,Paid Ads,True
C009137,2024-01-06,SMB,ZA,Partner,True
C009138,2024-02-11,Enterprise,MN,Paid Ads,True
C009139,2022-11-13,SMB,FR,Partner,True
C009140,2022-09-24,SMB,BA,Partner,True
C009141,2024-08-08,SMB,ST,Organic,False
C009142,2022-10-05,SMB,MY,Paid Ads,True
C009143,2022-11-08,Mid-Market,AO,Referral,True
C009144,2023-12-10,SMB,IL,Paid Ads,True
C009145,2023-07-30,SMB,NR,Partner,True
C009146,2022-04-01,SMB,MN,Paid Ads,True
C009147,2022-12-15,Mid-Market,BF,Referral,True
C009148,2023-09-26,Mid-Market,GM,Paid Ads,True
C009149,2023-07-07,SMB,ET,Referral,True
C009150,2023-01-11,Mid-Market,MR,Organic,True
C009151,2022-06-26,SMB,HR,Partner,True
C009152,2024-06-27,SMB,GW,Paid Ads,False
C009153,2023-06-25,SMB,GQ,Paid Ads,True
C009154,2023-10-20,SMB,GM,Referral,False
C009155,2023-04-18,SMB,VN,Referral,False
C009156,2023-07-03,SMB,KE,Paid Ads,True
C009157,2024-10-04,Enterprise,TN,Referral,True
C009158,2022-09-21,Enterprise,FM,Referral,True
C009159,2023-08-08,Mid-Market,ER,Paid Ads,True
C009160,2024-02-07,SMB,CN,Partner,True
C009161,2022-10-16,SMB,SR,Partner,True
C009162,2023-01-03,SMB,BI,Partner,True
C009163,2023-07-03,Mid-Market,BA,Referral,True
C009164,2022-02-23,Enterprise,SY,Referral,True
C009165,2022-01-28,Mid-Market,GB,Referral,True
C009166,2022-03-07,Enterprise,GQ,Partner,True
C009167,2024-03-26,Mid-Market,GY,Referral,True
C009168,2023-03-31,SMB,IS,Partner,True
C009169,2023-03-14,SMB,BA,Paid Ads,True
C009170,2022-04-22,SMB,HT,Paid Ads,True
C009171,2023-01-05,Enterprise,MU,Partner,True
C009172,2023-03-01,SMB,TZ,Partner,False
C009173,2023-04-12,SMB,JP,Partner,False
C009174,2023-02-06,SMB,SY,Paid Ads,True
C009175,2023-12-25,SMB,MH,Paid Ads,False
C009176,2024-10-18,SMB,DJ,Referral,False
C009177,2023-09-16,SMB,EG,Referral,True
C009178,2023-09-28,Mid-Market,KW,Referral,True
C009179,2024-12-25,SMB,NP,Referral,False
C009180,2024-06-24,SMB,IQ,Referral,True
C009181,2024-10-22,SMB,DK,Paid Ads,True
C009182,2022-10-14,SMB,BR,Organic,False
C009183,2023-08-09,Mid-Market,BD,Paid Ads,True
C009184,2024-12-24,SMB,QA,Partner,True
C009185,2022-10-23,SMB,PH,Paid Ads,True
C009186,2024-07-14,Mid-Market,PS,Partner,True
C009187,2024-09-22,Mid-Market,KW,Organic,False
C009188,2022-06-16,Mid-Market,TH,Referral,True
C009189,2023-06-04,SMB,ZM,Paid Ads,True
C009190,2024-05-28,Enterprise,BA,Organic,True
C009191,2022-04-08,SMB,KZ,Paid Ads,False
C009192,2024-05-26,Mid-Market,MT,Partner,True
C009193,2024-12-01,Mid-Market,PW,Partner,True
C009194,2023-11-19,SMB,BJ,Paid Ads,True
C009195,2022-07-15,SMB,UA,Partner,False
C009196,2023-06-05,SMB,ZM,Referral,True
C009197,2023-01-05,SMB,CL,Organic,True
C009198,2023-10-02,SMB,TZ,Partner,True
C009199,2023-03-26,SMB,PK,Paid Ads,True
C009200,2022-08-16,Enterprise,HT,Referral,True
C009201,2024-02-22,Mid-Market,SE,Partner,True
C009202,2023-10-21,SMB,CN,Partner,True
C009203,2023-08-11,SMB,TD,Referral,True
C009204,2022-04-04,Mid-Market,BF,Organic,True
C009205,2024-08-03,SMB,NP,Paid Ads,False
C009206,2022-06-14,SMB,AG,Partner,True
C009207,2024-05-19,SMB,TL,Referral,True
C009208,2024-07-26,SMB,KH,Referral,True
C009209,2022-10-15,Mid-Market,NP,Partner,True
C009210,2022-07-31,Mid-Market,MH,Paid Ads,True
C009211,2022-08-30,Mid-Market,KG,Organic,True
C009212,2024-06-21,Enterprise,BS,Paid Ads,False
C009213,2023-11-29,SMB,WS,Partner,True
C009214,2022-11-22,SMB,BN,Partner,False
C009215,2024-02-09,SMB,TJ,Organic,True
C009216,2022-07-27,SMB,DJ,Partner,True
C009217,2024-02-25,SMB,SN,Partner,True
C009218,2024-07-02,SMB,HN,Paid Ads,True
C009219,2022-06-11,SMB,MY,Partner,False
C009220,2024-01-25,SMB,GT,Partner,False
C009221,2024-09-08,SMB,BJ,Organic,True
C009222,2023-02-02,Mid-Market,AG,Organic,True
C009223,2023-09-12,SMB,MM,Paid Ads,True
C009224,2023-01-07,Enterprise,YE,Referral,True
C009225,2023-06-21,Mid-Market,AM,Organic,True
C009226,2022-08-16,SMB,SC,Partner,True
C009227,2023-05-28,SMB,CM,Partner,True
C009228,2023-07-14,SMB,TD,Organic,True
C009229,2024-10-14,SMB,SV,Paid Ads,True
C009230,2023-08-03,Enterprise,IL,Organic,True
C009231,2024-10-27,Mid-Market,VU,Paid Ads,False
C009232,2024-01-26,SMB,MW,Organic,True
C009233,2024-02-02,SMB,BA,Referral,True
C009234,2024-08-20,Mid-Market,MZ,Partner,True
C009235,2023-04-16,Enterprise,GW,Organic,True
C009236,2024-01-31,Enterprise,AE,Paid Ads,False
C009237,2022-01-20,Mid-Market,BN,Paid Ads,False
C009238,2024-05-23,SMB,PL,Referral,True
C009239,2023-12-27,Enterprise,DK,Paid Ads,True
C009240,2023-03-29,SMB,IQ,Organic,True
C009241,2023-02-01,SMB,LU,Paid Ads,True
C009242,2022-02-19,SMB,PH,Referral,True
C009243,2024-02-21,SMB,BZ,Organic,True
C009244,2023-05-08,SMB,TV,Paid Ads,True
C009245,2022-01-08,Mid-Market,PT,Paid Ads,True
C009246,2022-06-12,SMB,GB,Referral,True
C009247,2023-02-03,Enterprise,KZ,Paid Ads,True
C009248,2024-08-16,SMB,CO,Organic,False
C009249,2022-02-04,Mid-Market,NA,Referral,True
C009250,2024-01-11,Mid-Market,SI,Partner,False
C009251,2023-05-26,SMB,SZ,Paid Ads,True
C009252,2022-09-15,SMB,DJ,Partner,False
C009253,2024-08-16,Enterprise,LY,Referral,True
C009254,2022-05-08,SMB,DZ,Partner,True
C009255,2023-11-30,Mid-Market,VU,Paid Ads,True
C009256,2024-08-01,SMB,BY,Referral,False
C009257,2024-05-09,SMB,CV,Organic,False
C009258,2024-05-16,Mid-Market,CH,Partner,True
C009259,2023-11-16,SMB,PT,Organic,False
C009260,2023-10-23,Mid-Market,ES,Paid Ads,True
C009261,2024-08-14,Enterprise,AT,Organic,True
C009262,2023-02-04,SMB,DO,Paid Ads,True
C009263,2023-08-11,SMB,PE,Referral,True
C009264,2022-08-05,Mid-Market,NE,Organic,True
C009265,2022-11-16,SMB,BF,Paid Ads,False
C009266,2024-12-17,SMB,SV,Partner,True
C009267,2023-07-14,Enterprise,TR,Paid Ads,True
C009268,2022-12-06,Mid-Market,BA,Partner,False
C009269,2023-11-09,SMB,SZ,Paid Ads,True
C009270,2022-11-15,SMB,GY,Referral,True
C009271,2022-05-21,SMB,KN,Paid Ads,True
C009272,2024-10-27,SMB,SZ,Organic,True
C009273,2023-03-07,Enterprise,AF,Organic,True
C009274,2024-08-04,Enterprise,TG,Organic,True
C009275,2024-09-18,SMB,PS,Paid Ads,True
C009276,2023-06-09,SMB,SR,Organic,True
C009277,2023-04-25,Mid-Market,NO,Partner,True
C009278,2023-06-14,SMB,SM,Partner,False
C009279,2023-10-31,Mid-Market,MH,Organic,False
C009280,2023-03-01,SMB,CG,Paid Ads,True
C009281,2024-01-04,SMB,UG,Referral,True
C009282,2022-02-11,SMB,QA,Organic,True
C009283,2024-08-16,Mid-Market,RO,Partner,False
C009284,2022-06-14,Enterprise,OM,Referral,True
C009285,2024-04-26,SMB,PT,Partner,True
C009286,2022-09-27,Mid-Market,VN,Referral,True
C009287,2024-01-07,Enterprise,CN,Referral,True
C009288,2023-04-23,SMB,MT,Paid Ads,True
C009289,2024-08-03,SMB,RS,Referral,False
C009290,2024-11-10,Enterprise,LS,Organic,True
C009291,2024-11-29,SMB,HT,Paid Ads,True
C009292,2024-03-30,SMB,RS,Organic,True
C009293,2024-04-15,SMB,OM,Partner,True
C009294,2024-10-06,SMB,TO,Organic,True
C009295,2023-08-07,Mid-Market,TV,Organic,True
C009296,2022-07-03,SMB,CU,Referral,True
C009297,2022-03-31,Mid-Market,KI,Organic,True
C009298,2023-05-09,SMB,IT,Referral,True
C009299,2023-02-18,SMB,HN,Organic,False
C009300,2023-07-25,SMB,KG,Paid Ads,True
C009301,2023-02-17,Enterprise,BO,Organic,True
C009302,2023-08-23,SMB,NZ,Organic,True
C009303,2024-02-26,SMB,LU,Referral,True
C009304,2023-10-02,Mid-Market,BO,Paid Ads,True
C009305,2023-06-01,SMB,AR,Referral,False
C009306,2024-12-25,SMB,GA,Referral,True
C009307,2023-03-03,Enterprise,MM,Paid Ads,True
C009308,2024-10-03,Enterprise,MN,Partner,True
C009309,2024-11-19,SMB,NE,Referral,True
C009310,2024-03-29,Mid-Market,GR,Partner,True
C009311,2022-12-06,SMB,CR,Partner,True
C009312,2023-11-28,Mid-Market,BR,Referral,True
C009313,2024-10-04,Mid-Market,LK,Organic,True
C009314,2024-05-01,Mid-Market,BN,Organic,True
C009315,2022-02-28,SMB,SR,Referral,False
C009316,2024-02-06,SMB,MA,Organic,True
C009317,2024-06-13,SMB,SL,Organic,True
C009318,2022-10-15,SMB,TM,Organic,True
C009319,2024-05-29,SMB,NP,Paid Ads,True
C009320,2023-09-21,Enterprise,ME,Organic,True
C009321,2023-04-06,SMB,MY,Paid Ads,True
C009322,2024-06-13,SMB,AD,Paid Ads,True
C009323,2023-05-22,SMB,KP,Paid Ads,True
C009324,2023-10-04,SMB,CG,Paid Ads,False
C009325,2024-01-03,SMB,BE,Paid Ads,True
C009326,2022-08-19,SMB,RU,Partner,True
C009327,2024-09-17,SMB,ZW,Partner,False
C009328,2022-11-13,SMB,MM,Organic,True
C009329,2024-02-19,Mid-Market,IQ,Organic,True
C009330,2022-04-15,Mid-Market,CN,Organic,True
C009331,2022-08-09,SMB,VN,Organic,True
C009332,2024-04-09,SMB,ER,Partner,True
C009333,2022-01-06,SMB,LI,Organic,True
C009334,2022-01-22,Mid-Market,JM,Partner,True
C009335,2023-07-30,SMB,CM,Organic,False
C009336,2024-04-25,Mid-Market,GQ,Referral,True
C009337,2024-04-27,SMB,KG,Referral,True
C009338,2024-05-06,SMB,TR,Paid Ads,True
C009339,2024-08-10,SMB,CH,Paid Ads,True
C009340,2023-12-04,SMB,LK,Partner,True
C009341,2023-07-04,SMB,VC,Paid Ads,True
C009342,2022-11-28,Mid-Market,SR,Referral,True
C009343,2023-02-28,Mid-Market,MD,Referral,True
C009344,2023-04-24,SMB,RS,Paid Ads,False
C009345,2022-05-16,SMB,NA,Referral,True
C009346,2023-09-23,Mid-Market,AU,Paid Ads,True
C009347,2022-08-23,SMB,AE,Referral,True
C009348,2023-11-03,SMB,CM,Partner,True
C009349,2024-11-13,SMB,BH,Organic,True
C009350,2022-09-25,Mid-Market,NG,Partner,False
C009351,2023-03-26,SMB,TH,Paid Ads,True
C009352,2022-06-23,SMB,MK,Paid Ads,True
C009353,2024-12-04,SMB,PT,Organic,False
C009354,2022-01-31,SMB,TL,Referral,False
C009355,2022-05-06,Enterprise,CA,Referral,True
C009356,2022-03-05,SMB,UZ,Paid Ads,True
C009357,2022-05-17,SMB,CF,Paid Ads,False
C009358,2022-12-26,SMB,PS,Partner,True
C009359,2022-06-29,SMB,AT,Organic,True
C009360,2023-06-16,Enterprise,SZ,Partner,True
C009361,2023-09-15,SMB,RO,Partner,True
C009362,2022-06-20,SMB,EG,Partner,True
C009363,2022-03-20,Enterprise,DO,Partner,True
C009364,2022-02-10,SMB,IL,Paid Ads,True
C009365,2024-03-12,Enterprise,GT,Referral,True
C009366,2023-06-12,SMB,IN,Partner,True
C009367,2022-08-16,SMB,VC,Organic,True
C009368,2024-08-21,Enterprise,DZ,Partner,True
C009369,2022-08-08,SMB,AF,Organic,True
C009370,2023-12-20,SMB,CL,Paid Ads,True
C009371,2023-02-13,Mid-Market,MK,Paid Ads,True
C009372,2024-09-21,SMB,PY,Organic,False
C009373,2022-08-04,SMB,DK,Paid Ads,True
C009374,2023-08-16,SMB,MT,Referral,False
C009375,2023-11-28,Mid-Market,LY,Organic,True
C009376,2022-12-29,SMB,AG,Paid Ads,True
C009377,2023-04-06,SMB,RS,Partner,True
C009378,2024-05-11,Mid-Market,GT,Organic,True
C009379,2023-04-10,Enterprise,DO,Referral,True
C009380,2022-06-27,Mid-Market,RU,Partner,False
C009381,2024-11-25,SMB,CV,Organic,True
C009382,2024-02-16,Mid-Market,CZ,Partner,True
C009383,2022-11-09,SMB,SY,Partner,True
C009384,2024-02-17,SMB,SN,Organic,True
C009385,2022-03-10,Mid-Market,GE,Partner,True
C009386,2024-09-17,SMB,AD,Organic,True
C009387,2024-08-16,Mid-Market,BF,Referral,True
C009388,2023-09-13,Enterprise,BT,Paid Ads,True
C009389,2023-09-10,Mid-Market,SR,Paid Ads,True
C009390,2024-02-04,SMB,AU,Paid Ads,True
C009391,2023-07-18,SMB,MK,Partner,True
C009392,2024-06-08,Mid-Market,GQ,Paid Ads,True
C009393,2022-09-24,Mid-Market,GB,Organic,True
C009394,2023-12-22,SMB,RS,Referral,True
C009395,2022-05-20,Mid-Market,CG,Partner,False
C009396,2022-02-03,Enterprise,AG,Partner,False
C009397,2023-12-04,SMB,YE,Organic,True
C009398,2024-04-08,Mid-Market,BY,Organic,True
C009399,2022-12-30,Enterprise,ZW,Organic,False
C009400,2024-05-08,Enterprise,FJ,Paid Ads,True
C009401,2024-08-24,Mid-Market,TT,Referral,True
C009402,2024-02-15,SMB,LI,Referral,True
C009403,2023-09-23,SMB,BD,Partner,True
C009404,2022-11-17,Enterprise,NG,Paid Ads,True
C009405,2022-03-03,SMB,DM,Referral,True
C009406,2023-02-23,Mid-Market,JO,Referral,True
C009407,2022-10-15,SMB,AD,Organic,True
C009408,2024-08-15,Mid-Market,BA,Paid Ads,True
C009409,2023-11-15,Mid-Market,DK,Referral,True
C009410,2022-03-17,Mid-Market,BH,Partner,True
C009411,2022-07-29,Mid-Market,PT,Paid Ads,True
C009412,2023-07-06,SMB,VN,Organic,True
C009413,2024-12-24,SMB,PS,Paid Ads,False
C009414,2024-12-08,Mid-Market,KR,Referral,True
C009415,2023-08-30,Mid-Market,TW,Partner,False
C009416,2023-08-18,SMB,SK,Paid Ads,True
C009417,2022-12-19,SMB,RW,Referral,True
C009418,2023-04-30,SMB,ME,Partner,True
C009419,2024-06-17,Enterprise,CI,Referral,True
C009420,2022-01-24,SMB,NG,Organic,True
C009421,2022-02-22,SMB,GM,Organic,True
C009422,2023-11-08,Mid-Market,BO,Paid Ads,True
C009423,2023-06-02,Mid-Market,SR,Partner,True
C009424,2023-09-08,Enterprise,CM,Paid Ads,True
C009425,2024-06-17,Mid-Market,IS,Organic,True
C009426,2022-05-21,SMB,BI,Partner,True
C009427,2024-05-24,SMB,GD,Paid Ads,True
C009428,2024-07-29,SMB,SG,Referral,True
C009429,2023-01-13,Mid-Market,IE,Paid Ads,True
C009430,2024-03-26,SMB,VC,Referral,True
C009431,2022-10-05,Enterprise,KN,Partner,True
C009432,2023-05-12,SMB,NO,Organic,True
C009433,2024-03-29,SMB,PY,Referral,True
C009434,2023-04-28,Mid-Market,FJ,Paid Ads,True
C009435,2022-03-02,SMB,GA,Organic,True
C009436,2024-06-17,Mid-Market,MU,Paid Ads,True
C009437,2024-04-06,Enterprise,CA,Paid Ads,True
C009438,2022-07-17,SMB,IS,Organic,False
C009439,2022-03-27,SMB,EG,Referral,True
C009440,2023-08-01,SMB,BB,Partner,False
C009441,2024-02-27,SMB,IQ,Paid Ads,False
C009442,2024-04-04,Enterprise,DZ,Partner,True
C009443,2022-10-08,SMB,MG,Partner,True
C009444,2022-09-03,SMB,IR,Partner,True
C009445,2022-12-30,SMB,SL,Organic,False
C009446,2022-10-29,SMB,YE,Partner,True
C009447,2023-09-19,SMB,CG,Referral,True
C009448,2022-11-20,SMB,MK,Paid Ads,True
C009449,2023-11-21,Mid-Market,GT,Organic,True
C009450,2024-03-22,SMB,VU,Partner,True
C009451,2023-11-01,SMB,LK,Organic,True
C009452,2024-09-07,SMB,UY,Referral,False
C009453,2022-12-20,SMB,UG,Organic,False
C009454,2024-09-02,Enterprise,GH,Partner,True
C009455,2022-12-07,SMB,CM,Partner,True
C009456,2024-11-19,SMB,LY,Organic,True
C009457,2023-05-24,SMB,KR,Paid Ads,True
C009458,2023-09-24,SMB,FM,Organic,True
C009459,2024-04-15,SMB,BF,Paid Ads,True
C009460,2024-11-18,Mid-Market,TH,Referral,True
C009461,2024-10-20,SMB,SR,Referral,False
C009462,2023-05-07,SMB,FJ,Referral,True
C009463,2024-04-21,SMB,RW,Partner,True
C009464,2022-12-26,Enterprise,MM,Partner,True
C009465,2022-12-08,SMB,KM,Organic,True
C009466,2024-03-08,Enterprise,TW,Organic,True
C009467,2023-10-03,SMB,SN,Paid Ads,True
C009468,2022-05-03,SMB,CG,Organic,True
C009469,2024-12-25,SMB,SB,Partner,True
C009470,2024-04-25,SMB,SL,Paid Ads,True
C009471,2023-09-18,Mid-Market,GA,Partner,True
C009472,2022-04-26,Enterprise,ST,Organic,True
C009473,2024-07-20,Mid-Market,BE,Referral,True
C009474,2023-09-17,SMB,BA,Organic,True
C009475,2022-05-27,SMB,JM,Organic,True
C009476,2023-06-04,SMB,VC,Organic,True
C009477,2024-06-07,Enterprise,GW,Paid Ads,True
C009478,2024-09-11,SMB,NZ,Paid Ads,True
C009479,2022-12-31,SMB,BB,Referral,False
C009480,2023-10-27,SMB,RS,Referral,False
C009481,2023-10-30,SMB,GB,Referral,True
C009482,2022-10-19,SMB,RU,Paid Ads,True
C009483,2024-07-23,SMB,BH,Organic,True
C009484,2024-05-06,Mid-Market,FM,Partner,True
C009485,2023-08-23,SMB,PL,Referral,True
C009486,2023-06-29,SMB,FI,Referral,False
C009487,2023-05-29,Enterprise,RW,Partner,True
C009488,2023-01-06,SMB,NG,Paid Ads,False
C009489,2024-06-03,SMB,SG,Partner,True
C009490,2023-04-01,SMB,VN,Paid Ads,True
C009491,2024-06-25,SMB,HU,Referral,False
C009492,2023-11-05,SMB,LV,Organic,True
C009493,2023-10-07,Enterprise,JO,Partner,True
C009494,2022-06-13,Mid-Market,GH,Organic,True
C009495,2024-07-23,Mid-Market,BW,Organic,True
C009496,2022-04-24,SMB,DM,Referral,True
C009497,2024-05-24,Mid-Market,ZA,Organic,True
C009498,2024-09-27,SMB,TJ,Partner,True
C009499,2022-06-18,SMB,VN,Partner,False
C009500,2022-04-14,SMB,NE,Organic,True
C009501,2024-06-12,Enterprise,UZ,Paid Ads,True
C009502,2023-04-19,Mid-Market,MD,Partner,True
C009503,2023-11-18,Mid-Market,GR,Paid Ads,True
C009504,2023-10-12,Mid-Market,PL,Partner,True
C009505,2024-02-03,Mid-Market,CM,Organic,True
C009506,2022-01-15,Mid-Market,LC,Paid Ads,False
C009507,2022-06-25,SMB,BG,Referral,True
C009508,2023-03-28,SMB,UG,Paid Ads,True
C009509,2022-01-21,SMB,AO,Referral,False
C009510,2023-08-05,SMB,PW,Partner,True
C009511,2024-02-08,Mid-Market,ER,Organic,True
C009512,2024-12-18,Enterprise,TN,Referral,True
C009513,2024-07-16,Mid-Market,FM,Referral,True
C009514,2022-12-25,SMB,CG,Partner,True
C009515,2023-09-24,SMB,IR,Organic,False
C009516,2022-08-22,SMB,MR,Paid Ads,True
C009517,2024-11-12,Mid-Market,MT,Paid Ads,True
C009518,2022-04-17,Enterprise,AO,Organic,True
C009519,2022-03-06,SMB,KR,Partner,True
C009520,2023-11-15,Enterprise,BO,Referral,True
C009521,2022-08-01,SMB,RS,Partner,True
C009522,2023-06-17,SMB,MV,Organic,True
C009523,2023-05-28,Mid-Market,GA,Paid Ads,True
C009524,2023-06-19,Enterprise,AF,Paid Ads,True
C009525,2024-10-19,Mid-Market,EG,Referral,True
C009526,2022-05-15,Enterprise,PY,Referral,True
C009527,2022-11-19,Enterprise,AM,Paid Ads,True
C009528,2022-03-02,Mid-Market,BW,Organic,True
C009529,2023-04-04,SMB,NP,Referral,True
C009530,2024-12-25,SMB,BB,Organic,False
C009531,2024-12-16,SMB,SA,Paid Ads,True
C009532,2022-05-07,Mid-Market,RS,Partner,True
C009533,2023-12-07,Mid-Market,MC,Organic,True
C009534,2023-06-16,SMB,BZ,Referral,True
C009535,2022-11-16,SMB,ML,Organic,True
C009536,2023-11-07,Enterprise,TT,Referral,True
C009537,2024-05-20,Mid-Market,LS,Paid Ads,True
C009538,2024-07-29,SMB,VE,Partner,False
C009539,2024-05-06,Mid-Market,HT,Organic,True
C009540,2022-11-08,SMB,KH,Referral,False
C009541,2022-05-23,SMB,IR,Organic,True
C009542,2024-05-26,SMB,MW,Partner,True
C009543,2022-11-22,SMB,PS,Partner,True
C009544,2022-03-03,SMB,SM,Partner,True
C009545,2022-05-31,Enterprise,CU,Partner,True
C009546,2024-04-09,SMB,NP,Referral,False
C009547,2023-06-13,SMB,DO,Partner,False
C009548,2022-09-26,Mid-Market,KR,Referral,True
C009549,2024-11-10,SMB,AL,Paid Ads,True
C009550,2022-10-06,SMB,GR,Referral,False
C009551,2022-02-02,SMB,ID,Paid Ads,True
C009552,2024-09-25,SMB,VA,Paid Ads,True
C009553,2022-05-29,SMB,GB,Organic,True
C009554,2024-02-08,SMB,AM,Partner,True
C009555,2023-01-05,SMB,CD,Partner,True
C009556,2023-03-05,SMB,RO,Partner,False
C009557,2024-03-02,SMB,BI,Partner,True
C009558,2024-01-24,SMB,KI,Referral,True
C009559,2023-05-13,SMB,IE,Referral,True
C009560,2024-12-19,Mid-Market,TW,Paid Ads,True
C009561,2023-08-16,SMB,CU,Referral,False
C009562,2024-01-24,SMB,ET,Partner,True
C009563,2024-09-23,Mid-Market,CD,Paid Ads,True
C009564,2024-10-21,SMB,CI,Referral,True
C009565,2022-12-13,SMB,IR,Paid Ads,True
C009566,2024-01-18,SMB,AG,Partner,True
C009567,2023-09-01,SMB,SK,Organic,True
C009568,2022-05-07,SMB,SG,Paid Ads,True
C009569,2023-06-11,SMB,CL,Referral,True
C009570,2023-07-13,SMB,LK,Paid Ads,True
C009571,2023-04-12,SMB,TH,Partner,False
C009572,2023-07-30,SMB,NP,Partner,False
C009573,2022-11-29,SMB,OM,Paid Ads,False
C009574,2024-05-13,Mid-Market,MK,Referral,True
C009575,2022-04-13,SMB,KR,Paid Ads,True
C009576,2024-05-28,SMB,TM,Partner,True
C009577,2022-11-08,SMB,GY,Partner,True
C009578,2024-05-06,Enterprise,CA,Partner,False
C009579,2022-02-13,SMB,CA,Referral,False
C009580,2024-05-03,SMB,LA,Organic,True
C009581,2022-10-02,SMB,BO,Organic,True
C009582,2024-12-26,Mid-Market,TR,Paid Ads,False
C009583,2022-04-07,Enterprise,BD,Paid Ads,True
C009584,2022-05-19,SMB,SL,Paid Ads,True
C009585,2024-10-27,SMB,KI,Paid Ads,True
C009586,2023-12-23,SMB,KZ,Organic,False
C009587,2024-06-27,SMB,MM,Paid Ads,True
C009588,2023-01-30,Enterprise,ZM,Referral,True
C009589,2022-07-27,Mid-Market,TO,Organic,True
C009590,2024-04-05,SMB,CR,Referral,True
C009591,2024-04-08,SMB,CI,Referral,False
C009592,2023-05-31,SMB,LS,Partner,True
C009593,2022-12-15,SMB,NE,Organic,True
C009594,2022-02-27,SMB,ML,Organic,True
C009595,2022-07-23,Mid-Market,CO,Referral,True
C009596,2024-12-28,Enterprise,FJ,Paid Ads,True
C009597,2023-11-03,SMB,VU,Organic,True
C009598,2024-08-18,Mid-Market,SI,Partner,True
C009599,2024-09-28,Mid-Market,SG,Partner,True
C009600,2024-02-08,Enterprise,SL,Partner,False
C009601,2024-03-09,Mid-Market,DO,Referral,True
C009602,2024-10-13,Mid-Market,TW,Partner,True
C009603,2022-03-08,Mid-Market,MY,Organic,False
C009604,2022-08-25,SMB,TJ,Referral,True
C009605,2022-06-19,Enterprise,CO,Partner,True
C009606,2022-05-17,SMB,HT,Partner,True
C009607,2024-06-06,Mid-Market,SG,Organic,True
C009608,2024-06-13,Mid-Market,HT,Paid Ads,True
C009609,2024-10-28,Enterprise,DZ,Referral,True
C009610,2024-08-24,SMB,SO,Organic,True
C009611,2022-10-14,Mid-Market,LK,Organic,True
C009612,2023-08-28,SMB,ER,Organic,True
C009613,2022-10-10,SMB,KN,Paid Ads,False
C009614,2023-12-13,SMB,BZ,Paid Ads,True
C009615,2022-12-16,SMB,MV,Paid Ads,True
C009616,2023-07-13,SMB,ML,Paid Ads,True
C009617,2022-03-03,SMB,LS,Partner,True
C009618,2023-12-05,SMB,UZ,Partner,True
C009619,2022-01-16,Enterprise,JO,Organic,True
C009620,2022-02-02,Mid-Market,LY,Partner,True
C009621,2024-02-15,SMB,PK,Partner,False
C009622,2022-07-19,Mid-Market,NE,Partner,True
C009623,2024-01-03,SMB,RO,Partner,True
C009624,2022-03-07,SMB,UG,Paid Ads,True
C009625,2022-01-31,Enterprise,SN,Organic,True
C009626,2024-12-22,SMB,LK,Organic,True
C009627,2022-11-05,SMB,KZ,Referral,True
C009628,2023-06-27,SMB,PL,Paid Ads,False
C009629,2022-03-12,Enterprise,BS,Paid Ads,True
C009630,2023-12-14,SMB,AT,Partner,False
C009631,2024-06-18,SMB,PG,Referral,True
C009632,2022-06-01,SMB,SK,Organic,False
C009633,2024-07-28,SMB,TM,Partner,True
C009634,2023-05-06,SMB,BN,Referral,True
C009635,2022-11-10,SMB,KR,Referral,False
C009636,2023-02-13,Mid-Market,TD,Organic,True
C009637,2024-06-10,Enterprise,MA,Organic,False
C009638,2024-06-22,SMB,BT,Partner,True
C009639,2024-12-18,SMB,PE,Paid Ads,False
C009640,2024-06-11,SMB,BF,Paid Ads,True
C009641,2022-09-09,SMB,GW,Partner,True
C009642,2023-03-22,SMB,RU,Partner,True
C009643,2022-03-26,SMB,QA,Paid Ads,False
C009644,2024-12-06,SMB,VU,Referral,True
C009645,2024-10-12,SMB,KW,Partner,True
C009646,2023-01-20,Mid-Market,TN,Referral,True
C009647,2024-12-24,Enterprise,SD,Organic,True
C009648,2024-09-03,Enterprise,SL,Paid Ads,True
C009649,2022-07-01,Enterprise,GR,Referral,True
C009650,2023-02-23,SMB,BT,Paid Ads,True
C009651,2024-04-22,SMB,ZM,Partner,False
C009652,2022-11-01,SMB,GW,Organic,False
C009653,2024-03-27,Mid-Market,DZ,Partner,True
C009654,2024-02-06,SMB,IN,Paid Ads,True
C009655,2023-05-18,Mid-Market,NG,Paid Ads,True
C009656,2023-03-02,SMB,BN,Paid Ads,True
C009657,2023-05-29,SMB,SV,Paid Ads,False
C009658,2024-09-17,SMB,ET,Paid Ads,True
C009659,2022-08-14,SMB,DO,Paid Ads,True
C009660,2024-05-31,SMB,IR,Referral,True
C009661,2024-07-30,Mid-Market,SO,Referral,True
C009662,2023-06-27,Mid-Market,ST,Referral,True
C009663,2023-09-18,Enterprise,TD,Partner,False
C009664,2024-09-14,Mid-Market,SD,Paid Ads,True
C009665,2024-06-26,SMB,SB,Organic,True
C009666,2023-12-13,SMB,SI,Paid Ads,False
C009667,2022-11-25,Enterprise,UY,Partner,True
C009668,2023-01-01,SMB,CF,Organic,True
C009669,2023-07-06,SMB,DK,Paid Ads,True
C009670,2023-09-07,SMB,IQ,Organic,True
C009671,2023-12-28,Mid-Market,TZ,Referral,True
C009672,2023-06-25,SMB,RU,Paid Ads,True
C009673,2024-06-14,Mid-Market,MW,Referral,True
C009674,2023-02-03,Enterprise,EG,Paid Ads,True
C009675,2022-11-07,Enterprise,GE,Paid Ads,True
C009676,2024-11-28,SMB,IS,Organic,True
C009677,2023-08-17,Mid-Market,BH,Organic,False
C009678,2024-07-01,SMB,LS,Organic,True
C009679,2023-08-09,SMB,PA,Paid Ads,True
C009680,2024-09-09,SMB,DM,Organic,True
C009681,2024-12-17,Mid-Market,TO,Paid Ads,False
C009682,2022-11-25,SMB,HU,Referral,True
C009683,2023-02-27,SMB,LU,Referral,True
C009684,2023-08-28,SMB,JP,Partner,True
C009685,2023-02-08,SMB,SV,Organic,True
C009686,2024-01-25,SMB,BW,Organic,True
C009687,2022-01-01,SMB,PL,Organic,True
C009688,2022-11-13,Enterprise,KZ,Partner,True
C009689,2022-01-12,SMB,DZ,Paid Ads,True
C009690,2024-06-04,SMB,VN,Referral,True
C009691,2024-11-10,SMB,CI,Paid Ads,True
C009692,2022-04-30,Mid-Market,CG,Paid Ads,True
C009693,2024-08-01,Mid-Market,TZ,Referral,True
C009694,2024-06-02,Enterprise,KR,Referral,True
C009695,2023-03-17,SMB,GW,Organic,True
C009696,2022-02-08,Enterprise,TR,Referral,True
C009697,2023-01-04,Enterprise,US,Partner,True
C009698,2023-01-01,SMB,SE,Organic,True
C009699,2023-08-25,SMB,PG,Paid Ads,True
C009700,2023-07-22,SMB,CN,Organic,True
C009701,2023-04-15,Enterprise,KP,Partner,True
C009702,2022-01-17,SMB,IE,Organic,True
C009703,2024-06-20,Mid-Market,BE,Referral,True
C009704,2024-12-22,SMB,NZ,Referral,True
C009705,2023-05-08,Enterprise,MU,Referral,True
C009706,2022-06-23,SMB,BF,Partner,False
C009707,2023-02-18,SMB,NO,Organic,True
C009708,2024-07-07,SMB,EG,Paid Ads,True
C009709,2024-12-21,Enterprise,IQ,Referral,True
C009710,2023-09-01,SMB,MC,Organic,False
C009711,2024-12-02,SMB,DM,Paid Ads,True
C009712,2024-05-18,Mid-Market,ME,Paid Ads,True
C009713,2024-03-13,Mid-Market,KG,Organic,True
C009714,2023-10-15,SMB,TT,Paid Ads,True
C009715,2024-12-24,SMB,LS,Partner,True
C009716,2022-06-05,SMB,ID,Paid Ads,False
C009717,2024-01-24,SMB,GH,Referral,True
C009718,2022-05-13,SMB,CO,Organic,False
C009719,2024-05-13,SMB,WS,Paid Ads,True
C009720,2022-08-29,SMB,AO,Referral,True
C009721,2022-01-21,SMB,GD,Referral,True
C009722,2024-08-14,SMB,KI,Paid Ads,True
C009723,2023-10-31,SMB,LU,Referral,True
C009724,2024-08-13,SMB,NR,Referral,False
C009725,2023-06-03,SMB,ME,Partner,True
C009726,2023-07-20,SMB,AU,Paid Ads,True
C009727,2022-10-25,SMB,VU,Organic,False
C009728,2024-04-07,Enterprise,KW,Organic,True
C009729,2023-04-02,SMB,LR,Partner,False
C009730,2024-11-17,SMB,TH,Organic,False
C009731,2024-11-05,SMB,VU,Organic,True
C009732,2022-09-23,SMB,MD,Paid Ads,True
C009733,2023-10-17,Enterprise,GQ,Organic,True
C009734,2023-06-16,Mid-Market,AO,Referral,True
C009735,2022-03-02,Enterprise,MM,Partner,True
C009736,2022-09-10,Enterprise,ZM,Organic,True
C009737,2022-12-27,SMB,TV,Paid Ads,False
C009738,2024-10-09,SMB,SG,Paid Ads,True
C009739,2024-12-12,SMB,AR,Paid Ads,True
C009740,2022-09-20,SMB,UZ,Referral,False
C009741,2022-06-09,Enterprise,SK,Organic,False
C009742,2023-09-06,SMB,ET,Referral,True
C009743,2024-05-16,SMB,BN,Organic,True
C009744,2023-04-05,SMB,VC,Partner,True
C009745,2022-09-18,SMB,GY,Partner,True
C009746,2022-09-17,SMB,AR,Referral,True
C009747,2023-01-06,Enterprise,UG,Paid Ads,True
C009748,2024-03-22,Mid-Market,MG,Referral,False
C009749,2024-09-30,Mid-Market,CN,Referral,True
C009750,2023-01-31,SMB,NZ,Paid Ads,True
C009751,2023-02-01,SMB,TZ,Partner,False
C009752,2022-10-28,Mid-Market,RO,Partner,True
C009753,2024-03-30,Enterprise,BB,Partner,True
C009754,2022-05-23,Enterprise,SG,Referral,True
C009755,2022-11-29,SMB,SY,Paid Ads,True
C009756,2022-05-23,Enterprise,HT,Partner,True
C009757,2022-01-24,Enterprise,VE,Partner,True
C009758,2024-05-20,Enterprise,LR,Partner,True
C009759,2024-12-04,SMB,AM,Organic,True
C009760,2023-07-18,Mid-Market,LA,Organic,True
C009761,2024-11-09,SMB,UY,Paid Ads,False
C009762,2023-05-28,Mid-Market,KG,Paid Ads,True
C009763,2023-05-01,Mid-Market,IT,Organic,True
C009764,2023-11-13,SMB,SV,Partner,True
C009765,2022-09-16,Enterprise,ES,Paid Ads,True
C009766,2024-09-08,Mid-Market,LV,Organic,True
C009767,2023-03-27,SMB,ES,Partner,True
C009768,2024-08-16,Enterprise,MT,Referral,True
C009769,2023-05-21,SMB,MD,Organic,False
C009770,2024-08-23,Enterprise,NP,Referral,True
C009771,2023-12-09,SMB,HR,Organic,True
C009772,2022-09-30,Mid-Market,NE,Partner,True
C009773,2023-10-09,SMB,KI,Paid Ads,True
C009774,2022-11-05,SMB,YE,Organic,True
C009775,2023-12-27,Mid-Market,SE,Partner,True
C009776,2023-06-12,Mid-Market,MH,Organic,True
C009777,2022-07-11,SMB,EG,Organic,True
C009778,2023-04-21,SMB,NO,Referral,True
C009779,2023-09-01,SMB,VA,Partner,True
C009780,2023-06-15,Mid-Market,TL,Organic,True
C009781,2024-07-05,Mid-Market,NO,Paid Ads,True
C009782,2022-01-26,Mid-Market,IE,Paid Ads,True
C009783,2022-08-18,Mid-Market,TG,Partner,True
C009784,2024-07-13,Mid-Market,GD,Paid Ads,True
C009785,2024-05-21,SMB,SL,Partner,True
C009786,2023-02-01,SMB,CU,Partner,False
C009787,2023-07-23,SMB,TN,Referral,False
C009788,2022-01-19,SMB,GT,Organic,True
C009789,2024-11-17,SMB,KH,Referral,False
C009790,2022-08-27,Mid-Market,SR,Organic,True
C009791,2023-10-16,SMB,TT,Partner,True
C009792,2022-06-16,SMB,TD,Partner,False
C009793,2022-07-26,SMB,BE,Paid Ads,True
C009794,2023-07-31,SMB,PW,Paid Ads,True
C009795,2022-11-19,Mid-Market,KR,Paid Ads,True
C009796,2024-07-11,SMB,DK,Referral,True
C009797,2024-11-27,Mid-Market,PS,Organic,True
C009798,2024-10-10,SMB,SD,Organic,True
C009799,2022-09-04,SMB,PH,Referral,True
C009800,2024-05-17,SMB,CA,Paid Ads,True
C009801,2024-12-29,SMB,TN,Partner,False
C009802,2023-01-19,SMB,IN,Partner,False
C009803,2024-06-17,SMB,NI,Referral,True
C009804,2023-08-19,SMB,FR,Paid Ads,True
C009805,2023-07-31,Mid-Market,TZ,Partner,True
C009806,2023-11-04,SMB,TJ,Paid Ads,True
C009807,2023-10-26,SMB,NR,Paid Ads,True
C009808,2022-10-12,Enterprise,IQ,Referral,True
C009809,2022-12-06,SMB,LR,Partner,True
C009810,2023-06-14,SMB,CH,Paid Ads,False
C009811,2024-08-12,SMB,PL,Organic,True
C009812,2022-04-02,SMB,DE,Paid Ads,True
C009813,2024-04-04,SMB,PW,Partner,True
C009814,2022-11-19,Mid-Market,SM,Referral,True
C009815,2022-04-15,SMB,BA,Partner,True
C009816,2022-06-20,Mid-Market,AT,Partner,True
C009817,2023-09-23,Mid-Market,NR,Partner,True
C009818,2023-10-22,SMB,AF,Paid Ads,True
C009819,2022-04-09,Enterprise,MX,Partner,True
C009820,2023-07-06,Enterprise,LT,Referral,True
C009821,2024-10-04,Mid-Market,IN,Organic,True
C009822,2024-12-18,Mid-Market,SC,Paid Ads,True
C009823,2023-07-09,Mid-Market,UG,Organic,True
C009824,2023-11-26,SMB,EG,Organic,True
C009825,2022-09-13,Mid-Market,MN,Partner,True
C009826,2023-02-09,Mid-Market,PL,Organic,True
C009827,2023-12-26,Enterprise,GT,Paid Ads,True
C009828,2022-09-13,Mid-Market,MT,Paid Ads,True
C009829,2024-06-08,SMB,DK,Partner,True
C009830,2024-03-03,SMB,BY,Organic,True
C009831,2023-11-02,SMB,PW,Paid Ads,True
C009832,2024-09-22,SMB,PK,Referral,False
C009833,2022-06-10,SMB,LK,Partner,True
C009834,2023-05-15,SMB,CZ,Paid Ads,False
C009835,2022-11-07,SMB,BT,Partner,False
C009836,2023-04-22,SMB,IL,Paid Ads,True
C009837,2022-01-07,Mid-Market,SN,Partner,True
C009838,2023-04-12,SMB,AD,Partner,True
C009839,2023-01-07,SMB,MA,Paid Ads,True
C009840,2023-04-22,SMB,AF,Paid Ads,True
C009841,2023-02-02,Mid-Market,ZW,Partner,True
C009842,2023-01-06,Enterprise,MM,Referral,True
C009843,2023-07-22,SMB,KI,Referral,True
C009844,2023-07-28,Mid-Market,SA,Partner,False
C009845,2024-08-20,SMB,KP,Partner,True
C009846,2024-06-04,Mid-Market,SO,Referral,True
C009847,2024-06-26,SMB,KN,Referral,True
C009848,2024-09-05,SMB,GW,Partner,True
C009849,2022-01-27,SMB,NI,Paid Ads,True
C009850,2023-04-22,Enterprise,PK,Paid Ads,True
C009851,2023-11-08,SMB,VA,Organic,True
C009852,2022-09-06,SMB,PA,Organic,False
C009853,2022-05-11,Mid-Market,SA,Partner,True
C009854,2023-04-08,Enterprise,JO,Paid Ads,True
C009855,2023-11-13,SMB,DK,Organic,True
C009856,2023-10-28,Mid-Market,NP,Organic,False
C009857,2022-01-15,SMB,BS,Referral,True
C009858,2022-02-12,SMB,MK,Partner,True
C009859,2024-03-08,Enterprise,LK,Referral,True
C009860,2022-10-12,Enterprise,MR,Paid Ads,True
C009861,2023-04-14,SMB,CV,Paid Ads,True
C009862,2023-01-06,Mid-Market,RW,Partner,True
C009863,2023-11-22,Mid-Market,SN,Partner,True
C009864,2023-06-18,SMB,GM,Partner,True
C009865,2024-05-28,SMB,EE,Partner,False
C009866,2024-12-24,SMB,EC,Partner,True
C009867,2023-09-18,Mid-Market,ME,Organic,True
C009868,2022-09-04,SMB,SN,Paid Ads,True
C009869,2024-03-13,SMB,PS,Organic,False
C009870,2023-08-19,Mid-Market,ML,Referral,True
C009871,2022-03-06,SMB,BI,Paid Ads,True
C009872,2022-09-07,Mid-Market,ME,Partner,True
C009873,2023-06-27,Enterprise,TM,Referral,True
C009874,2022-10-07,SMB,ET,Paid Ads,True
C009875,2022-11-15,SMB,CR,Paid Ads,False
C009876,2024-05-15,SMB,MH,Organic,False
C009877,2023-01-17,SMB,LR,Organic,True
C009878,2024-09-20,Enterprise,DZ,Referral,True
C009879,2024-11-18,SMB,KM,Referral,True
C009880,2022-03-16,Mid-Market,BT,Paid Ads,True
C009881,2023-01-20,Mid-Market,GM,Referral,True
C009882,2022-06-14,SMB,ZA,Organic,True
C009883,2023-05-30,SMB,BA,Organic,True
C009884,2024-10-18,SMB,PG,Referral,False
C009885,2022-12-14,SMB,MU,Organic,True
C009886,2024-04-15,Enterprise,BN,Partner,True
C009887,2023-06-27,Mid-Market,MK,Paid Ads,True
C009888,2024-06-14,Mid-Market,BB,Organic,True
C009889,2024-06-17,Enterprise,GE,Paid Ads,True
C009890,2024-08-04,SMB,CF,Organic,True
C009891,2024-11-28,Enterprise,LK,Partner,True
C009892,2022-08-12,SMB,VC,Organic,True
C009893,2024-09-15,Mid-Market,MY,Partner,True
C009894,2024-05-15,Mid-Market,IR,Partner,True
C009895,2023-11-09,Mid-Market,LA,Referral,False
C009896,2023-01-18,SMB,ZA,Organic,True
C009897,2023-10-24,SMB,NI,Paid Ads,True
C009898,2024-11-29,SMB,JM,Organic,True
C009899,2024-06-02,SMB,AT,Paid Ads,False
C009900,2023-02-22,Enterprise,GT,Organic,False
C009901,2023-01-12,Enterprise,BN,Partner,True
C009902,2024-11-29,SMB,BF,Referral,False
C009903,2023-07-03,SMB,SI,Partner,True
C009904,2024-04-23,Enterprise,UA,Paid Ads,True
C009905,2023-12-15,SMB,PY,Referral,True
C009906,2022-04-18,SMB,UA,Organic,True
C009907,2023-05-26,Mid-Market,IS,Paid Ads,False
C009908,2022-11-05,SMB,BD,Paid Ads,False
C009909,2022-11-03,Enterprise,PH,Partner,False
C009910,2024-01-06,SMB,GR,Paid Ads,True
C009911,2024-09-23,SMB,ER,Organic,True
C009912,2024-12-14,Mid-Market,BH,Partner,False
C009913,2022-10-23,SMB,SD,Organic,True
C009914,2022-04-11,SMB,AL,Referral,True
C009915,2023-03-28,SMB,ST,Paid Ads,True
C009916,2024-06-02,Mid-Market,LC,Partner,False
C009917,2023-03-22,SMB,MG,Partner,False
C009918,2024-02-28,SMB,LT,Organic,False
C009919,2022-08-29,Mid-Market,PL,Partner,True
C009920,2024-10-15,Mid-Market,AD,Organic,True
C009921,2022-01-02,Mid-Market,NZ,Partner,True
C009922,2022-11-16,Mid-Market,TZ,Partner,True
C009923,2023-02-10,SMB,SM,Organic,True
C009924,2022-05-13,SMB,SV,Paid Ads,True
C009925,2023-05-05,SMB,ML,Referral,False
C009926,2024-04-30,SMB,TW,Partner,True
C009927,2023-11-17,SMB,TH,Partner,True
C009928,2023-10-04,Mid-Market,PE,Partner,True
C009929,2024-11-02,SMB,KE,Referral,True
C009930,2024-02-12,SMB,WS,Paid Ads,True
C009931,2023-05-07,SMB,KI,Partner,False
C009932,2023-06-23,SMB,NZ,Referral,False
C009933,2023-11-14,SMB,TM,Referral,False
C009934,2024-08-15,Enterprise,DJ,Organic,True
C009935,2024-10-18,Mid-Market,PW,Organic,False
C009936,2022-04-03,SMB,VN,Organic,True
C009937,2024-01-04,Mid-Market,AL,Referral,True
C009938,2023-03-15,SMB,PT,Referral,True
C009939,2024-09-22,SMB,DZ,Organic,True
C009940,2023-10-03,SMB,AU,Partner,True
C009941,2022-09-12,Mid-Market,EC,Partner,False
C009942,2022-05-14,Enterprise,MZ,Partner,False
C009943,2024-08-03,SMB,ET,Organic,True
C009944,2023-07-31,Enterprise,KZ,Partner,True
C009945,2022-04-07,SMB,CU,Organic,True
C009946,2023-04-09,SMB,BN,Partner,True
C009947,2024-12-18,Mid-Market,US,Partner,True
C009948,2023-11-27,Mid-Market,ME,Referral,True
C009949,2024-03-21,SMB,DK,Paid Ads,True
C009950,2023-05-29,Enterprise,KH,Referral,True
C009951,2022-05-11,Enterprise,BE,Referral,True
C009952,2022-03-25,Mid-Market,NP,Partner,True
C009953,2022-12-15,SMB,TT,Referral,True
C009954,2024-05-23,SMB,BG,Referral,False
C009955,2022-10-05,SMB,DO,Partner,True
C009956,2024-06-13,Mid-Market,GA,Partner,True
C009957,2023-02-25,Mid-Market,TJ,Partner,True
C009958,2022-06-02,Enterprise,AG,Paid Ads,True
C009959,2023-07-05,Mid-Market,PG,Partner,True
C009960,2024-03-19,SMB,GD,Referral,True
C009961,2022-06-21,SMB,UZ,Organic,True
C009962,2023-10-16,Mid-Market,UG,Referral,True
C009963,2024-06-15,SMB,NP,Organic,True
C009964,2022-06-14,Mid-Market,NO,Referral,True
C009965,2023-10-24,SMB,MG,Partner,True
C009966,2023-12-26,Mid-Market,MD,Organic,True
C009967,2023-12-22,SMB,PG,Partner,False
C009968,2023-06-16,SMB,MG,Organic,True
C009969,2022-02-15,Mid-Market,UA,Organic,False
C009970,2024-11-22,SMB,CR,Organic,False
C009971,2024-02-09,SMB,LC,Paid Ads,True
C009972,2023-03-28,Mid-Market,GN,Partner,True
C009973,2023-08-23,SMB,ES,Organic,False
C009974,2022-02-11,SMB,PT,Referral,True
C009975,2022-12-20,SMB,NE,Paid Ads,False
C009976,2023-06-23,SMB,BO,Paid Ads,True
C009977,2022-02-06,SMB,DM,Organic,True
C009978,2022-07-30,SMB,GE,Referral,True
C009979,2022-11-14,SMB,AE,Partner,True
C009980,2024-08-29,Mid-Market,NR,Referral,True
C009981,2024-06-14,SMB,BZ,Referral,True
C009982,2023-02-28,SMB,GM,Referral,True
C009983,2022-11-26,SMB,TO,Referral,True
C009984,2022-06-14,SMB,IR,Paid Ads,True
C009985,2024-04-02,Mid-Market,LA,Partner,True
C009986,2022-11-30,Mid-Market,FJ,Partner,True
C009987,2024-12-12,SMB,MG,Paid Ads,True
C009988,2023-04-15,Enterprise,TR,Paid Ads,False
C009989,2023-11-08,SMB,RU,Paid Ads,True
C009990,2024-10-01,Mid-Market,PG,Referral,True
C009991,2022-09-25,Mid-Market,PL,Organic,True
C009992,2023-02-09,SMB,US,Organic,True
C009993,2022-06-27,Mid-Market,KW,Partner,True
C009994,2022-01-05,SMB,IE,Referral,False
C009995,2024-07-16,SMB,EC,Referral,True
C009996,2024-03-09,Enterprise,AG,Partner,True
C009997,2024-09-11,Enterprise,AE,Paid Ads,True
C009998,2024-01-26,SMB,VA,Referral,True
C009999,2023-09-06,SMB,IS,Referral,False
